id,instance,notes,type,status,inputs (#post),outputs (#pre),NO #post,NO #pre,FB #post,FB #pre,#voxels
329566174,OA-VPM3(NO2/NO3)_R,,OA-VPM3,Traced,10075,8632,300,198,3576,2111,6917059458
387023620,PEN_b(PB06b)_L4,PEN2,PEN_b(PEN2),Traced,1713,343,365,105,3,2,686693145
417998204,PFNv(PB05)_R4_C7,PFNv,PFNv,Traced,999,229,606,125,66,78,476702093
446714544,PFNd(PB04)_L5_C4,PFNd,PFNd,Traced,1407,310,538,94,328,215,488272608
478077561,PFNa(PB03)_L4_C3,PFNa,PFNa,Traced,617,118,228,43,37,74,331399103
478427368,PFNv(PB05)_L5_C4,PFNv,PFNv,Traced,985,297,516,133,81,110,549640572
509410587,PEN_a(PB06a)_R4,PEN1,PEN_a(PEN1),Traced,1556,428,474,133,,1,801363719
519046655,FB1H(NO2/3)_L,CRENO23FB1-4,FB1H,Traced,7950,3818,809,341,3971,2823,3103732460
539810773,PFNa(PB03)_L4_C3,PFNa,PFNa,Traced,585,102,249,40,37,62,300703583
540493022,PFNa(PB03)_L4_C3,PFNa,PFNa,Traced,594,125,311,52,32,73,295161410
541119189,PFNa(PB03)_R4_C7,PFNa,PFNa,Traced,645,118,292,53,40,64,347051058
569481415,PFNa(PB03)_L5_C4,PFNa,PFNa,Traced,890,194,454,68,55,123,506958053
570185174,PFNa(PB03)_L7_C6,PFNa,PFNa,Traced,820,203,515,74,38,125,519425583
570518166,PFNa(PB03)_L7_C6,PFNa,PFNa,Traced,520,147,284,41,43,104,414900048
571826184,PFNp_a(PB01a)_R3_C8,PFNp_a,PFNp_a,Traced,277,74,132,32,28,38,190747929
572166953,PFNp_b(PB01b)_R3_C8,PFNp_b,PFNp_b,Traced,213,54,113,24,21,30,176173193
572167406,PFNp_a(PB01a)_R2_C9,PFNp_a,PFNp_a,Traced,262,63,122,30,19,30,161518101
572167413,PFNp_b(PB01b)_R3_C8,PFNp_b,PFNp_b,Traced,296,70,164,32,32,38,177049794
572494993,PFNv(PB05)_R4_C7,PFNv,PFNv,Traced,887,211,524,112,41,66,410291839
579268807,FB1C(NO1/NO3)_R,LALNOmFB1,FB1C,Traced,3282,1356,403,177,1101,873,1823088730
601120917,PFNv(PB05)_R6_C5,PFNv,PFNv,Traced,935,249,473,139,41,66,324848103
601216096,PFNa(PB03)_L6_C5,PFNa,PFNa,Traced,470,116,244,44,33,72,313061051
601557317,PFNv(PB05)_L6_C5,PFNv,PFNv,Traced,560,216,366,99,53,80,358469624
602502825,vDeltaM_C7,FB1vD0FB4,vDeltaM,Traced,171,22,11,,157,22,123582351
604242162,PFNv(PB05)_L2_C1,PFNv,PFNv,Traced,1137,327,552,147,122,131,602925629
632155800,PFNv(PB05)_R6_C5,PFNv,PFNv,Traced,1042,258,609,146,49,78,458330645
632229278,PFNd(PB04)_L5_C4,PFNd,PFNd,Traced,1425,294,456,79,360,215,651552729
632259507,PFNp_b(PB01b)_L6_C5,PFNp_b,PFNp_b,Traced,148,48,96,23,15,24,124912295
632600726,PFNm_a(PB02a)_L6_C5,PFNm_a,PFNm_a,Traced,492,99,312,39,54,57,218388914
632911211,PFNp_c(PB01c)_L4_C3,PFNp_c,PFNp_c,Traced,584,96,308,39,145,57,251718573
632915714,PFNm_a(PB02a)_L4_C3,PFNm_a,PFNm_a,Traced,626,95,372,37,46,56,246213024
633200861,PFNp_a(PB01a)_R4_C7,PFNp_a,PFNp_a,Traced,153,38,82,15,20,23,117650327
633200871,PFNp_b(PB01b)_R4_C7,PFNp_b,PFNp_b,Traced,159,43,102,22,13,20,147362152
633200987,PFNp_b(PB01b)_R4_C7,PFNp_b,PFNp_b,Traced,191,54,103,27,15,27,154184461
633201022,PFNp_b(PB01b)_R4_C7,PFNp_b,PFNp_b,Traced,167,47,93,20,25,23,138906992
633541717,PFNp_a(PB01a)_R4_C7,PFNp_a,PFNp_a,Traced,143,36,97,14,16,21,133694712
633895972,PFNm_b(PB02b)_R3_C8,PFNm_b,PFNm_b,Traced,552,131,176,34,198,97,288254893
633943192,PFNd(PB04)_L4_C3,PFNd,PFNd,Traced,1133,197,405,75,176,121,471084398
662840966,PFNm_b(PB02b)_R6_C5,PFNm_b,PFNm_b,Traced,372,83,148,30,91,52,169771582
662845370,PFNm_b(PB02b)_R6_C5,PFNm_b,PFNm_b,Traced,402,77,208,25,65,49,199812604
662966385,PFNm_b(PB02b)_L6_C5,PFNm_b,PFNm_b,Traced,300,85,162,33,58,49,208563249
663225743,PFNm_a(PB02a)_R2_C9,PFNm_a,PFNm_a,Traced,549,96,379,43,55,53,238353791
663298610,PFNd(PB04)_L6_C5,,PFNd,Traced,709,183,323,53,187,127,403942805
663558074,PFNa(PB03)_R5_C6,PFNa,PFNa,Traced,860,172,453,61,53,111,498211812
663898692,PFNa(PB03)_R4_C7,PFNa,PFNa,Traced,487,108,238,47,32,61,304906560
663950556,vDeltaM_C3,FB1vD0FB4,vDeltaM,Traced,188,27,7,,178,27,126205182
663950729,PFNm_b(PB02b)_L4_C3,PFNm_b,PFNm_b,Traced,486,93,235,34,88,58,224974171
664235541,PFNd(PB04)_R4_C6,,PFNd,Traced,1046,201,404,73,232,128,469484154
664313308,PFNp_a(PB01a)_L6_C5,PFNp_a,PFNp_a,Traced,183,57,118,27,15,27,75752334
664632485,PFNp_b(PB01b)_L4_C3,PFNp_b,PFNp_b,Traced,203,50,97,25,12,25,84320098
692852666,PFNa(PB03)_R7_C4,PFNa,PFNa,Traced,721,140,436,80,31,60,245535626
692857189,PFNp_c(PB01c)_R7_C4,PFNp_c,PFNp_c,Traced,624,118,429,49,38,69,300907302
693651381,PFNp_c(PB01c)_L7_C6,PFNp_c,PFNp_c,Traced,365,90,265,33,34,55,230082549
693755250,PEN_b(PB06b)_R7,PEN2,PEN_b(PEN2),Traced,1890,432,386,88,4,16,916318576
693979726,PFNp_e(PB01a)_L7_C6,PFNp_e,PFNp_e,Traced,326,78,218,37,22,40,207682939
694665957,PFNp_a(PB01a)_L6_C5,PFNp_a,PFNp_a,Traced,126,34,84,17,12,17,116722412
694666271,PFNp_a(PB01a)_L6_C5,PFNp_a,PFNp_a,Traced,125,37,79,15,15,22,121897260
694670373,PFNp_a(PB01a)_L6_C5,PFNp_a,PFNp_a,Traced,147,56,108,30,7,23,125648610
694985489,PFNp_b(PB01b)_L4_C3,PFNp_b,PFNp_b,Traced,171,29,99,10,33,19,113056251
695270840,PFNd(PB04)_R4_C6,,PFNd,Traced,862,178,344,64,168,113,449980991
695671851,PFNd(PB04)_L4_C3,PFNd,PFNd,Traced,1077,195,425,86,175,109,439202264
696336849,PFNa(PB03)_L3_C2,PFNa,PFNa,Traced,973,200,512,78,54,122,502464273
697014740,PFNp_b(PB01b)_L3_C2,PFNp_b,PFNp_b,Traced,285,60,126,27,26,33,165551982
697014777,PFNp_a(PB01a)_L3_C2,PFNp_a,PFNp_a,Traced,223,62,132,30,18,32,174778904
697355847,PFNd(PB04)_L3_C2,PFNd,PFNd,Traced,1446,321,450,86,392,233,693721878
723546819,PFNp_a(PB01a)_R7_C4,PFNp_a,PFNp_a,Traced,274,62,134,28,28,34,157796486
723602649,PFNv(PB05)_R2_C9,PFNv,PFNv,Traced,1098,316,730,193,72,82,478849250
724228740,PFNp_c(PB01c)_R6_C5,PFNp_c,PFNp_c,Traced,434,80,269,36,19,44,214732167
724267537,PFNv(PB05)_R5_C6,PFNv,PFNv,Traced,1294,324,610,160,114,114,557959797
724276536,PFNp_c(PB01c)_R2_C9,PFNp_c,PFNp_c,Traced,558,113,368,45,36,68,285965169
724280817,PEN_b(PB06b)_R2,PEN2,PEN_b(PEN2),Traced,1882,456,428,127,1,2,838679464
725360291,PFNp_b(PB01b)_L6_C5,PFNp_b,PFNp_b,Traced,136,28,70,3,40,24,102081457
726024758,PFNm_b(PB02b)_L4_C3,PFNm_b,PFNm_b,Traced,470,103,207,34,102,69,222400235
727035427,PFNp_b(PB01b)_L3_C2,PFNp_b,PFNp_b,Traced,205,51,103,26,14,25,156225768
727371546,PFNm_b(PB02b)_L3_C2,PFNm_b,PFNm_b,Traced,578,127,217,45,162,81,266624585
755644082,PFNm_a(PB02a)_R5_C6,PFNm_a,PFNm_a,Traced,724,125,467,45,67,80,306060564
756049717,PFNp_b(PB01b)_L7_C6,PFNp_b,PFNp_b,Traced,147,53,96,26,21,27,133393059
756062593,PFNp_d(PB01a)_L_C5_irreg,PFNp_d,PFNp_d,Traced,114,23,38,2,68,19,97173679
756390536,PFNp_a(PB01a)_L7_C6,PFNp_a,PFNp_a,Traced,150,55,110,23,25,31,129848734
757055403,PFNp_c(PB01c)_L4_C3,PFNp_c,PFNp_c,Traced,331,80,197,31,27,46,189910355
757413552,PFNd(PB04)_L6_C5,PFNd,PFNd,Traced,848,218,412,88,207,128,282580635
757699264,PFNp_b(PB01b)_R2_C9,PFNp_b,PFNp_b,Traced,185,56,115,25,23,31,177574976
758065781,PFNd(PB04)_L2_C1,PFNd,PFNd,Traced,1160,246,436,87,263,159,527070739
758069781,PFNp_b(PB01b)_L3_C2,PFNp_b,PFNp_b,Traced,185,46,118,25,14,21,165326826
758069811,PFNp_a(PB01a)_L3_C2,PFNp_a,PFNp_a,Traced,234,62,127,27,33,35,155289972
758743604,PFNp_d(PB01a)_L3_C2,PFNp_d,PFNp_d,Traced,198,36,67,5,70,31,128832019
759084183,PFNm_b(PB02b)_L2_C1,PFNm_b,PFNm_b,Traced,531,109,237,38,128,71,266687013
759084486,PFNa(PB03)_L2_C1,PFNa,PFNa,Traced,766,133,330,59,47,73,414490420
785957618,PFNp_b(PB01b)_R6_C5,PFNp_b,PFNp_b,Traced,196,49,93,21,28,28,139162299
786000969,PFNp_c(PB01c)_R5_C6,PFNp_c,PFNp_c,Traced,513,94,311,47,30,47,264584805
786013801,PFNd(PB04)_R3_C7,,PFNd,Traced,1597,269,565,83,321,186,637182398
786013842,PFNm_b(PB02b)_R2_C9,PFNm_b,PFNm_b,Traced,512,96,269,34,94,62,230265683
786013856,PFNd(PB04)_R3_C7,,PFNd,Traced,1465,270,505,95,271,174,603628773
786674282,PFNd(PB04)_R5_C5,,PFNd,Traced,1502,290,561,97,353,193,665330862
786679162,PFNp_e(PB01a)_R5_C6,PFNp_e,PFNp_e,Traced,432,90,265,38,21,48,237638751
786989348,PFNd(PB04)_R6_C4,PFNd,PFNd,Traced,1139,219,421,87,205,132,443263754
786989395,PFNd(PB04)_R6_C4,PFNd,PFNd,Traced,925,191,294,60,178,131,421709404
788111826,PFNd(PB04)_L6_C5,,PFNd,Traced,865,204,476,90,149,114,288862946
789104870,PFNp_b(PB01b)_L3_C2,PFNp_b,PFNp_b,Traced,214,43,101,22,21,21,135628687
816682053,PFNp_a(PB01a)_R6_C5,PFNp_a,PFNp_a,Traced,204,37,111,22,3,15,122767020
816682061,PFNp_b(PB01b)_R7_C4,PFNp_b,PFNp_b,Traced,233,51,140,24,26,27,150665485
816682110,PFNp_a(PB01a)_R6_C5,PFNp_a,PFNp_a,Traced,151,43,76,21,11,22,130083771
817342497,PFNp_b(PB01b)_R7_C4,PFNp_b,PFNp_b,Traced,282,68,146,25,46,42,146223200
817346903,PFNd(PB04)_R7_C3,PFNd,PFNd,Traced,1518,311,641,107,336,201,624578000
817674780,PFNp_a(PB01a)_R6_C5,PFNp_a,PFNp_a,Traced,199,41,91,20,19,21,129206928
817683388,PFNp_a(PB01a)_R7_C4,PFNp_a,PFNp_a,Traced,260,85,130,39,27,41,168352353
818063189,PFNa(PB03)_R2_C9,PFNa,PFNa,Traced,623,131,334,57,37,74,370339132
818119357,PFNp_c(PB01c)_L7_C6,PFNp_c,PFNp_c,Traced,506,117,371,42,38,75,274134599
819073675,PFNd(PB04)_R4_C6,,PFNd,Traced,1000,178,432,68,179,109,411066455
819138027,PFNp_b(PB01b)_L4_C3,PFNp_b,PFNp_b,Traced,156,43,90,24,11,18,134946976
819138035,PFNp_a(PB01a)_L4_C3,PFNp_a,PFNp_a,Traced,189,44,83,14,15,27,150272681
819138239,PFNd(PB04)_L4_C3,PFNd,PFNd,Traced,928,178,277,44,226,133,365427761
847712233,PFNp_b(PB01b)_R6_C5,PFNp_b,PFNp_b,Traced,187,51,96,23,26,27,145745444
847712250,PFNp_e(PB01a)_R6_C5,PFNp_e,PFNp_e,Traced,304,53,155,26,16,26,174366951
847712342,PFNp_b(PB01b)_R6_C5,PFNp_b,PFNp_b,Traced,192,48,115,28,15,20,147420508
848407278,PFNp_b(PB01b)_R5_C6,PFNp_b,PFNp_b,Traced,257,55,133,30,19,25,172660861
848800043,PFNp_c(PB01c)_L5_C4,PFNp_c,PFNp_c,Traced,489,106,306,50,37,55,262799349
848800082,PFNp_c(PB01c)_L5_C4,PFNp_c,PFNp_c,Traced,544,123,363,53,39,70,302734668
848817674,PFNa(PB03)_L6_C5,PFNa,PFNa,Traced,475,109,254,38,22,68,286421071
849162653,PFNp_d(PB01a)_L6_C5,PFNp_d,PFNp_d,Traced,87,19,49,1,26,16,92814524
849421893,PFNm_b(PB02b)_R5_C6,PFNm_b,PFNm_b,Traced,427,124,184,35,106,89,265359039
849763224,PFNa(PB03)_R4_C7,PFNa,PFNa,Traced,652,115,349,49,27,66,354180079
849832062,PFNa(PB03)_L4_C3,PFNa,PFNa,Traced,418,87,211,33,38,54,259046164
849832122,PFNp_b(PB01b)_L4_C3,PFNp_b,PFNp_b,Traced,189,47,88,22,14,25,140054048
849844855,PFNa(PB03)_L6_C5,PFNa,PFNa,Traced,432,106,260,40,39,65,258428930
850104005,PFNd(PB04)_R4_C6,,PFNd,Traced,1071,187,506,81,151,106,477327541
850492366,PFNp_c(PB01c)_L3_C2,PFNp_c,PFNp_c,Traced,505,116,292,48,44,68,281676820
850829072,PFNp_b(PB01b)_L2_C1,PFNp_b,PFNp_b,Traced,202,54,96,26,19,28,162438540
850829248,PFNp_c(PB01c)_L2_C1,PFNp_c,PFNp_c,Traced,489,96,319,34,50,62,254538077
851170296,PFNp_b(PB01b)_L3_C2,PFNp_b,PFNp_b,Traced,183,38,107,16,25,22,125236748
877702431,PFNp_a(PB01a)_R7_C4,PFNp_a,PFNp_a,Traced,250,61,142,29,21,31,153717522
878380399,PFNd(PB04)_R6_C4,,PFNd,Traced,969,202,484,83,163,119,454496955
878725581,PFNp_a(PB01a)_R6_C5,PFNp_a,PFNp_a,Traced,238,54,107,24,14,27,137842641
879183317,PEN_b(PB06b)_L6,PEN2,PEN_b(PEN2),Traced,1223,330,406,102,,4,600285827
879442155,PFNa(PB03)_R5_C6,PFNa,PFNa,Traced,934,200,478,69,53,128,502217851
879748663,PFNa(PB03)_R6_C5,PFNa,PFNa,Traced,536,105,283,46,28,59,302692993
879779401,PFNp_b(PB01b)_R5_C6,PFNp_b,PFNp_b,Traced,257,61,149,31,21,30,171788398
879844133,PFNp_d(PB01a)_L5_C4,PFNp_d,PFNp_d,Traced,122,29,63,2,47,24,118494090
879844144,PFNp_b(PB01b)_L5_C4,PFNp_b,PFNp_b,Traced,196,47,107,20,19,27,132372936
879844178,PFNp_d(PB01a)_L5_C4,PFNp_d,PFNp_d,Traced,167,28,79,6,55,22,108237111
879844206,PFNp_a(PB01a)_L5_C4,PFNp_a,PFNp_a,Traced,206,67,109,26,29,36,145747740
879844210,PFNp_b(PB01b)_L5_C4,PFNp_b,PFNp_b,Traced,242,67,120,33,25,32,151169349
880185131,PFNa(PB03)_L5_C4,PFNa,PFNa,Traced,770,169,378,59,59,109,449849872
880526177,PFNp_a(PB01a)_L4_C3,PFNp_a,PFNp_a,Traced,175,44,83,16,17,27,130666707
880526292,PFNp_c(PB01c)_L4_C3,PFNp_c,PFNp_c,Traced,493,98,314,39,30,57,239556831
880526308,PFNp_d(PB01a)_L_C3_irreg,PFNp_d,PFNp_d,Traced,151,31,33,,94,26,105172050
880526398,PFNp_a(PB01a)_L4_C3,PFNp_a,PFNp_a,Traced,202,49,101,16,29,33,130670870
880526454,vDeltaM_C3,FB1vD0FB4,vDeltaM,Traced,139,27,9,,129,27,125453724
880526477,PFNa(PB03)_L4_C3,PFNa,PFNa,Traced,625,112,291,46,46,65,330939585
880538997,PFNd(PB04)_L6_C5,,PFNd,Traced,963,203,480,73,199,128,387127398
880875900,PFNm_a(PB02a)_L5_C4,PFNm_a,PFNm_a,Traced,741,122,425,50,86,71,300524123
881216816,PFNp_a(PB01a)_L5_C4,PFNp_a,PFNp_a,Traced,176,57,89,27,18,30,120219840
881527223,PFNd(PB04)_L3_C2,PFNd,PFNd,Traced,1355,305,503,94,297,211,618600868
881868311,PFNp_a(PB01a)_L2_C1,PFNp_a,PFNp_a,Traced,119,40,72,19,15,20,124863001
909777910,PFNa(PB03)_R7_C4,PFNa,PFNa,Traced,883,181,457,52,56,124,489398842
909877092,PFNd(PB04)_L7_C6,,PFNd,Traced,1160,278,646,108,245,166,552082947
910447220,PFNd(PB04)_R5_C5,,PFNd,Traced,1405,282,550,97,286,184,658312304
910473088,PFNp_b(PB01b)_R5_C6,PFNp_b,PFNp_b,Traced,194,61,127,34,25,27,154340514
910878587,PFNp_a(PB01a)_L5_C4,PFNp_a,PFNp_a,Traced,176,50,100,23,15,27,136279137
911215499,PFNp_c(PB01c)_L4_C3,PFNp_c,PFNp_c,Traced,403,78,239,31,38,47,219384807
911219981,PFNp_d(PB01a)_L4_C3,PFNp_d,PFNp_d,Traced,138,24,63,3,33,19,106419834
911220325,PFNp_d(PB01a)_L4_C3,PFNp_d,PFNp_d,Traced,112,19,72,5,29,13,54851035
911220331,PFNp_b(PB01b)_L4_C3,PFNp_b,PFNp_b,Traced,163,46,82,21,12,24,143137002
911500529,PFNp_c(PB01c)_R2_C9,PFNp_c,PFNp_c,Traced,342,71,228,31,26,40,201548057
911504643,PFNd(PB04)_R2_C8,,PFNd,Traced,1031,227,440,79,241,147,478031684
911504689,PFNv(PB05)_R3_C8,PFNv,PFNv,Traced,1576,330,817,188,71,103,526575662
911560974,PFNd(PB04)_L4_C3,PFNd,PFNd,Traced,1076,185,378,76,182,109,469089516
911823931,PFNp_a(PB01a)_R4_C7,PFNp_a,PFNp_a,Traced,136,39,78,17,14,21,127899766
911897818,PFNv(PB05)_L4_C3,PFNv,PFNv,Traced,957,214,393,103,63,79,419349386
911897964,PFNv(PB05)_L4_C3,PFNv,PFNv,Traced,824,190,367,94,92,62,382389771
912238927,PFNp_e(PB01a)_L4_C3,PFNp_e,PFNp_e,Traced,313,68,153,28,23,37,187390993
912558136,PFNp_b(PB01b)_L2_C1,PFNp_b,PFNp_b,Traced,132,38,81,15,28,23,109033536
912894972,PFNp_a(PB01a)_L2_C1,PFNp_a,PFNp_a,Traced,223,54,114,22,16,31,74353202
912894991,PFNv(PB05)_L3_C2,PFNv,PFNv,Traced,1524,325,628,120,115,146,631785776
912898873,PFNp_d(PB01a)_L2_C1,PFNp_d,PFNp_d,Traced,124,16,53,1,45,15,95689834
912899006,vDeltaM_C2,FB1vD0FB4,vDeltaM,Traced,173,31,16,,154,29,143493345
913235746,PFNp_e(PB01a)_L2_C1,PFNp_e,PFNp_e,Traced,316,72,181,40,19,30,209241742
916974420,PFNa(PB03)_L6_C5,PFNa,PFNa,Traced,475,96,278,37,32,58,262883335
940791092,PFNp_b(PB01b)_R6_C5,PFNp_b,PFNp_b,Traced,172,37,70,11,35,26,119275043
940791093,PFNp_b(PB01b)_R6_C5,PFNp_b,PFNp_b,Traced,207,42,100,13,48,28,124953130
940791115,PFNp_b(PB01b)_R6_C5,PFNp_b,PFNp_b,Traced,179,52,87,21,30,30,146076844
940791123,PFNp_b(PB01b)_R6_C5,PFNp_b,PFNp_b,Traced,178,39,98,17,27,21,135021179
940791383,PFNd(PB04)_R6_C4,PFNd,PFNd,Traced,991,183,354,64,188,117,408413149
940808800,PFNp_e(PB01a)_R7_C4,PFNp_e,PFNp_e,Traced,380,84,226,41,23,41,237152945
941132270,PFNa(PB03)_R6_C5,PFNa,PFNa,Traced,560,112,227,42,38,70,333056544
941244280,PFNa(PB03)_L7_C6,PFNa,PFNa,Traced,530,135,359,61,38,74,348045050
942172462,PFNp_b(PB01b)_R4_C7,PFNp_b,PFNp_b,Traced,180,34,112,13,45,21,121738737
942254492,PFNp_e(PB01a)_L4_C3,PFNp_e,PFNp_e,Traced,212,56,112,21,15,33,169830327
942254554,PFNa(PB03)_L4_C3,PFNa,PFNa,Traced,530,86,244,35,40,51,276831339
942535218,PFNp_b(PB01b)_R3_C8,PFNp_b,PFNp_b,Traced,240,45,99,15,47,30,127512872
942539535,PFNp_d(PB01a)_R3_C8,PFNp_d,PFNp_d,Traced,163,26,57,,70,24,115263488
943226223,PFNp_b(PB01b)_R3_C8,PFNp_b,PFNp_b,Traced,288,67,148,30,34,37,189657430
943592738,PFNp_b(PB01b)_L2_C1,PFNp_b,PFNp_b,Traced,213,50,103,21,33,28,139934401
943592989,PFNp_b(PB01b)_L2_C1,PFNp_b,PFNp_b,Traced,142,33,77,7,50,26,115633533
943921248,PFNa(PB03)_L2_C1,PFNa,PFNa,Traced,645,147,332,58,42,89,379312942
943933727,PFNp_d(PB01a)_L3_C2,PFNp_d,PFNp_d,Traced,138,22,37,,41,17,111460633
971506655,PFNa(PB03)_R7_C4,PFNa,PFNa,Traced,864,188,435,74,33,112,481997001
971817401,PFNp_a(PB01a)_R6_C5,PFNp_a,PFNp_a,Traced,159,35,83,18,9,17,122675710
971817711,PFNv(PB05)_R7_C3,PFNv,PFNv,Traced,1415,342,799,172,104,127,589230506
972624772,PFNm_a(PB02a)_L7_C6,PFNm_a,PFNm_a,Traced,642,126,452,58,62,67,293734760
972871918,PFNa(PB03)_R4_C7,PFNa,PFNa,Traced,561,102,279,39,40,63,303243486
974627674,PFNd(PB04)_L2_C1,PFNd,PFNd,Traced,1139,250,449,87,245,163,513924971
974968796,PFNm_a(PB02a)_L2_C1,PFNm_a,PFNm_a,Traced,548,115,341,49,55,66,279350363
987877232,FB4K_L,CRESMPFB4_3,FB4K,Traced,2078,415,1,,1052,414,1341902381
1002848124,PFNd(PB04)_R7_C3,PFNd,PFNd,Traced,1443,299,542,89,371,209,682555606
1003318634,PFNd(PB04)_L7_C6,,PFNd,Traced,1336,307,624,110,343,196,637846497
1003659595,PFNp_b(PB01b)_L7_C6,PFNp_b,PFNp_b,Traced,196,84,150,43,28,39,175868484
1008378448,FB4Y(EB/NO1)_R,EBCREFB45,FB4Y,Traced,6301,1791,354,45,2988,1406,2716937442
1032643905,PFNa(PB03)_L9_C9,PFNa,PFNa,Traced,545,140,293,38,45,101,363225756
1034703497,PFNp_b(PB01b)_L7_C6,PFNp_b,PFNp_b,Traced,147,54,111,25,19,29,147176282
1034711992,PFNp_a(PB01a)_L7_C6,PFNp_a,PFNp_a,Traced,224,67,153,31,14,32,148000552
1035955516,PFNm_b(PB02b)_R4_C7,PFNm_b,PFNm_b,Traced,392,93,148,22,105,68,212169182
1062526223,PEN_b(PB06b)_R8,PEN2,PEN_b(PEN2),Traced,2195,470,567,125,,5,994963622
1069757725,PFNp_b(PB01b)_L6_C5,PFNp_b,PFNp_b,Traced,156,36,88,12,37,23,113987135
1075827302,FB2D_R,LALCREFB2_2,FB2D,Traced,3206,575,19,2,2714,552,1027285919
1094722478,PFNp_c(PB01c)_L8_C7,PFNp_c,PFNp_c,Traced,298,80,228,38,11,41,175772979
1094934199,PFNd(PB04)_R8_C2,PFNd,PFNd,Traced,1410,281,539,90,294,189,683485050
1100792636,FB4Y(EB/NO1)_L,EBCREFB45,FB4Y,Traced,4658,1763,409,53,2947,1316,1949749132
1100796921,FB4M(PPM3-FB3/4-NO-DAN)_L,CRENO2FB4_2,FB4M,Traced,2493,2346,272,144,2062,2154,1593973477
1100801075,FB4M(PPM3-FB3/4-NO-DAN)_L,CRENO2FB4_2,FB4M,Traced,2596,2354,310,157,2099,2147,1579340978
1101133698,FB4B(NO2)_L,NO2LALFB4,FB4B,Traced,3594,915,760,75,2816,836,1317034611
1105187274,vDeltaB_C0,FB1D0FB7_1,vDeltaB,Traced,509,89,1,,497,89,232080562
1106857669,FB4B(NO2)_R,NO2LALFB4,FB4B,Traced,4239,862,713,74,2599,777,2142474039
1125411720,PFNp_c(PB01c)_L9_C9,PFNp_c,PFNp_c,Traced,480,117,318,44,56,73,247192520
1125964651,PFNv(PB05)_R8_C3,PFNv,PFNv,Traced,1191,347,674,166,106,128,607539930
1125964879,PFNp_b(PB01b)_R8_C3,PFNp_b,PFNp_b,Traced,180,47,83,22,29,25,146574800
1125964899,PFNp_b(PB01b)_R8_C3,PFNp_b,PFNp_b,Traced,150,33,70,6,39,27,111011326
1126301255,PFNa(PB03)_R8_C3,PFNa,PFNa,Traced,640,141,276,52,35,82,400991774
1126301622,PFNp_c(PB01c)_R8_C3,PFNp_c,PFNp_c,Traced,411,101,269,50,23,51,265534016
1126305687,PFNp_a(PB01a)_R8_C3,PFNp_a,PFNp_a,Traced,167,41,107,22,7,19,148659739
1126306451,PFNd(PB04)_R8_C2,PFNd,PFNd,Traced,1342,293,500,80,334,212,710219740
1126310716,PFNp_e(PB01a)_R8_C3,PFNp_e,PFNp_e,Traced,416,80,244,43,19,36,213817246
1126310776,PFNa(PB03)_R8_C2,PFNa,PFNa,Traced,583,123,316,49,54,74,358744120
1126310807,PFNp_a(PB01a)_R8_C3,PFNp_a,PFNp_a,Traced,188,65,90,23,26,38,158827656
1126310841,PFNp_b(PB01b)_R8_C3,PFNp_b,PFNp_b,Traced,211,56,107,28,37,28,89825484
1126310969,PFNa(PB03)_R8_C3,PFNa,PFNa,Traced,583,138,268,43,30,94,348721689
1127471202,PFNd(PB04)_L8_C7,,PFNd,Traced,1051,258,609,111,185,145,350288881
1127808629,PFNp_b(PB01b)_L8_C7,PFNp_b,PFNp_b,Traced,140,47,89,22,33,25,121365609
1128495875,PFNd(PB04)_L8_C7,,PFNd,Traced,973,275,552,105,204,165,352459296
1129456907,PFNp_a(PB01a)_L2_C1,PFNp_a,PFNp_a,Traced,132,40,89,27,7,13,130305771
1131827390,FB4M(PPM3-FB3/4-NO-DAN)_R,CRENO2FB4_2,FB4M,Traced,4431,2614,244,121,2054,2395,2860197903
1131831702,FB4K_R,CRESMPFB4_3,FB4K,Traced,1656,426,1,,976,421,1356524757
1131831822,FB3A_R,,FB3A,Traced,2774,451,580,96,1217,352,1522866333
1131836229,FB4C(NO2)_L,CRENO2FB4_1,FB4C,Traced,4730,917,1019,171,2441,620,1390563331
1132194044,vDeltaM_C6,FB1vD0FB4,vDeltaM,Traced,189,29,10,,178,29,138850442
1135518161,vDeltaA_b_C0,FB1D0FB8,vDeltaA_b,Traced,182,83,1,1,162,78,177730173
1137590785,SIFa(PDM34),,SIFa,Traced,658,344,24,28,39,30,4308407118
1155302782,PFNm_a(PB02a)_R8_C3,PFNm_a,PFNm_a,Traced,546,119,375,54,43,63,319944629
1155652503,PFNa(PB03)_R9_C1,PFNa,PFNa,Traced,597,134,309,47,36,85,412774414
1156663078,PFNm_b(PB02b)_R8_C3,PFNm_b,PFNm_b,Traced,517,99,298,37,83,62,246283752
1156999846,PFNp_a(PB01a)_R8_C3,PFNp_a,PFNp_a,Traced,175,52,93,24,12,27,148449235
1157000178,PFNp_e(PB01a)_R8_C3,PFNp_e,PFNp_e,Traced,348,79,165,35,32,37,183649556
1158507458,PFNp_e(PB01a)_L8_C7,PFNp_e,PFNp_e,Traced,287,75,175,37,12,33,179574042
1158507467,PFNp_b(PB01b)_L8_C7,PFNp_b,PFNp_b,Traced,168,57,120,30,25,26,123595201
1159530101,PFNp_c(PB01c)_L8_C7,PFNp_c,PFNp_c,Traced,347,96,236,38,29,58,197650113
1160833169,PFNp_b(PB01b)_L2_C1,PFNp_b,PFNp_b,Traced,148,41,74,16,31,25,134082097
1162529693,FB3A_R,,FB3A,Traced,2547,449,561,92,1223,354,1488371650
1162866390,FB3A_L,,FB3A,Traced,1682,474,479,97,1192,375,748100151
1164597572,PFNp_b(PB01b)_L8_C7,PFNp_b,PFNp_b,Traced,140,50,99,19,21,28,113308724
1187693355,PFNp_b(PB01b)_R8_C3,PFNp_b,PFNp_b,Traced,162,44,104,16,32,28,142162178
1187831582,PFNa(PB03)_L9_C9,PFNa,PFNa,Traced,682,181,355,66,45,113,384194515
1187844616,PFNd(PB04)_L9_C8,,PFNd,Traced,1212,301,586,109,292,191,502728141
1188043606,PFNp_d(PB01a)_R8_C3,PFNp_d,PFNp_d,Traced,114,29,65,4,34,23,107834774
1188163963,PFNm_a(PB02a)_L9_C9,PFNm_a,PFNm_a,Traced,580,121,375,48,72,72,251157582
1188181261,PFNd(PB04)_L9_C8,,PFNd,Traced,1132,276,580,117,260,157,489974838
1188371481,PFNp_b(PB01b)_R8_C3,PFNp_b,PFNp_b,Traced,151,53,83,19,16,34,139693719
1188716311,PFNp_b(PB01b)_R8_C3,PFNp_b,PFNp_b,Traced,152,31,68,12,29,19,127026545
1189549476,PFNm_b(PB02b)_L9_C9,PFNm_b,PFNm_b,Traced,375,88,191,34,77,53,200887917
1189882785,PFNp_b(PB01b)_L8_C7,PFNp_b,PFNp_b,Traced,135,48,93,16,24,32,111933746
1189887646,PFNp_b(PB01b)_L8_C7,PFNp_b,PFNp_b,Traced,160,43,112,17,31,25,116529422
1193560072,FB3A_L,,FB3A,Traced,1702,444,464,78,1228,366,733766372
1217372569,PFNp_a(PB01a)_R9_C2,PFNp_a,PFNp_a,Traced,181,19,93,,23,17,115773155
1217385533,PFNa(PB03)_R9_C1,PFNa,PFNa,Traced,798,169,353,52,65,117,490492585
1217394039,PFNm_b(PB02b)_R9_C1,PFNm_b,PFNm_b,Traced,536,113,230,27,121,82,253744616
1218728463,PFNp_b(PB01b)_R9_C1,PFNp_b,PFNp_b,Traced,242,66,139,27,38,38,134505617
1218728541,PFNa(PB03)_R9_C1,PFNa,PFNa,Traced,864,195,476,64,59,128,527636691
1218728544,PFNp_b(PB01b)_R9_C1,PFNp_b,PFNp_b,Traced,189,55,108,19,35,36,130675048
1218728570,PEN_b(PB06b)_R9,PEN2,PEN_b(PEN2),Traced,1423,315,394,93,10,14,706646004
1218728588,PFNp_a(PB01a)_R9_C2,PFNp_a,PFNp_a,Traced,207,56,116,27,16,29,144326219
1218732781,PFNd(PB04)_R9_C1,PFNd,PFNd,Traced,1297,275,523,105,244,166,652471029
1218732931,PFNd(PB04)_R9_C1,PFNd,PFNd,Traced,1361,263,596,92,276,169,598588168
1218733141,PFNp_b(PB01b)_R9_C2,PFNp_b,PFNp_b,Traced,186,51,136,29,11,22,145939775
1219069788,PFNp_a(PB01a)_R9_C2,PFNp_a,PFNp_a,Traced,310,73,176,33,19,35,170005012
1219410844,PFNp_a(PB01a)_R9_C2,PFNp_a,PFNp_a,Traced,189,49,113,27,22,22,143591103
1219756158,PFNp_a(PB01a)_R9_C2,PFNp_a,PFNp_a,Traced,288,76,133,39,17,33,170645565
1219889738,PFNp_c(PB01c)_L9_C9,PFNp_c,PFNp_c,Traced,258,82,179,37,20,43,184585387
1220576923,PEN_a(PB06a)_L9,,PEN_a(PEN1),Traced,1833,643,605,173,1,1,883794470
1220581302,PFNp_a(PB01a)_L9_C8,PFNp_a,PFNp_a,Traced,135,50,91,28,13,21,107373795
1220584946,PEN_b(PB06b)_L9,PEN2,PEN_b(PEN2),Traced,1349,320,506,104,3,11,524380567
1223640877,PFNv(PB05)_L6_C5,PFNv,PFNv,Traced,480,166,330,70,23,59,323395635
1224249917,PFNa(PB03)_R6_C5,PFNa,PFNa,Traced,556,106,255,34,41,72,324744105
1224254476,PFNa(PB03)_R6_C5,PFNa,PFNa,Traced,513,99,248,46,35,53,279492497
1224258912,FB2A(PPM3-FB2-NO-DAN)_L,NOaLALFB2,FB2A,Traced,1658,1145,154,37,1470,1078,717985024
1224595273,FB2A(PPM3-FB2-NO-DAN)_R,NOaLALFB2,FB2A,Traced,2359,1059,169,52,1328,964,1211327177
1224936588,PFNa(PB03)_L6_C5,PFNa,PFNa,Traced,443,108,234,39,31,66,297415403
1224941044,FB2A(PPM3-FB2-NO-DAN)_R,NOaLALFB2,FB2A,Traced,2613,1170,150,33,1508,1105,1272001412
1224945409,FB2B_b_L,LALCREFB2_1; Tdc2 (TA)-ASM candidates,FB2B_b,Traced,1370,619,1,,1331,617,1059621938
1224945418,FB2A(PPM3-FB2-NO-DAN)_L,NOaLALFB2,FB2A,Traced,1475,1010,155,48,1289,937,638450431
1225290633,FB4C(NO2)_R,CRENO2FB4_1,FB4C,Traced,6802,976,1040,170,2532,605,2367341468
1226978058,vDeltaM_C4,FB1vD0FB4,vDeltaM,Traced,162,29,4,,153,29,123312495
1228683492,ExR8(ring)_L,,ExR8,Traced,1853,7,460,,26,1,639551659
1248424794,PFNp_b(PB01b)_R9_C1,PFNp_b,PFNp_b,Traced,235,62,138,34,22,26,167706792
1248765883,PFNp_d(PB01a)_R9_C2,PFNp_d,PFNp_d,Traced,167,23,84,2,38,21,109632660
1248770299,PFNp_c(PB01c)_R9_C1,PFNp_c,PFNp_c,Traced,472,105,311,38,31,67,248764575
1249098248,PFNp_c(PB01c)_R9_C1,PFNp_c,PFNp_c,Traced,414,95,264,31,32,63,245492361
1249098351,vDeltaM_C3,FB1vD0FB4,vDeltaM,Traced,173,30,6,,165,30,140856055
1249102842,PFNp_d(PB01a)_R8_C3,PFNp_d,PFNp_d,Traced,138,29,20,,96,23,126324189
1249763220,PFNp_c(PB01c)_R9_C1,PFNp_c,PFNp_c,Traced,466,85,297,39,28,44,230917019
1249763369,PFNp_d(PB01a)_R9_C2,PFNp_d,PFNp_d,Traced,103,16,31,,42,13,112838515
1250113157,PFNp_b(PB01b)_R9_C1,PFNp_b,PFNp_b,Traced,185,50,125,31,11,19,138462094
1250113288,PFNp_e(PB01a)_R9_C2,PFNp_e,PFNp_e,Traced,376,77,231,41,23,32,201082822
1251265590,PFNp_b(PB01b)_L9_C8,PFNp_b,PFNp_b,Traced,129,48,103,24,10,21,122289121
1251265778,PFNp_b(PB01b)_L9_C9,PFNp_b,PFNp_b,Traced,147,49,80,17,29,31,119435766
1251269930,PFNp_e(PB01a)_L9_C8,PFNp_e,PFNp_e,Traced,248,70,157,38,12,25,153099415
1251275120,PFNa(PB03)_L9_C9,PFNa,PFNa,Traced,570,150,274,43,55,107,357032990
1251952397,PFNp_a(PB01a)_L9_C8,PFNp_a,PFNp_a,Traced,186,55,139,32,13,22,112002974
1255297613,PFNa(PB03)_R6_C5,PFNa,PFNa,Traced,559,113,274,42,43,71,316317120
1255638782,PFNa(PB03)_L6_C5,PFNa,PFNa,Traced,531,117,319,43,34,74,325866264
1256376704,PFNp_e(PB01a)_L6_C5,PFNp_e,PFNp_e,Traced,258,79,191,38,15,34,201325134
1259718093,ExR8(ring)_R,,ExR8,Traced,1863,475,387,,2,1,1170924542
1282300415,PFNp_a(PB01a)_L9_C8,PFNp_a,PFNp_a,Traced,183,61,121,33,12,25,123262281
1282305753,PFNp_b(PB01b)_L9_C9,PFNp_b,PFNp_b,Traced,164,47,122,19,35,26,118136261
1282646571,PFNp_b(PB01b)_L9_C9,PFNp_b,PFNp_b,Traced,156,56,90,26,33,30,118912206
1282991279,PFNp_b(PB01b)_L9_C8,PFNp_b,PFNp_b,Traced,150,46,129,28,4,18,126159058
1286315568,PFNa(PB03)_R6_C5,PFNa,PFNa,Traced,543,107,258,40,33,67,300802409
1287411513,PFNp_d(PB01a)_R6_C5,PFNp_d,PFNp_d,Traced,89,22,33,1,52,21,101264112
1289359184,FB4M(PPM3-FB3/4-NO-DAN)_R,CRENO2FB4_2,FB4M,Traced,4578,2519,271,121,2100,2315,2446970593
1289432358,vDeltaM_C7,FB1vD0FB4,vDeltaM,Traced,160,27,2,,157,27,112258750
1310499077,PFNm_a(PB02a)_R9_C1,PFNm_a,PFNm_a,Traced,635,147,454,59,50,88,310431039
1312308001,PFNp_d(PB01a)_L9_C8,PFNp_d,PFNp_d,Traced,93,25,38,,39,21,93569360
1318109929,PEN_b(PB06b)_L7,PEN2,PEN_b(PEN2),Traced,1781,438,540,113,7,19,839952860
1320799646,PFNp_a(PB01a)_L8_C7,PFNp_a,PFNp_a,Traced,174,65,95,24,18,37,128176386
1345056477,PFNp_b(PB01b)_L9_C8,PFNp_b,PFNp_b,Traced,121,26,52,4,37,21,103644725
1348057533,FB1C(NO1/NO3)_L,LALNOmFB1,FB1C,Traced,1549,1116,468,189,1043,834,804505807
1348769299,PFNp_b(PB01b)_L4_C3,PFNp_b,PFNp_b,Traced,212,35,99,15,31,20,115742706
1349114660,PFNp_a(PB01a)_L4_C3,PFNp_a,PFNp_a,Traced,114,40,66,22,9,18,127554851
1349114669,PFNp_b(PB01b)_L4_C3,PFNp_b,PFNp_b,Traced,230,44,74,13,34,30,138581517
1349114715,PFNm_a(PB02a)_L4_C3,PFNm_a,PFNm_a,Traced,434,54,295,35,19,19,222259750
1350803100,PFNp_a(PB01a)_R5_C6,PFNp_a,PFNp_a,Traced,260,87,124,24,53,63,175051158
1351795817,vDeltaM_C4,FB1vD0FB4,vDeltaM,Traced,184,30,14,,157,27,118125728
1353544607,PEN_b(PB06b)_L8,PEN2,PEN_b(PEN2),Traced,1807,490,646,146,4,23,619565622
1379087619,FB1C(NO1/NO3)_L,LALNOmFB1,FB1C,Traced,1636,1169,439,172,1172,888,873045387
1380145201,PFNp_c(PB01c)_L6_C5,PFNp_c,PFNp_c,Traced,317,78,228,40,14,37,163099219
1380145267,PFNp_b(PB01b)_L4_C3,PFNp_b,PFNp_b,Traced,179,50,108,25,22,25,131950425
1380149563,PFNp_c(PB01c)_L6_C5,PFNp_c,PFNp_c,Traced,258,60,198,35,11,25,161678827
1380149683,PFNp_c(PB01c)_L6_C5,PFNp_c,PFNp_c,Traced,296,70,229,31,9,38,191121333
1380408540,PFNp_b(PB01b)_R7_C4,PFNp_b,PFNp_b,Traced,204,39,108,11,58,28,123772072
1380408769,PFNp_d(PB01a)_R7_C4,PFNp_d,PFNp_d,Traced,178,31,78,3,70,27,126155522
1410105306,PFNp_e(PB01a)_R4_C7,PFNp_e,PFNp_e,Traced,346,67,196,31,28,33,186565124
1410118722,PFNp_b(PB01b)_R6_C5,PFNp_b,PFNp_b,Traced,133,18,62,2,37,16,118974380
1410122382,PFNm_a(PB02a)_R6_C5,PFNm_a,PFNm_a,Traced,538,95,365,40,79,55,245546738
1410122586,PFNp_c(PB01c)_R6_C5,PFNp_c,PFNp_c,Traced,475,86,311,29,34,57,235054644
1410122843,PFNp_b(PB01b)_R6_C5,PFNp_b,PFNp_b,Traced,210,46,92,24,19,22,134434265
1410122892,PFNp_c(PB01c)_R6_C5,PFNp_c,PFNp_c,Traced,435,80,287,32,27,48,236861136
1410127303,PFNp_c(PB01c)_L6_C5,PFNp_c,PFNp_c,Traced,435,96,311,39,36,54,238160891
1410127581,PFNm_a(PB02a)_L6_C5,PFNm_a,PFNm_a,Traced,421,94,294,38,60,55,222599797
1410450511,PFNm_b(PB02b)_R4_C7,PFNm_b,PFNm_b,Traced,498,86,228,35,84,50,216523210
1410450514,PFNp_a(PB01a)_R6_C5,PFNp_a,PFNp_a,Traced,209,58,97,25,16,29,137642051
1410450576,PFNp_d(PB01a)_R6_C5,PFNp_d,PFNp_d,Traced,106,27,33,,44,27,102460746
1410450694,PFNp_b(PB01b)_R4_C7,PFNp_b,PFNp_b,Traced,186,47,116,23,18,22,144402524
1410450859,PFNp_a(PB01a)_R6_C5,PFNp_a,PFNp_a,Traced,202,41,111,22,12,19,128311617
1410450949,PFNm_a(PB02a)_R6_C5,PFNm_a,PFNm_a,Traced,586,108,412,44,36,64,263849323
1410451120,PFNp_c(PB01c)_R6_C5,PFNp_c,PFNp_c,Traced,429,82,271,37,21,44,206071298
1410451151,PFNp_b(PB01b)_R6_C5,PFNp_b,PFNp_b,Traced,176,43,90,19,18,24,133385361
1410472719,PFNp_c(PB01c)_L6_C5,PFNp_c,PFNp_c,Traced,422,81,305,32,32,49,202552831
1410801066,PFNp_d(PB01a)_R5_C6,PFNp_d,PFNp_d,Traced,159,33,75,4,68,29,120213107
1410813978,PFNp_b(PB01b)_L6_C5,PFNp_b,PFNp_b,Traced,141,38,98,19,20,19,113474514
1411862814,PFNa(PB03)_R4_C7,PFNa,PFNa,Traced,542,110,257,37,39,73,297901324
1412164346,PFNm_b(PB02b)_L5_C4,PFNm_b,PFNm_b,Traced,470,122,183,38,132,82,269470639
1412238418,PFNa(PB03)_L8_C7,PFNa,PFNa,Traced,499,122,279,40,36,80,293819301
1414617465,PFNp_d(PB01a)_R_C8_irreg,PFNp_d,PFNp_d,Traced,163,22,28,,125,22,138069021
1415877516,vDeltaM_C1,FB1vD0FB4,vDeltaM,Traced,136,23,27,,107,23,112204243
1418618235,SIFa(PDM34),,SIFa,Traced,1592,935,1,,131,64,6190229391
1441144493,PFNp_c(PB01c)_R4_C7,PFNp_c,PFNp_c,Traced,420,80,256,38,24,42,220073717
1441481281,PFNm_a(PB02a)_R4_C7,PFNm_a,PFNm_a,Traced,628,111,391,49,57,62,272518264
1441485388,PFNp_a(PB01a)_R4_C7,PFNp_a,PFNp_a,Traced,186,44,81,19,25,25,126265270
1441485464,PFNp_e(PB01a)_R6_C5,PFNp_e,PFNp_e,Traced,345,61,191,33,12,28,200205040
1441485633,PFNp_c(PB01c)_R4_C7,PFNp_c,PFNp_c,Traced,355,68,221,32,18,35,197085606
1441485832,PFNp_c(PB01c)_R4_C7,PFNp_c,PFNp_c,Traced,457,94,321,38,28,55,253913577
1441485942,PFNp_c(PB01c)_R4_C7,PFNp_c,PFNp_c,Traced,401,88,272,36,25,52,241584337
1441486002,PFNp_e(PB01a)_R4_C7,PFNp_e,PFNp_e,Traced,241,57,147,22,20,33,161955424
1441498763,PFNp_b(PB01b)_L6_C5,PFNp_b,PFNp_b,Traced,124,44,88,28,8,16,128861177
1441499171,PFNp_b(PB01b)_L6_C5,PFNp_b,PFNp_b,Traced,124,41,96,24,7,17,123344847
1441499284,PFNp_b(PB01b)_L6_C5,PFNp_b,PFNp_b,Traced,134,44,100,18,26,24,128766829
1441503403,PFNp_b(PB01b)_L6_C5,PFNp_b,PFNp_b,Traced,151,55,103,29,25,25,130308290
1441503748,PFNp_c(PB01c)_L6_C5,PFNp_c,PFNp_c,Traced,350,89,264,34,17,54,237030936
1441848753,PFNp_b(PB01b)_L6_C5,PFNp_b,PFNp_b,Traced,153,44,102,21,24,22,113419994
1442556708,PFNp_d(PB01a)_L7_C6,PFNp_d,PFNp_d,Traced,150,32,31,1,93,24,114358250
1442931671,PFNp_d(PB01a)_L_C7_irreg,PFNp_d,PFNp_d,Traced,90,25,47,1,41,20,95504211
1442931758,PFNp_d(PB01a)_L8_C7,PFNp_d,PFNp_d,Traced,141,23,71,6,40,17,92793700
1443268440,PFNa(PB03)_L8_C7,PFNa,PFNa,Traced,565,138,314,60,39,75,288035778
1443579770,PFNa(PB03)_R4_C7,PFNa,PFNa,Traced,586,114,311,48,39,65,323082717
1472205673,PFNa(PB03)_R2_C9,PFNa,PFNa,Traced,608,128,330,51,38,77,329289610
1472520245,PFNp_d(PB01a)_R4_C7,PFNp_d,PFNp_d,Traced,111,19,54,2,39,17,105055774
1472537557,PFNp_e(PB01a)_L6_C5,PFNp_e,PFNp_e,Traced,189,60,110,26,13,30,119345306
1472542572,PFNp_a(PB01a)_L6_C5,PFNp_a,PFNp_a,Traced,155,47,120,23,11,24,138376894
1472546868,PFNp_a(PB01a)_L6_C5,PFNp_a,PFNp_a,Traced,127,37,106,19,9,18,118217156
1472866173,PFNp_b(PB01b)_R7_C4,PFNp_b,PFNp_b,Traced,248,59,142,29,23,30,169702183
1473202957,PFNm_a(PB02a)_R7_C4,PFNm_a,PFNm_a,Traced,680,122,446,47,55,75,307056607
1473207713,PFNp_c(PB01c)_R7_C4,PFNp_c,PFNp_c,Traced,450,94,284,42,21,52,249239486
1473241269,PFNp_d(PB01a)_R5_C6,PFNp_d,PFNp_d,Traced,158,27,53,,77,20,117547141
1503581177,PFNp_b(PB01b)_R2_C9,PFNp_b,PFNp_b,Traced,143,39,95,11,36,28,111052665
1503581412,PFNp_b(PB01b)_R2_C9,PFNp_b,PFNp_b,Traced,164,51,139,30,12,21,156770287
1503896377,PFNp_b(PB01b)_R5_C6,PFNp_b,PFNp_b,Traced,166,28,93,15,13,13,136237574
1503922566,PFNp_b(PB01b)_L4_C3,PFNp_b,PFNp_b,Traced,198,61,109,39,11,21,160206746
1504268020,PFNm_a(PB02a)_L7_C6,PFNm_a,PFNm_a,Traced,411,114,292,40,84,73,201619972
1504582746,PFNp_b(PB01b)_R7_C4,PFNp_b,PFNp_b,Traced,234,59,100,23,38,36,97753775
1504924440,PFNm_a(PB02a)_R7_C4,PFNm_a,PFNm_a,Traced,677,130,431,42,86,88,312385916
1509098829,GLNO(LAL-NO1)_L,LGNO,GLNO,Traced,811,447,805,439,1,4,406877798
1534616158,PFNp_d(PB01a)_R2_C9,PFNp_d,PFNp_d,Traced,158,26,80,2,56,24,108758119
1534616361,PFNp_b(PB01b)_R2_C9,PFNp_b,PFNp_b,Traced,178,51,106,23,32,28,147308921
1535298439,PFNp_b(PB01b)_R4_C7,PFNp_b,PFNp_b,Traced,209,45,121,25,14,20,123385803
1535298460,PFNp_b(PB01b)_R4_C7,PFNp_b,PFNp_b,Traced,195,53,114,29,26,24,139280020
1535652862,PFNm_a(PB02a)_R4_C7,PFNm_a,PFNm_a,Traced,575,103,377,41,67,62,253886838
1536006733,PFNm_b(PB02b)_L8_C7,PFNm_b,PFNm_b,Traced,448,114,211,37,107,76,203606131
1536326457,PFNp_b(PB01b)_R4_C7,PFNp_b,PFNp_b,Traced,171,34,63,10,48,23,118546130
1537634396,PFNa(PB03)_L3_C2,PFNa,PFNa,Traced,902,187,426,56,56,129,505576414
1540129092,LCNOpm(LAL-NO3pm)_L,LCNpm,LCNOpm,Traced,2711,862,2689,855,5,1,1286666680
1566333075,PFNp_b(PB01b)_R4_C7,PFNp_b,PFNp_b,Traced,202,49,129,24,17,25,141172075
1566644645,PFNa(PB03)_R8_C3,PFNa,PFNa,Traced,701,145,332,48,57,96,391422300
1567020107,PFNp_b(PB01b)_R4_C7,PFNp_b,PFNp_b,Traced,158,31,92,11,33,19,109321887
1567028669,PFNp_b(PB01b)_L8_C7,PFNp_b,PFNp_b,Traced,150,51,113,23,27,28,138155182
1567382512,PFNp_a(PB01a)_L8_C7,PFNp_a,PFNp_a,Traced,119,39,96,17,16,22,98135066
1567728102,PFNp_a(PB01a)_L8_C7,PFNp_a,PFNp_a,Traced,108,42,84,19,17,22,102928213
1568047319,PFNm_a(PB02a)_R3_C8,PFNm_a,PFNm_a,Traced,856,139,500,44,127,95,296164753
1570806389,PFNp_d(PB01a)_R2_C9,PFNp_d,PFNp_d,Traced,122,30,59,,58,30,116522957
1597683387,PFNm_a(PB02a)_R8_C3,PFNm_a,PFNm_a,Traced,565,102,374,47,55,55,262180032
1597722005,PFNp_d(PB01a)_R3_C8,PFNp_d,PFNp_d,Traced,230,28,94,,77,28,142964593
1598067695,PFNp_a(PB01a)_R3_C8,PFNp_a,PFNp_a,Traced,180,51,98,21,30,30,152877171
1598382541,PFNp_b(PB01b)_L7_C6,PFNp_b,PFNp_b,Traced,198,63,146,30,27,33,140325507
1599069164,PFNm_a(PB02a)_L8_C7,PFNm_a,PFNm_a,Traced,488,107,344,49,53,58,240044244
1599410380,PFNp_c(PB01c)_L8_C7,PFNp_c,PFNp_c,Traced,422,100,306,40,35,60,214370701
1599431888,PFNp_c(PB01c)_R3_C8,PFNp_c,PFNp_c,Traced,752,139,529,63,47,76,341634908
1599436552,PFNp_c(PB01c)_R3_C8,PFNp_c,PFNp_c,Traced,628,115,403,45,38,68,328505069
1599747200,PFNp_c(PB01c)_L9_C9,PFNp_c,PFNp_c,Traced,479,96,317,38,43,56,210163048
1599772916,PFNp_b(PB01b)_R3_C8,PFNp_b,PFNp_b,Traced,246,58,110,20,45,38,165987725
1599773239,PFNp_b(PB01b)_L9_C9,PFNp_b,PFNp_b,Traced,150,61,97,27,31,32,122231439
1600079770,PFNv(PB05)_L9_C9,PFNv,PFNv,Traced,864,336,516,137,106,150,532651939
1600083889,PEN_b(PB06b)_L9,PEN2,PEN_b(PEN2),Traced,1513,328,524,97,5,9,535483990
1601771527,PEN_b(PB06b)_R9,PEN2,PEN_b(PEN2),Traced,1585,330,383,79,2,11,695171696
1628743785,PFNp_a(PB01a)_R3_C8,PFNp_a,PFNp_a,Traced,252,64,112,24,28,38,167605436
1628744095,PFNp_e(PB01a)_R3_C8,PFNp_e,PFNp_e,Traced,466,97,266,48,34,47,280875421
1629085008,PFNp_c(PB01c)_R5_C6,PFNp_c,PFNp_c,Traced,656,124,459,41,41,81,331263439
1629093706,PFNp_e(PB01a)_R2_C9,PFNp_e,PFNp_e,Traced,350,72,244,31,11,41,204894048
1629426306,PFNp_a(PB01a)_R5_C6,PFNp_a,PFNp_a,Traced,241,72,142,36,28,36,156111033
1630462217,PFNp_b(PB01b)_L9_C9,PFNp_b,PFNp_b,Traced,99,46,54,14,21,30,105277069
1630765418,PFNp_b(PB01b)_R9_C1,PFNp_b,PFNp_b,Traced,180,33,78,9,54,24,130690698
1631131487,PFNm_a(PB02a)_R9_C1,PFNm_a,PFNm_a,Traced,674,123,415,49,89,73,288470315
1631450739,PEN_b(PB06b)_L5,PEN2,PEN_b(PEN2),Traced,1969,454,450,112,7,10,883989562
1631486122,PFNp_a(PB01a)_R2_C9,PFNp_a,PFNp_a,Traced,217,50,138,28,18,22,162685111
1660776511,PFNp_e(PB01a)_L3_C2,PFNp_e,PFNp_e,Traced,437,88,249,43,28,43,276339951
1660789784,PFNp_d(PB01a)_L8_C7,PFNp_d,PFNp_d,Traced,103,22,59,3,37,18,94494479
1661121263,PFNp_b(PB01b)_L8_C7,PFNp_b,PFNp_b,Traced,128,42,108,22,3,20,124330307
1661122416,PFNp_e(PB01a)_L5_C4,PFNp_e,PFNp_e,Traced,387,84,218,39,20,41,219305166
1661458144,PFNa(PB03)_L2_C1,PFNa,PFNa,Traced,670,139,319,52,54,87,412398787
1661458883,PFNp_c(PB01c)_L9_C9,PFNp_c,PFNp_c,Traced,333,83,215,37,34,45,174136721
1661799601,PFNm_a(PB02a)_L3_C2,PFNm_a,PFNm_a,Traced,635,118,376,46,76,71,280208936
1662166202,PFNa(PB03)_R2_C9,PFNa,PFNa,Traced,643,128,361,52,37,76,357462658
5812987321,PFNp_b(PB01b)_R8_C3,PFNp_b,PFNp_b,Traced,184,47,114,26,15,21,156819058
5812987327,PFNp_c(PB01c)_R8_C3,PFNp_c,PFNp_c,Traced,509,115,344,42,43,72,298644545
5812987334,PFNp_b(PB01b)_R8_C3,PFNp_b,PFNp_b,Traced,223,52,104,24,32,28,160166182
5812987339,PFNp_a(PB01a)_R8_C3,PFNp_a,PFNp_a,Traced,181,46,92,22,25,24,134167203
5812987803,PFNv(PB05)_R9_C1,PFNv,PFNv,Traced,1222,322,745,163,80,115,474139473
5812988707,PFNp_b(PB01b)_R9_C1,PFNp_b,PFNp_b,Traced,259,59,118,29,18,28,109100056
5812991545,PFNp_d(PB01a)_R4_C7,PFNp_d,PFNp_d,Traced,157,34,74,3,58,31,113834107
5812991632,PFNp_b(PB01b)_R5_C6,PFNp_b,PFNp_b,Traced,197,49,116,21,36,28,137725873
5812994148,PFNm_a(PB02a)_L9_C9,PFNm_a,PFNm_a,Traced,428,86,286,35,47,48,218173027
5812994149,PFNp_c(PB01c)_L3_C2,PFNp_c,PFNp_c,Traced,627,122,407,44,53,77,293427757
5813012311,PFNp_b(PB01b)_L6_C5,PFNp_b,PFNp_b,Traced,144,41,79,17,34,23,129936927
5813014062,PFNd(PB04)_R2_C8,,PFNd,Traced,1159,247,510,90,244,157,524009057
5813014505,PFNv(PB05)_L7_C7,PFNv,PFNv,Traced,1009,326,662,154,89,128,508396228
5813014573,PFNp_a(PB01a)_L3_C2,PFNp_a,PFNp_a,Traced,213,71,76,24,28,45,143082748
5813014859,PFNp_b(PB01b)_R6_C5,PFNp_b,PFNp_b,Traced,140,23,61,5,41,18,116924312
5813015999,PFNa(PB03)_L8_C8,PFNa,PFNa,Traced,486,128,289,46,35,79,325456392
5813016167,PFNp_b(PB01b)_R2_C9,PFNp_b,PFNp_b,Traced,152,48,89,18,31,30,60654937
5813023615,PFNp_b(PB01b)_R9_C1,PFNp_b,PFNp_b,Traced,197,44,98,10,54,34,128844580
5813026993,PFNp_a(PB01a)_R2_C9,PFNp_a,PFNp_a,Traced,133,37,83,17,11,20,153566491
5813027016,FB4Y(EB/NO1)_R,EBCREFB45,FB4Y,Traced,6508,1720,449,62,3007,1327,2846693400
5813037879,PFNp_d(PB01a)_L7_C6,PFNp_d,PFNp_d,Traced,102,21,80,1,16,20,99971345
5813040300,PFNp_b(PB01b)_R7_C4,PFNp_b,PFNp_b,Traced,183,44,115,12,43,32,136684038
5813041556,PFNp_c(PB01c)_L2_C1,PFNp_c,PFNp_c,Traced,439,85,284,35,22,50,260268918
5813044670,PFNv(PB05)_L8_C7,PFNv,PFNv,Traced,853,335,584,154,88,129,481368357
5813050000,PFNa(PB03)_R3_C8,PFNa,PFNa,Traced,939,161,394,44,58,115,445076007
5813055913,FB1C(NO1/NO3)_R,LALNOmFB1,FB1C,Traced,2965,1290,449,170,1051,891,1798572771
5813056012,PFNp_b(PB01b)_L7_C6,PFNp_b,PFNp_b,Traced,165,32,103,8,49,23,109796673
5813056934,PFNa(PB03)_R3_C8,PFNa,PFNa,Traced,1087,193,472,71,61,121,498402908
5813057274,FB4Y(EB/NO1)_L,EBCREFB45,FB4Y,Traced,5089,2001,323,56,3695,1599,2082213746
5813061260,OA-VPM3(NO2/NO3)_L,,OA-VPM3,Traced,5122,4069,144,95,3071,1745,3486100136
5813062858,FB1H(NO2/3)_R,CRENO23FB1-4,FB1H,Traced,9598,3733,770,331,3717,2821,3621432113
5813067961,vDeltaH_C0,FB12D0FB5,vDeltaH,Traced,684,112,1,,673,112,274397660
5813070464,PFNp_b(PB01b)_R6_C5,PFNp_b,PFNp_b,Traced,181,57,114,29,18,28,165182721
5813077698,PFNp_b(PB01b)_L7_C6,PFNp_b,PFNp_b,Traced,125,47,68,11,41,36,126224096
5813081686,PFNa(PB03)_L8_C7,PFNa,PFNa,Traced,510,121,304,44,40,77,284299919
5813095667,PFNm_a(PB02a)_L8_C7,PFNm_a,PFNm_a,Traced,499,117,325,47,79,69,217483754
5813122799,PFNp_b(PB01b)_L6_C5,PFNp_b,PFNp_b,Traced,115,24,58,5,25,19,101041151
5813127522,PFNp_d(PB01a)_L9_C8,PFNp_d,PFNp_d,Traced,141,38,71,4,69,34,100805069
5813127525,PFNp_b(PB01b)_L5_C4,PFNp_b,PFNp_b,Traced,198,61,108,27,33,34,163818262
5813127581,PFNp_a(PB01a)_L8_C7,PFNp_a,PFNp_a,Traced,130,53,86,24,18,27,64677170
5813128240,PFNp_b(PB01b)_L5_C4,PFNp_b,PFNp_b,Traced,168,42,110,18,30,24,128117994
5813128308,PFNp_a(PB01a)_L7_C6,PFNp_a,PFNp_a,Traced,310,71,107,27,33,42,187284000
5813128416,PFNp_b(PB01b)_L6_C5_irreg,PFNp_b,PFNp_b,Traced,188,44,93,17,22,27,134233317
5813128537,PFNm_b(PB02b)_L6_C5,PFNm_b,PFNm_b,Traced,326,82,187,37,62,44,187604491