id,instance,notes,type,status,inputs (#post),outputs (#pre),PB #post,PB #pre,#voxels
329566174,OA-VPM3(NO2/NO3)_R,,OA-VPM3,Traced,10075,8632,3,3,6917059458
387023620,PEN_b(PB06b)_L4,PEN2,PEN_b(PEN2),Traced,1713,343,776,1,686693145
387364605,EPG(PB08)_L3,EPG,EPG,Traced,4350,645,265,213,1469716322
416642425,EPG(PB08)_R4,EPG,EPG,Traced,3834,470,318,224,1169220265
417998204,PFNv(PB05)_R4_C7,PFNv,PFNv,Traced,999,229,324,26,476702093
419060083,PFGs(PB10)_L2_C2,PFGs; Tdc2-PB1/2 candidates,PFGs,Traced,2395,556,174,23,1107227318
446714544,PFNd(PB04)_L5_C4,PFNd,PFNd,Traced,1407,310,538,1,488272608
449438847,EPG(PB08)_L3,EPG,EPG,Traced,4595,609,331,204,1356917252
478077561,PFNa(PB03)_L4_C3,PFNa,PFNa,Traced,617,118,352,1,331399103
478375456,EPG(PB08)_R3,EPG,EPG,Traced,4249,483,272,212,1290806813
478427368,PFNv(PB05)_L5_C4,PFNv,PFNv,Traced,985,297,373,50,549640572
481112669,PFL2(PB12b)_R1_C4,PB1-4FB1245LAL,PFL2,Traced,2852,418,380,1,1542373100
481121605,PFL1(PB12a)_L2_C3,PFLC,PFL1,Traced,1916,329,712,2,1365074914
508793049,PEN_a(PB06a)_L7,PEN1,PEN_a(PEN1),Traced,1607,587,274,4,809613851
539462336,PEN_b(PB06b)_L4,PEN2,PEN_b(PEN2),Traced,1609,311,698,2,603871773
541118908,EPG(PB08)_R3,EPG,EPG,Traced,3796,523,321,263,1092662993
541119189,PFNa(PB03)_R4_C7,PFNa,PFNa,Traced,645,118,311,1,347051058
541870397,EPG(PB08)_L6,EPG,EPG,Traced,3916,498,257,207,1262283600
542039038,PPL204_R,,PPL204,Traced,1921,899,7,4,1083465267
569481415,PFNa(PB03)_L5_C4,PFNa,PFNa,Traced,890,194,381,3,506958053
569775058,PEN_b(PB06b)_R4,PEN2,PEN_b(PEN2),Traced,1582,336,621,1,777549043
570185174,PFNa(PB03)_L7_C6,PFNa,PFNa,Traced,820,203,259,4,519425583
570461892,PEN_a(PB06a)_R3,PEN1,PEN_a(PEN1),Traced,1915,565,625,2,980591420
571826184,PFNp_a(PB01a)_R3_C8,PFNp_a,PFNp_a,Traced,277,74,117,4,190747929
572167406,PFNp_a(PB01a)_R2_C9,PFNp_a,PFNp_a,Traced,262,63,119,2,161518101
572494993,PFNv(PB05)_R4_C7,PFNv,PFNv,Traced,887,211,320,32,410291839
572870540,EPG(PB08)_L1,,EPG,Traced,4957,615,312,244,1495976797
601120917,PFNv(PB05)_R6_C5,PFNv,PFNv,Traced,935,249,420,44,324848103
601557317,PFNv(PB05)_L6_C5,PFNv,PFNv,Traced,560,216,132,35,358469624
604242162,PFNv(PB05)_L2_C1,PFNv,PFNv,Traced,1137,327,443,47,602925629
632155800,PFNv(PB05)_R6_C5,PFNv,PFNv,Traced,1042,258,382,34,458330645
632259507,PFNp_b(PB01b)_L6_C5,PFNp_b,PFNp_b,Traced,148,48,36,1,124912295
632544268,EPG(PB08)_R2,EPG,EPG,Traced,3959,432,265,207,1117114642
632600726,PFNm_a(PB02a)_L6_C5,PFNm_a,PFNm_a,Traced,492,99,123,1,218388914
632915714,PFNm_a(PB02a)_L4_C3,PFNm_a,PFNm_a,Traced,626,95,197,1,246213024
633546217,EPG(PB08)_R4,EPG,EPG,Traced,3200,413,284,205,946141479
633943192,PFNd(PB04)_L4_C3,PFNd,PFNd,Traced,1133,197,552,1,471084398
634608015,PFR_a(PB11a)_L2_C2,PFR_a,PFR_a,Traced,1817,502,59,2,533161528
634962055,EPG(PB08)_L4,EPG,EPG,Traced,3515,530,356,227,1313237477
635234035,PFL2(PB12b)_R3_C3,PB1-4FB1245LAL,PFL2,Traced,2968,326,618,4,1102000302
663298610,PFNd(PB04)_L6_C5,,PFNd,Traced,709,183,197,2,403942805
663562172,PEN_b(PB06b)_R4,PEN2,PEN_b(PEN2),Traced,1544,319,630,2,668330517
663950729,PFNm_b(PB02b)_L4_C3,PFNm_b,PFNm_b,Traced,486,93,149,1,224974171
664313308,PFNp_a(PB01a)_L6_C5,PFNp_a,PFNp_a,Traced,183,57,49,3,75752334
664645558,PEN_a(PB06a)_L6,PEN1,PEN_a(PEN1),Traced,1380,410,262,2,485288832
664650297,PEN_b(PB06b)_L6,PEN2,PEN_b(PEN2),Traced,1230,327,410,2,428103635
664943511,PFGs(PB10)_R1_C1_irreg,PFGs; Tdc2-PB1/2 candidates,PFGs,Traced,2414,444,194,20,1060006550
665314820,EPG(PB08)_L4,EPG,EPG,Traced,3576,546,275,212,1249529709
666312288,PFR_b(PB11b)_L1_C2,PFR_b,PFR_b,Traced,2657,345,214,13,873271854
693755250,PEN_b(PB06b)_R7,PEN2,PEN_b(PEN2),Traced,1890,432,822,4,916318576
693979726,PFNp_e(PB01a)_L7_C6,PFNp_e,PFNp_e,Traced,326,78,84,1,207682939
694670373,PFNp_a(PB01a)_L6_C5,PFNp_a,PFNp_a,Traced,147,56,30,3,125648610
694920753,EPG(PB08)_R5,EPG,EPG,Traced,3441,455,211,193,1192481040
695270840,PFNd(PB04)_R4_C6,,PFNd,Traced,862,178,349,1,449980991
695629525,EPG(PB08)_R2,EPG,EPG,Traced,4153,472,301,222,1239801790
695956656,EPG(PB08)_R4,EPG,EPG,Traced,3738,464,288,237,1139686992
696362840,EPG(PB08)_L5,EPG,EPG,Traced,3491,536,271,222,1290354899
697001770,EPG(PB08)_L2,EPG,EPG,Traced,4160,494,316,192,1220895242
697355847,PFNd(PB04)_L3_C2,PFNd,PFNd,Traced,1446,321,604,2,693721878
699031185,SIFa(PDM34),,SIFa,Traced,1080,777,39,18,5702733325
723602649,PFNv(PB05)_R2_C9,PFNv,PFNv,Traced,1098,316,292,41,478849250
724267537,PFNv(PB05)_R5_C6,PFNv,PFNv,Traced,1294,324,569,50,557959797
724280817,PEN_b(PB06b)_R2,PEN2,PEN_b(PEN2),Traced,1882,456,757,3,838679464
725498630,LHPV6f1_R,,LHPV6f1,Traced,504,141,1,1,319437418
725951521,EPG(PB08)_R5,EPG,EPG,Traced,3479,415,258,196,1113260436
726352774,PFGs(PB10)_L4_C4,PFGs; Tdc2-PB1/2 candidates,PFGs,Traced,2343,553,118,3,1097656982
727376283,PFR_a(PB11a)_L4_C4,PFR_a,PFR_a,Traced,1578,447,60,1,550647258
728122756,,,,Traced,162,90,1,1,100943835
730843584,ATL032_R,,ATL032,Traced,2100,1099,1,1,1437916527
734581598,Delta7(PB15)_L6R3_L,Delta7,Delta7,Traced,1039,513,1033,511,1119401398
757055317,PEN_a(PB06a)_L4,PEN1,PEN_a(PEN1),Traced,1538,415,569,2,719023584
757055403,PFNp_c(PB01c)_L4_C3,PFNp_c,PFNp_c,Traced,331,80,105,1,189910355
757413552,PFNd(PB04)_L6_C5,PFNd,PFNd,Traced,848,218,219,2,282580635
758419409,EPG(PB08)_L3,EPG,EPG,Traced,4163,589,215,195,1367317453
759084486,PFNa(PB03)_L2_C1,PFNa,PFNa,Traced,766,133,371,1,414490420
759464163,PPL204(PVL17)_L,,PPL204,Traced,1022,778,2,4,643939217
786013856,PFNd(PB04)_R3_C7,,PFNd,Traced,1465,270,686,1,603628773
786679162,PFNp_e(PB01a)_R5_C6,PFNp_e,PFNp_e,Traced,432,90,145,3,237638751
786989471,PFR_b(PB11b)_R4_C5,PFR_b,PFR_b,Traced,1833,200,157,11,690237195
788461444,PFGs(PB10)_L6_C6,PFGs; Tdc2-PB1/2 candidates,PFGs,Traced,2567,391,143,6,992956241
788794171,EPG(PB08)_L6,EPG,EPG,Traced,3207,445,203,183,871873631
789121913,PFR_a(PB11a)_L4_C4,PFR_a,PFR_a,Traced,1476,438,86,3,500493356
789126240,EPG(PB08)_L5,,EPG,Traced,3024,479,212,184,1177122514
789130596,PFL3(PB12c)_L4_C6,PB1-7FB1245LAL,PFL3,Traced,2851,454,582,1,1194392560
790158190,,,,Traced,138,90,2,1,116195856
817342497,PFNp_b(PB01b)_R7_C4,PFNp_b,PFNp_b,Traced,282,68,87,1,146223200
817346903,PFNd(PB04)_R7_C3,PFNd,PFNd,Traced,1518,311,540,3,624578000
817683388,PFNp_a(PB01a)_R7_C4,PFNp_a,PFNp_a,Traced,260,85,103,5,168352353
819073675,PFNd(PB04)_R4_C6,,PFNd,Traced,1000,178,389,1,411066455
819138239,PFNd(PB04)_L4_C3,PFNd,PFNd,Traced,928,178,424,1,365427761
819828716,PFR_b(PB11b)_L4_C5,PFR_b,PFR_b,Traced,1371,323,197,16,713051764
819828986,EPG(PB08)_L5,EPG,EPG,Traced,3264,513,253,202,1242575632
847712250,PFNp_e(PB01a)_R6_C5,PFNp_e,PFNp_e,Traced,304,53,133,1,174366951
848817674,PFNa(PB03)_L6_C5,PFNa,PFNa,Traced,475,109,193,1,286421071
849421763,PEN_b(PB06b)_R5,PEN2,PEN_b(PEN2),Traced,2453,482,1067,1,989164827
849844855,PFNa(PB03)_L6_C5,PFNa,PFNa,Traced,432,106,131,1,258428930
850194651,PFL2(PB12b)_L4_C8,PB1-4FB1245LAL,PFL2,Traced,2910,381,1077,6,1049700272
850855138,PFL3(PB12c)_L3_C5,PB1-7FB1245LAL,PFL3,Traced,2495,440,641,1,1238365051
851493896,PFL3(PB12c)_L1_C3,PB1-7FB1245LAL,PFL3,Traced,3272,336,283,2,981759380
852236918,ATL034(PDM32)_L,,ATL034,Traced,916,539,2,1,1285653439
877702431,PFNp_a(PB01a)_R7_C4,PFNp_a,PFNp_a,Traced,250,61,83,1,153717522
878725581,PFNp_a(PB01a)_R6_C5,PFNp_a,PFNp_a,Traced,238,54,117,3,137842641
879183317,PEN_b(PB06b)_L6,PEN2,PEN_b(PEN2),Traced,1223,330,385,1,600285827
879442155,PFNa(PB03)_R5_C6,PFNa,PFNa,Traced,934,200,398,3,502217851
879468563,PFGs(PB10)_R2_C8,PFGs; Tdc2-PB1/2 candidates,PFGs,Traced,1931,383,81,6,808154342
879844206,PFNp_a(PB01a)_L5_C4,PFNp_a,PFNp_a,Traced,206,67,68,5,145747740
880185131,PFNa(PB03)_L5_C4,PFNa,PFNa,Traced,770,169,332,1,449849872
880526477,PFNa(PB03)_L4_C3,PFNa,PFNa,Traced,625,112,287,1,330939585
880530613,Delta7(PB15)_L5R4_L,Delta7,Delta7,Traced,1136,504,1126,499,1224522950
880538997,PFNd(PB04)_L6_C5,,PFNd,Traced,963,203,280,2,387127398
880875736,Delta7(PB15)_L5R4_L,Delta7,Delta7,Traced,1169,479,1160,475,1191511440
880875742,IbSpsP(PB17)_L5/6,IbSpsP,IbSpsP,Traced,759,259,362,258,534269019
880875840,PFL2(PB12b)_L5_C9,PB1-4FB1245LAL,PFL2,Traced,2712,398,830,1,1069803729
880875927,PFL3(PB12c)_L5_C7,PB1-7FB1245LAL,PFL3,Traced,2110,307,429,2,707899812
880880259,Delta7(PB15)_L4R5_R,Delta7,Delta7,Traced,1208,546,1202,544,1316285121
881212361,SpsP(PB16)_L,SpsP,SpsP,Traced,48,224,45,222,287125120
881216921,,,,Orphan,2,2,2,2,287141
881217171,LPsP(PB13)_R,LPsP,LPsP,Traced,4354,1845,4340,1840,2220299930
881221166,Delta7(PB15)_L1L9R8_R,Delta7,Delta7,Traced,1285,606,1275,601,1392031704
881458145,PFL1(PB12a)_R4_C5,PFLC,PFL1,Traced,1084,2,671,1,898083964
881458181,PFL1(PB12a)_R3_C6,PFLC,PFL1,Traced,1288,5,771,2,930498996
881506038,PFR_b(PB11b)_R1_C1_irreg,,PFR_b,Traced,2133,328,207,14,789497774
881898734,PEG(PB07)_L6,PEG,PEG,Traced,1094,236,625,9,720534350
882239837,PFL2(PB12b)_L3_C7,PB1-4FB1245LAL,PFL2,Traced,3466,366,635,7,1151779323
882533209,PFL1(PB12a)_R1_C2_irreg,PFLC,PFL1,Traced,1547,341,508,1,1432354774
884916660,PFGs(PB10)_R5_C5,PFGs; Tdc2-PB1/2 candidates,PFGs,Traced,2020,413,153,5,931708485
909777910,PFNa(PB03)_R7_C4,PFNa,PFNa,Traced,883,181,370,5,489398842
910438331,EPG(PB08)_R6,EPG,EPG,Traced,3749,438,239,164,1189689723
910442723,Delta7(PB15)_L4R5_R,Delta7,Delta7,Traced,1157,525,1156,522,1117687707
910442752,Delta7(PB15)_L8R1R9_L,Delta7,Delta7,Traced,1200,528,1192,523,1222414327
910442782,Delta7(PB15)_L4R6_R,Delta7,Delta7,Traced,1061,559,1058,557,1259835371
910447075,PEN_a(PB06a)_R5,PEN1,PEN_a(PEN1),Traced,1847,575,535,1,1015212407
910447181,PFL3(PB12c)_R5_C3,PB1-7FB1245LAL,PFL3,Traced,3671,15,432,1,723546053
910447220,PFNd(PB04)_R5_C5,,PFNd,Traced,1405,282,569,1,658312304
910783731,Delta7(PB15)_L8R1R9_L,Delta7,Delta7,Traced,1187,579,1174,572,1426214612
910783805,IbSpsP(PB17)_R5/6,IbSpsP,IbSpsP,Traced,787,229,333,228,494856791
910783883,Delta7(PB15)_L8R1R9_L,Delta7,Delta7,Traced,1367,600,1356,582,1563381931
910783961,Delta7(PB15)_L3R6_R,Delta7,Delta7,Traced,1127,596,1119,592,1236825841
910787908,IbSpsP(PB17)_R3/4/5,IbSpsP,IbSpsP,Traced,705,147,222,146,345541239
910787992,PFL1(PB12a)_R5_C4,PFLC,PFL1,Traced,1194,63,552,3,868477066
910796989,Delta7(PB15)_L5R4_L,Delta7,Delta7,Traced,1342,524,1325,515,1255203623
910801332,Delta7(PB15)_L5R4_L,Delta7,Delta7,Traced,1084,500,1069,500,1159726491
911129204,Delta7(PB15)_L7R2_L,Delta7,Delta7,Traced,1153,505,1144,501,1116727873
911129339,Delta7(PB15)_L4R5_R,Delta7,Delta7,Traced,1045,523,1042,512,1253944757
911134009,Delta7(PB15)_L4R5_R,Delta7,Delta7,Traced,1125,534,1123,530,1154421327
911138168,Delta7(PB15)_L4R5_R,Delta7,Delta7,Traced,1054,540,1044,535,1208668943
911211196,Delta7(PB15)_L6R4_L,Delta7,Delta7,Traced,1110,570,1102,567,1285372926
911241750,Delta7(PB15)_L6R4_L,Delta7,Delta7,Traced,1361,593,1351,586,1284732487
911470352,Delta7(PB15)_L2R7_R,Delta7,Delta7,Traced,1061,491,1053,483,973398327
911504643,PFNd(PB04)_R2_C8,,PFNd,Traced,1031,227,349,1,478031684
911504689,PFNv(PB05)_R3_C8,PFNv,PFNv,Traced,1576,330,684,39,526575662
911565319,PFL1(PB12a)_L5_C6,PFLC,PFL1,Traced,1636,297,618,1,1118569527
911565408,P1-9(PB19)_L,PBPB,P1-9,Traced,286,364,284,359,296058837
911565419,Delta7(PB15)_L3R6_R,Delta7,Delta7,Traced,1022,546,1018,544,1137101158
911569552,PFL3(PB12c)_L5_C7,PB1-7FB1245LAL,PFL3,Traced,2113,338,307,1,860588162
911574041,Delta7(PB15)_L2R7_R,Delta7,Delta7,Traced,1150,513,1137,507,1265893214
911574261,Delta7(PB15)_L1L9R8_R,Delta7,Delta7,Traced,1283,579,1271,572,1331108352
911578483,PFL1(PB12a)_L6_C7,PFLC,PFL1,Traced,1306,282,423,5,1241067076
911578496,Delta7(PB15)_L2R7_R,Delta7,Delta7,Traced,1210,552,1195,541,1222517235
911578595,Delta7(PB15)_L8R1R9_L,Delta7,Delta7,Traced,1320,556,1313,556,1298375984
911893174,SpsP(PB16)_L,SpsP,SpsP,Traced,40,251,35,249,303086718
911897818,PFNv(PB05)_L4_C3,PFNv,PFNv,Traced,957,214,493,31,419349386
911897964,PFNv(PB05)_L4_C3,PFNv,PFNv,Traced,824,190,362,33,382389771
911901802,Delta7(PB15)_L4R6_R,Delta7,Delta7,Traced,1254,555,1246,551,1329640874
911906936,Delta7(PB15)_L3R6_R,Delta7,Delta7,Traced,1135,525,1123,512,1201728174
911911004,Delta7(PB15)_L1L9R8_R,Delta7,Delta7,Traced,1496,653,1486,646,1405984537
911911193,Delta7(PB15)_L8R1R9_L,Delta7,Delta7,Traced,1221,594,1213,588,1317101487
911911699,Delta7(PB15)_L2R7_R,Delta7,Delta7,Traced,990,498,984,495,1123963528
911915224,PFR_b(PB11b)_L5_C6,PFR_b,PFR_b,Traced,2043,339,240,24,662075215
911919044,Delta7(PB15)_L6R3_L,Delta7,Delta7,Traced,1186,546,1173,544,1229865638
911919815,P6-8P9(PB14)_L,P6-8P9,P6-8P9,Traced,410,2,402,1,87484848
911919917,Delta7(PB15)_L1L9R8_R,Delta7,Delta7,Traced,1182,562,1174,558,1330959441
912147871,PFGs(PB10)_R6_C4,PFGs; Tdc2-PB1/2 candidates,PFGs,Traced,2846,608,144,9,1036933538
912238927,PFNp_e(PB01a)_L4_C3,PFNp_e,PFNp_e,Traced,313,68,137,3,187390993
912243353,Delta7(PB15)_L7R2_L,Delta7,Delta7,Traced,982,508,974,498,1049575086
912252107,,,,Orphan,4,2,4,2,1277847
912488890,PFL3(PB12c)_R3_C5,PB1-7FB1245LAL,PFL3,Traced,3035,2,688,1,940987291
912545106,EPG(PB08)_L2,EPG,EPG,Traced,4273,564,321,217,1279652378
912601268,EPG(PB08)_L6,EPG,EPG,Traced,3433,459,231,186,961831095
912894972,PFNp_a(PB01a)_L2_C1,PFNp_a,PFNp_a,Traced,223,54,92,1,74353202
912894991,PFNv(PB05)_L3_C2,PFNv,PFNv,Traced,1524,325,766,54,631785776
912925080,PFL3(PB12c)_L3_C5,PB1-7FB1245LAL,PFL3,Traced,2624,442,633,1,1310859231
913235746,PFNp_e(PB01a)_L2_C1,PFNp_e,PFNp_e,Traced,316,72,115,1,209241742
916284630,PFL2(PB12b)_R2_C4,PB1-4FB1245LAL,PFL2,Traced,2791,419,560,1,1366489368
916974420,PFNa(PB03)_L6_C5,PFNa,PFNa,Traced,475,96,163,1,262883335
940787029,IbSpsP(PB17)_R6,IbSpsP,IbSpsP,Traced,875,241,306,240,519735049
940791383,PFNd(PB04)_R6_C4,PFNd,PFNd,Traced,991,183,448,2,408413149
940808800,PFNp_e(PB01a)_R7_C4,PFNp_e,PFNp_e,Traced,380,84,131,1,237152945
941123943,PFL1(PB12a)_R6_C3,PFLC,PFL1,Traced,1592,5,621,2,930344690
941132434,EPG(PB08)_R6,EPG,EPG,Traced,3384,384,204,161,1033944779
941136727,SpsP(PB16)_R,SpsP,SpsP,Traced,42,240,42,240,339236431
941464932,,,,Traced,52,41,49,34,103026736
941469087,Delta7(PB15)_L3R6_R,Delta7,Delta7,Traced,1245,535,1240,534,1369185757
941469110,SpsP(PB16)_R,SpsP,SpsP,Traced,31,278,31,278,351541995
941469301,P1-9(PB19)_R,PBPB,P1-9,Traced,250,263,250,261,216188653
941482720,Delta7(PB15)_L6R3_L,Delta7,Delta7,Traced,1081,476,1074,472,1003054397
941810314,Delta7(PB15)_L7R3_L,Delta7,Delta7,Traced,1031,514,1019,497,1071443420
941814244,IbSpsP(PB17)_R6,IbSpsP,IbSpsP,Traced,914,212,250,210,505916997
941814787,Delta7(PB15)_L6R3_L,Delta7,Delta7,Traced,1084,529,1076,520,1177694508
941831818,IbSpsP(PB17)_R3/4/5,IbSpsP,IbSpsP,Traced,725,204,279,204,421257315
941939879,PFL3(PB12c)_L6_C8,PB1-7FB1245LAL,PFL3,Traced,2359,485,374,2,1137135613
941944026,,,,Assign,3,2,3,2,1651976
942172835,PFL3(PB12c)_R4_C4,PB1-7FB1245LAL,PFL3,Traced,2327,5,406,1,885694660
942173776,PEG(PB07)_R4,PEG,PEG,Traced,1155,148,864,1,661259565
942254492,PFNp_e(PB01a)_L4_C3,PFNp_e,PFNp_e,Traced,212,56,81,1,169830327
942491983,EPG(PB08)_R6,EPG,EPG,Traced,3582,477,293,213,1236585592
942522378,Delta7(PB15)_L2R7_R,Delta7,Delta7,Traced,1059,508,1052,497,1143605864
942539535,PFNp_d(PB01a)_R3_C8,PFNp_d,PFNp_d,Traced,163,26,32,1,115263488
942587380,PEG(PB07)_L4,PEG,PEG,Traced,1528,253,1051,2,737594409
942946361,,,,Orphan,11,1,11,1,435442
942959557,IbSpsP(PB17)_L6/7,IbSpsP,IbSpsP,Traced,896,244,360,236,491442720
943269573,IbSpsP(PB17)_L2/4,IbSpsP,IbSpsP,Traced,542,160,226,159,340079469
943921162,PFR_a(PB11a)_R1_C1_irreg,,PFR_a,Traced,1588,471,85,2,571821666
943955813,PFR_b(PB11b)_L3_C3,PFR_b,PFR_b,Traced,1910,324,328,74,666717755
948333783,PFL2(PB12b)_R3_C3,PB1-4FB1245LAL,PFL2,Traced,3219,320,535,2,1090467478
971506655,PFNa(PB03)_R7_C4,PFNa,PFNa,Traced,864,188,394,2,481997001
971817711,PFNv(PB05)_R7_C3,PFNv,PFNv,Traced,1415,342,511,43,589230506
972513129,P6-8P9(PB14)_R,P6-8P9,P6-8P9,Traced,684,104,683,104,353607495
972858260,PFR_a(PB11a)_R5_C5,PFR_a,PFR_a,Traced,1410,394,85,1,458466164
972892437,PEN_a(PB06a)_R2,PEN1,PEN_a(PEN1),Traced,1676,513,438,1,848941665
972975013,,,,Assign,3,2,3,2,59841
973319802,,,,Orphan,4,5,4,5,2103386
973566036,PEN_b(PB06b)_R3,PEN2,PEN_b(PEN2),Traced,2101,410,1037,2,832431327
973626434,,,,Orphan,14,3,14,3,3415255
973894912,IbSpsP(PB17)_R4,IbSpsP,IbSpsP,Traced,803,187,222,187,395411183
973954598,PFR_a(PB11a)_L3_C3,PFR_a,PFR_a,Traced,1987,576,67,1,608509959
973959177,Delta7(PB15)_L6R3_L,Delta7,Delta7,Traced,1071,496,1059,483,1149652995
973963898,IbSpsP(PB17)_L3/4,IbSpsP,IbSpsP,Traced,527,163,230,162,349477117
973972487,,,,Orphan,3,2,3,2,153872
974239375,PEG(PB07)_R3,PEG,PEG,Traced,1441,144,1133,4,654632835
974300015,PEG(PB07)_L3,PEG,PEG,Traced,1396,268,922,2,785035775
974645472,PFR_a(PB11a)_L3_C3,PFR_a,PFR_a,Traced,1829,589,99,2,523810983
976997968,PFR_a(PB11a)_R5_C5,PFR_a,PFR_a,Traced,1223,357,79,1,438963855
979752365,PFL2(PB12b)_L3_C7,PB1-4FB1245LAL,PFL2,Traced,2750,307,572,1,1104413493
1002507131,PEN_a(PB06a)_R7,PEN1,PEN_a(PEN1),Traced,1917,612,565,1,1065119131
1002507159,EPG(PB08)_R7,EPG,EPG,Traced,4220,545,231,218,1316105284
1002507170,PFL1(PB12a)_R7_C1,PFLC,PFL1,Traced,1392,85,505,6,1127535523
1002848124,PFNd(PB04)_R7_C3,PFNd,PFNd,Traced,1443,299,528,1,682555606
1002852791,EPG(PB08)_R7,EPG,EPG,Traced,4112,504,239,211,1209456657
1002999221,PFR_b(PB11b)_L6_C7,PFR_b,PFR_b,Traced,1293,288,153,13,625872511
1003184670,,,,Orphan,4,4,4,4,1486431
1003318634,PFNd(PB04)_L7_C6,,PFNd,Traced,1336,307,350,1,637846497
1003531130,,,,Orphan,13,1,13,1,1143710
1003659595,PFNp_b(PB01b)_L7_C6,PFNp_b,PFNp_b,Traced,196,84,16,1,175868484
1003672766,PFL1(PB12a)_L7_C9,PFLC,PFL1,Traced,1149,312,315,2,964632002
1003672833,IbSpsP(PB17)_L6/7,IbSpsP,IbSpsP,Traced,607,182,193,177,380386662
1003902029,,,,Assign,2,2,2,2,227598
1004010190,,,,Assign,4,2,4,2,159460
1004014587,PEG(PB07)_L7,PEG,PEG,Traced,935,211,490,3,413950685
1004017998,EPG(PB08)_L7,EPG,EPG,Traced,3073,414,188,144,965411401
1004018344,P6-8P9(PB14)_L,P6-8P9,P6-8P9,Traced,436,92,434,92,164957624
1004307201,,,,Assign,10,1,10,1,2011356
1005261469,PFR_b(PB11b)_R3_C6,PFR_b,PFR_b,Traced,2356,222,184,18,761416202
1008041969,PFR_a(PB11a)_L5_C5,PFR_a,PFR_a,Traced,1345,416,75,1,513227795
1033887446,PFGs(PB10)_R7_C3,PFGs; Tdc2-PB1/2 candidates,PFGs,Traced,2917,574,226,11,1085894735
1034219901,EPG(PB08)_R7,EPG,EPG,Traced,4020,435,176,178,1185019251
1034711992,PFNp_a(PB01a)_L7_C6,PFNp_a,PFNp_a,Traced,224,67,56,4,148000552
1035045015,EPG(PB08)_L7,EPG,EPG,Traced,4196,549,226,208,1027118663
1035640810,IbSpsP(PB17)_R2/3,IbSpsP,IbSpsP,Traced,782,201,287,200,418316198
1035726620,,,,Orphan,1,2,1,2,863731
1035955516,PFNm_b(PB02b)_R4_C7,PFNm_b,PFNm_b,Traced,392,93,136,2,212169182
1036033557,,,,Orphan,14,1,14,1,1272871
1036322412,,,,Orphan,9,3,9,3,3005559
1036330791,PFR_a(PB11a)_R2_C8,PFR_a,PFR_a,Traced,1492,390,48,1,440621040
1040393594,PFGs(PB10)_L3_C3,PFGs; Tdc2-PB1/2 candidates,PFGs,Traced,3123,690,165,7,1117514933
1062526223,PEN_b(PB06b)_R8,PEN2,PEN_b(PEN2),Traced,2195,470,839,2,994963622
1064235814,,,,Assign,4,2,4,2,2178192
1064572879,,,,Orphan,7,2,7,2,2174946
1064577636,PFR_b(PB11b)_R7_C2,PFR_b,PFR_b,Traced,1928,222,173,15,745793303
1065409934,PEG(PB07)_L8,PEG,PEG,Traced,923,220,530,1,434380151
1065410141,EPG(PB08)_L8,EPG,EPG,Traced,3278,406,197,153,836597415
1066084852,,,,Orphan,3,6,3,6,2491519
1066420480,PFR_b(PB11b)_L7_C8,PFR_b,PFR_b,Traced,1483,330,124,12,643479927
1066679746,,,,Orphan,2,2,2,2,265915
1066748608,IbSpsP(PB17)_L8,IbSpsP,IbSpsP,Traced,499,193,246,181,391016142
1067408697,,,,Orphan,12,1,12,1,430347
1069757725,PFNp_b(PB01b)_L6_C5,PFNp_b,PFNp_b,Traced,156,36,27,1,113987135
1070439674,PFR_b(PB11b)_L3_C4,PFR_b,PFR_b,Traced,1855,315,128,9,778112832
1072503172,PFR_a(PB11a)_L6_C6,PFR_a,PFR_a,Traced,1566,422,49,1,523432208
1072844208,PFR_a(PB11a)_L6_C7,PFR_a,PFR_a,Traced,1497,389,68,1,490071744
1073504644,PFR_b(PB11b)_R5_C4,PFR_b,PFR_b,Traced,2215,271,203,20,737078778
1094934199,PFNd(PB04)_R8_C2,PFNd,PFNd,Traced,1410,281,570,1,683485050
1095271087,IbSpsP(PB17)_R7/8,IbSpsP,IbSpsP,Traced,560,129,184,129,295926134
1095275456,LPsP(PB13)_L,LPsP,LPsP,Traced,4180,1864,4154,1851,2232146645
1095279301,IbSpsP(PB17)_R7/9,IbSpsP,IbSpsP,Traced,547,241,308,199,522607761
1095953534,,,,Orphan,3,2,3,2,491112
1097407853,IbSpsP(PB17)_L2,IbSpsP,IbSpsP,Traced,619,150,213,149,342574455
1097718901,PFL1(PB12a)_R2_C7,PFLC,PFL1,Traced,1417,9,451,1,868066626
1098098879,,,,Orphan,16,2,16,2,3297184
1098435772,,,,Assign,2,2,2,2,257351
1102191192,PFR_b(PB11b)_R3_C7,PFR_b,PFR_b,Traced,1630,98,197,15,573043300
1103810192,PFGs(PB10)_R8_C2,PFGs; Tdc2-PB1/2 candidates,PFGs,Traced,2140,424,172,23,949867971
1125964651,PFNv(PB05)_R8_C3,PFNv,PFNv,Traced,1191,347,407,53,607539930
1125964814,EPG(PB08)_R8,EPG,EPG,Traced,3046,352,185,164,991536233
1125969082,PEG(PB07)_R9,PEG,PEG,Traced,953,106,766,9,612853083
1125969140,IbSpsP(PB17)_R8,IbSpsP,IbSpsP,Traced,495,136,206,136,311206776
1126301255,PFNa(PB03)_R8_C3,PFNa,PFNa,Traced,640,141,329,7,400991774
1126306451,PFNd(PB04)_R8_C2,PFNd,PFNd,Traced,1342,293,503,1,710219740
1126310807,PFNp_a(PB01a)_R8_C3,PFNp_a,PFNp_a,Traced,188,65,69,4,158827656
1126310969,PFNa(PB03)_R8_C3,PFNa,PFNa,Traced,583,138,275,1,348721689
1126647624,EPG(PB08)_R8,EPG,EPG,Traced,2943,376,217,170,1089813706
1126659805,,,,Traced,14,8,8,4,48697177
1127471202,PFNd(PB04)_L8_C7,,PFNd,Traced,1051,258,252,1,350288881
1127471692,PEN_a(PB06a)_L8,PEN1,PEN_a(PEN1),Traced,1819,576,327,1,866409069
1127476096,EPG(PB08)_L8,EPG,EPG,Traced,3300,455,167,171,846890948
1127721929,,,,Orphan,18,1,18,1,2631462
1128088594,PEG(PB07)_L1,PEG,PEG,Traced,1029,191,677,1,586585085
1128092885,PFL1(PB12a)_L1_C8_irreg,PFLC,PFL1,Traced,1313,20,510,2,960402109
1128097470,IbSpsP(PB17)_L2/R2/4,IbSpsP,IbSpsP,Traced,641,167,163,152,398409207
1128757926,IbSpsP(PB17)_R2,IbSpsP,IbSpsP,Traced,521,166,218,164,351568856
1133890586,PFGs(PB10)_L5_C5,PFGs; Tdc2-PB1/2 candidates,PFGs,Traced,2149,393,172,14,1020071695
1135907207,PFR_b(PB11b)_R6_C3,PFR_b,PFR_b,Traced,2556,229,235,21,704924127
1136204852,PFGs(PB10)_R9_C1,PFGs; Tdc2-PB1/2 candidates,PFGs,Traced,2154,464,142,10,971124055
1136273393,PFGs(PB10)_L7_C7,PFGs; Tdc2-PB1/2 candidates,PFGs,Traced,2394,381,186,6,592330392
1137590785,SIFa(PDM34),,SIFa,Traced,658,344,20,11,4308407118
1155302782,PFNm_a(PB02a)_R8_C3,PFNm_a,PFNm_a,Traced,546,119,116,2,319944629
1155652503,PFNa(PB03)_R9_C1,PFNa,PFNa,Traced,597,134,251,1,412774414
1157000178,PFNp_e(PB01a)_R8_C3,PFNp_e,PFNp_e,Traced,348,79,148,7,183649556
1158363748,,,,Orphan,11,1,11,1,1137894
1158507458,PFNp_e(PB01a)_L8_C7,PFNp_e,PFNp_e,Traced,287,75,97,3,179574042
1158747783,Delta7(PB15)_L7R2_L,Delta7,Delta7,Traced,1159,500,1149,495,1103821874
1159123802,PFR_b(PB11b)_L1_C9_irreg,,PFR_b,Traced,1666,219,210,20,639370086
1159194031,,,,Orphan,13,1,13,1,384673
1164269666,PFR_a(PB11a)_R3_C7,PFR_a,PFR_a,Traced,1443,390,49,2,474982361
1164597572,PFNp_b(PB01b)_L8_C7,PFNp_b,PFNp_b,Traced,140,50,20,1,113308724
1167282562,PFL2(PB12b)_R4_C2,PB1-4FB1245LAL,PFL2,Traced,3100,376,907,6,1481422725
1167956458,PFR_a(PB11a)_R7_C3,PFR_a,PFR_a,Traced,1518,464,53,1,507060988
1167995070,EPG(PB08)_L8,EPG,EPG,Traced,3874,476,208,174,960598574
1168314368,PFR_a(PB11a)_R8_C2,PFR_a,PFR_a,Traced,1351,412,47,2,501206113
1168659995,EPGt(PB09)_R9,EPGt,EPGt,Traced,611,154,423,144,585738930
1168660239,EPGt(PB09)_L9,EPGt,EPGt,Traced,583,157,383,135,369725815
1168664447,EPGt(PB09)_L9,EPGt,EPGt,Traced,610,167,387,137,390899085
1168664495,EPG(PB08)_L8,EPG,EPG,Traced,3858,468,173,144,1000269781
1187831582,PFNa(PB03)_L9_C9,PFNa,PFNa,Traced,682,181,279,1,384194515
1188181261,PFNd(PB04)_L9_C8,,PFNd,Traced,1132,276,288,1,489974838
1188388754,IbSpsP(PB17)_R9,IbSpsP,IbSpsP,Traced,629,181,223,180,375073552
1189549487,,,,Traced,41,61,19,11,200740992
1189891402,PFGs(PB10)_L8_C8,PFGs; Tdc2-PB1/2 candidates,PFGs,Traced,1643,285,153,22,588763195
1190845015,,,,Orphan,8,5,8,5,3468564
1192588945,,,,Traced,58,54,39,21,129657055
1198749960,PFGs(PB10)_L1_C9_irreg,PFGs; Tdc2-PB1/2 candidates,PFGs,Traced,2064,406,199,21,961787424
1199677638,PEG(PB07)_L9,PEG,PEG,Traced,824,197,525,7,435112897
1200027441,PFGs(PB10)_L9_C9,PFGs; Tdc2-PB1/2 candidates,PFGs,Traced,1455,259,80,4,495589091
1200032115,PFL3(PB12c)_R7_C1,PB1-7FB1245LAL,PFL3,Traced,4647,264,663,4,1365251696
1200053009,PFL2(PB12b)_R5_C1,PB1-4FB1245LAL,PFL2,Traced,3032,399,782,5,1532312771
1217394039,PFNm_b(PB02b)_R9_C1,PFNm_b,PFNm_b,Traced,536,113,175,1,253744616
1218728541,PFNa(PB03)_R9_C1,PFNa,PFNa,Traced,864,195,328,3,527636691
1218732640,PEN_a(PB06a)_R9,PEN1,PEN_a(PEN1),Traced,1946,563,477,1,1008550189
1218732781,PFNd(PB04)_R9_C1,PFNd,PFNd,Traced,1297,275,529,3,652471029
1218732931,PFNd(PB04)_R9_C1,PFNd,PFNd,Traced,1361,263,488,2,598588168
1219069439,EPGt(PB09)_R9,EPGt,EPGt,Traced,790,170,525,154,571937645
1219069788,PFNp_a(PB01a)_R9_C2,PFNp_a,PFNp_a,Traced,310,73,112,4,170005012
1219410643,,,,Orphan,30,1,30,1,1695382
1219756158,PFNp_a(PB01a)_R9_C2,PFNp_a,PFNp_a,Traced,288,76,138,2,170645565
1220239654,,,,Orphan,112,89,112,89,101692151
1220584946,PEN_b(PB06b)_L9,PEN2,PEN_b(PEN2),Traced,1349,320,355,1,524380567
1222221201,,,,Assign,6,2,6,2,201880
1223640877,PFNv(PB05)_L6_C5,PFNv,PFNv,Traced,480,166,120,33,323395635
1224936588,PFNa(PB03)_L6_C5,PFNa,PFNa,Traced,443,108,173,2,297415403
1250113288,PFNp_e(PB01a)_R9_C2,PFNp_e,PFNp_e,Traced,376,77,119,1,201082822
1251269930,PFNp_e(PB01a)_L9_C8,PFNp_e,PFNp_e,Traced,248,70,74,3,153099415
1256376704,PFNp_e(PB01a)_L6_C5,PFNp_e,PFNp_e,Traced,258,79,51,4,201325134
1258073453,PFL3(PB12c)_L1_C8_irreg,PB1-7FB1245LAL,PFL3,Traced,2164,6,322,1,822785872
1258686925,PFL3(PB12c)_L2_C4,PB1-7FB1245LAL,PFL3,Traced,2916,481,499,1,1251526591
1259097611,PFR_a(PB11a)_L8_C8,PFR_a,PFR_a,Traced,1283,446,53,1,342984622
1265399790,,,,Traced,96,162,12,4,769118726
1283600055,,,,Traced,160,107,40,23,569342974
1292423935,PFL1(PB12a)_L3_C4,PFLC,PFL1,Traced,1166,283,617,1,1202334420
1311837531,,,,Assign,2,2,2,2,636789
1318109929,PEN_b(PB06b)_L7,PEN2,PEN_b(PEN2),Traced,1781,438,438,2,839952860
1320799646,PFNp_a(PB01a)_L8_C7,PFNp_a,PFNp_a,Traced,174,65,61,4,128176386
1344642061,,,,Traced,46,39,26,15,130431747
1353544607,PEN_b(PB06b)_L8,PEN2,PEN_b(PEN2),Traced,1807,490,458,1,619565622
1380149683,PFNp_c(PB01c)_L6_C5,PFNp_c,PFNp_c,Traced,296,70,57,1,191121333
1380495496,PEN_a(PB06a)_L6,PEN1,PEN_a(PEN1),Traced,1285,367,279,1,467834236
1381484065,PFL2(PB12b)_L2_C6,PB1-4FB1245LAL,PFL2,Traced,2912,435,560,2,1437029317
1410105306,PFNp_e(PB01a)_R4_C7,PFNp_e,PFNp_e,Traced,346,67,122,2,186565124
1410127303,PFNp_c(PB01c)_L6_C5,PFNp_c,PFNp_c,Traced,435,96,81,1,238160891
1410127581,PFNm_a(PB02a)_L6_C5,PFNm_a,PFNm_a,Traced,421,94,60,1,222599797
1410450514,PFNp_a(PB01a)_R6_C5,PFNp_a,PFNp_a,Traced,209,58,96,3,137642051
1412164346,PFNm_b(PB02b)_L5_C4,PFNm_b,PFNm_b,Traced,470,122,147,2,269470639
1412238418,PFNa(PB03)_L8_C7,PFNa,PFNa,Traced,499,122,182,1,293819301
1418618235,SIFa(PDM34),,SIFa,Traced,1592,935,1,1,6190229391
1438359720,,,,Orphan,9,20,5,7,131504881
1441485832,PFNp_c(PB01c)_R4_C7,PFNp_c,PFNp_c,Traced,457,94,107,1,253913577
1441486002,PFNp_e(PB01a)_R4_C7,PFNp_e,PFNp_e,Traced,241,57,74,1,161955424
1441503748,PFNp_c(PB01c)_L6_C5,PFNp_c,PFNp_c,Traced,350,89,65,1,237030936
1441848753,PFNp_b(PB01b)_L6_C5,PFNp_b,PFNp_b,Traced,153,44,25,1,113419994
1443268440,PFNa(PB03)_L8_C7,PFNa,PFNa,Traced,565,138,210,2,288035778
1443579770,PFNa(PB03)_R4_C7,PFNa,PFNa,Traced,586,114,235,1,323082717
1447576662,EPG(PB08)_L1,,EPG,Traced,5107,676,299,251,1568187447
1472537557,PFNp_e(PB01a)_L6_C5,PFNp_e,PFNp_e,Traced,189,60,65,3,119345306
1508334312,PEN_a(PB06a)_L3,PEN1,PEN_a(PEN1),Traced,1937,604,533,1,945241267
1536006733,PFNm_b(PB02b)_L8_C7,PFNm_b,PFNm_b,Traced,448,114,121,1,203606131
1537634396,PFNa(PB03)_L3_C2,PFNa,PFNa,Traced,902,187,416,2,505576414
1566644645,PFNa(PB03)_R8_C3,PFNa,PFNa,Traced,701,145,310,1,391422300
1599436552,PFNp_c(PB01c)_R3_C8,PFNp_c,PFNp_c,Traced,628,115,187,2,328505069
1600079770,PFNv(PB05)_L9_C9,PFNv,PFNv,Traced,864,336,237,45,532651939
1600083889,PEN_b(PB06b)_L9,PEN2,PEN_b(PEN2),Traced,1513,328,446,1,535483990
1601771527,PEN_b(PB06b)_R9,PEN2,PEN_b(PEN2),Traced,1585,330,600,2,695171696
1628744095,PFNp_e(PB01a)_R3_C8,PFNp_e,PFNp_e,Traced,466,97,166,1,280875421
1629085008,PFNp_c(PB01c)_R5_C6,PFNp_c,PFNp_c,Traced,656,124,153,1,331263439
1630462217,PFNp_b(PB01b)_L9_C9,PFNp_b,PFNp_b,Traced,99,46,22,1,105277069
1631131487,PFNm_a(PB02a)_R9_C1,PFNm_a,PFNm_a,Traced,674,123,169,1,288470315
1631450739,PEN_b(PB06b)_L5,PEN2,PEN_b(PEN2),Traced,1969,454,852,1,883989562
1660776511,PFNp_e(PB01a)_L3_C2,PFNp_e,PFNp_e,Traced,437,88,160,1,276339951
1661122416,PFNp_e(PB01a)_L5_C4,PFNp_e,PFNp_e,Traced,387,84,149,1,219305166
1661799601,PFNm_a(PB02a)_L3_C2,PFNm_a,PFNm_a,Traced,635,118,177,1,280208936
2371497342,,,,Traced,60,53,18,7,451381483
5812983764,PFR_a(PB11a)_R4_C6,PFR_a,PFR_a,Traced,1416,415,75,4,471231362
5812987327,PFNp_c(PB01c)_R8_C3,PFNp_c,PFNp_c,Traced,509,115,122,1,298644545
5812987803,PFNv(PB05)_R9_C1,PFNv,PFNv,Traced,1222,322,394,44,474139473
5812994148,PFNm_a(PB02a)_L9_C9,PFNm_a,PFNm_a,Traced,428,86,89,1,218173027
5813010807,PFGs(PB10)_R4_C6,PFGs; Tdc2-PB1/2 candidates,PFGs,Traced,2149,418,111,13,991423371
5813012006,EPG(PB08)_L7,EPG,EPG,Traced,3883,539,223,197,1075949177
5813014505,PFNv(PB05)_L7_C7,PFNv,PFNv,Traced,1009,326,246,40,508396228
5813014573,PFNp_a(PB01a)_L3_C2,PFNp_a,PFNp_a,Traced,213,71,100,1,143082748
5813014873,EPG(PB08)_R1,EPG,EPG,Traced,4099,507,288,236,1255365813
5813014882,PEG(PB07)_R5,PEG,PEG,Traced,1147,143,863,1,613166421
5813015999,PFNa(PB03)_L8_C8,PFNa,PFNa,Traced,486,128,157,2,325456392
5813016150,IbSpsP(PB17)_R3,IbSpsP,IbSpsP,Traced,338,136,188,129,290602386
5813016724,,,,Traced,29,57,4,1,277132717
5813016830,PFR_a(PB11a)_R6_C3,PFR_a,PFR_a,Traced,1753,429,99,3,506356008
5813022281,EPG(PB08)_L4,EPG,EPG,Traced,3272,543,271,211,1213503168
5813027103,EPG(PB08)_R5,EPG,EPG,Traced,3574,491,273,227,1188874706
5813040233,EPG(PB08)_R8,EPG,EPG,Traced,3384,433,257,185,1239795168
5813041365,PFL1(PB12a)_L4_C5,PFLC,PFL1,Traced,1254,313,769,4,1163111797
5813041382,IbSpsP(PB17)_L4,IbSpsP,IbSpsP,Traced,726,216,319,215,421480118
5813044670,PFNv(PB05)_L8_C7,PFNv,PFNv,Traced,853,335,172,46,481368357
5813048042,Delta7(PB15)_L5R4_L,Delta7,Delta7,Traced,1147,515,1141,509,1257510073
5813048755,PFGs(PB10)_R3_C7,PFGs; Tdc2-PB1/2 candidates,PFGs,Traced,2264,458,205,26,996211860
5813050000,PFNa(PB03)_R3_C8,PFNa,PFNa,Traced,939,161,487,2,445076007
5813056953,PEN_a(PB06a)_R4,PEN1,PEN_a(PEN1),Traced,1497,424,398,1,766389254
5813058389,P6-8P9(PB14)_R,P6-8P9,P6-8P9,Traced,695,88,695,88,263996599
5813059834,PEG(PB07)_R8,PEG,PEG,Traced,1060,99,874,4,598312740
5813061251,EPG(PB08)_R8,EPG,EPG,Traced,2853,373,177,164,1102701348
5813061383,Delta7(PB15)_L1L9R8_R,Delta7,Delta7,Traced,1322,608,1301,607,1252686779
5813062805,PFR_a(PB11a)_L7_C7,PFR_a,PFR_a,Traced,1191,380,67,1,333743157
5813062866,SIFa(PDM34),,SIFa,Traced,506,308,45,44,4029314519
5813069339,IbSpsP(PB17)_L9,IbSpsP,IbSpsP,Traced,913,254,381,251,544144292
5813070465,PEN_b(PB06b)_L3,PEN2,PEN_b(PEN2),Traced,2254,425,1007,1,904493834
5813077544,EPG(PB08)_R1,EPG,EPG,Traced,5176,601,289,240,1546927969
5813080838,EPG(PB08)_R3,EPG,EPG,Traced,4198,552,350,284,1248939309
5813081494,PFR_b(PB11b)_R1_C8,PFR_b,PFR_b,Traced,1908,118,226,18,591660901
5813087532,IbSpsP(PB17)_R9,IbSpsP,IbSpsP,Traced,445,108,169,107,261895522
5813109050,,,,Traced,258,27,1,1,177899376
5813127581,PFNp_a(PB01a)_L8_C7,PFNp_a,PFNp_a,Traced,130,53,24,1,64677170
5813128308,PFNp_a(PB01a)_L7_C6,PFNp_a,PFNp_a,Traced,310,71,165,1,187284000
5813128537,PFNm_b(PB02b)_L6_C5,PFNm_b,PFNm_b,Traced,326,82,65,1,187604491
5813130063,SIP081(PDM13)_L,,SIP081,Traced,557,176,1,1,516169030