id,instance,notes,type,status,inputs (#post),outputs (#pre),FB #post,FB #pre,NO #post,NO #pre,#voxels
329566174,OA-VPM3(NO2/NO3)_R,,OA-VPM3,Traced,10075,8632,3576,2111,300,198,6917059458
387023620,PEN_b(PB06b)_L4,PEN2,PEN_b(PEN2),Traced,1713,343,3,2,365,105,686693145
417998204,PFNv(PB05)_R4_C7,PFNv,PFNv,Traced,999,229,66,78,606,125,476702093
446714544,PFNd(PB04)_L5_C4,PFNd,PFNd,Traced,1407,310,328,215,538,94,488272608
478077561,PFNa(PB03)_L4_C3,PFNa,PFNa,Traced,617,118,37,74,228,43,331399103
478427368,PFNv(PB05)_L5_C4,PFNv,PFNv,Traced,985,297,81,110,516,133,549640572
508793049,PEN_a(PB06a)_L7,PEN1,PEN_a(PEN1),Traced,1607,587,4,,505,130,809613851
519046655,FB1H(NO2/3)_L,CRENO23FB1-4,FB1H,Traced,7950,3818,3971,2823,809,341,3103732460
539810773,PFNa(PB03)_L4_C3,PFNa,PFNa,Traced,585,102,37,62,249,40,300703583
540493022,PFNa(PB03)_L4_C3,PFNa,PFNa,Traced,594,125,32,73,311,52,295161410
541119189,PFNa(PB03)_R4_C7,PFNa,PFNa,Traced,645,118,40,64,292,53,347051058
569481415,PFNa(PB03)_L5_C4,PFNa,PFNa,Traced,890,194,55,123,454,68,506958053
570185174,PFNa(PB03)_L7_C6,PFNa,PFNa,Traced,820,203,38,125,515,74,519425583
570518166,PFNa(PB03)_L7_C6,PFNa,PFNa,Traced,520,147,43,104,284,41,414900048
571826184,PFNp_a(PB01a)_R3_C8,PFNp_a,PFNp_a,Traced,277,74,28,38,132,32,190747929
572166953,PFNp_b(PB01b)_R3_C8,PFNp_b,PFNp_b,Traced,213,54,21,30,113,24,176173193
572167406,PFNp_a(PB01a)_R2_C9,PFNp_a,PFNp_a,Traced,262,63,19,30,122,30,161518101
572167413,PFNp_b(PB01b)_R3_C8,PFNp_b,PFNp_b,Traced,296,70,32,38,164,32,177049794
572494993,PFNv(PB05)_R4_C7,PFNv,PFNv,Traced,887,211,41,66,524,112,410291839
579268807,FB1C(NO1/NO3)_R,LALNOmFB1,FB1C,Traced,3282,1356,1101,873,403,177,1823088730
601120917,PFNv(PB05)_R6_C5,PFNv,PFNv,Traced,935,249,41,66,473,139,324848103
601216096,PFNa(PB03)_L6_C5,PFNa,PFNa,Traced,470,116,33,72,244,44,313061051
601557317,PFNv(PB05)_L6_C5,PFNv,PFNv,Traced,560,216,53,80,366,99,358469624
604242162,PFNv(PB05)_L2_C1,PFNv,PFNv,Traced,1137,327,122,131,552,147,602925629
632155800,PFNv(PB05)_R6_C5,PFNv,PFNv,Traced,1042,258,49,78,609,146,458330645
632229278,PFNd(PB04)_L5_C4,PFNd,PFNd,Traced,1425,294,360,215,456,79,651552729
632259507,PFNp_b(PB01b)_L6_C5,PFNp_b,PFNp_b,Traced,148,48,15,24,96,23,124912295
632600726,PFNm_a(PB02a)_L6_C5,PFNm_a,PFNm_a,Traced,492,99,54,57,312,39,218388914
632911211,PFNp_c(PB01c)_L4_C3,PFNp_c,PFNp_c,Traced,584,96,145,57,308,39,251718573
632915714,PFNm_a(PB02a)_L4_C3,PFNm_a,PFNm_a,Traced,626,95,46,56,372,37,246213024
633200861,PFNp_a(PB01a)_R4_C7,PFNp_a,PFNp_a,Traced,153,38,20,23,82,15,117650327
633200871,PFNp_b(PB01b)_R4_C7,PFNp_b,PFNp_b,Traced,159,43,13,20,102,22,147362152
633200987,PFNp_b(PB01b)_R4_C7,PFNp_b,PFNp_b,Traced,191,54,15,27,103,27,154184461
633201022,PFNp_b(PB01b)_R4_C7,PFNp_b,PFNp_b,Traced,167,47,25,23,93,20,138906992
633541717,PFNp_a(PB01a)_R4_C7,PFNp_a,PFNp_a,Traced,143,36,16,21,97,14,133694712
633895972,PFNm_b(PB02b)_R3_C8,PFNm_b,PFNm_b,Traced,552,131,198,97,176,34,288254893
633943192,PFNd(PB04)_L4_C3,PFNd,PFNd,Traced,1133,197,176,121,405,75,471084398
662840966,PFNm_b(PB02b)_R6_C5,PFNm_b,PFNm_b,Traced,372,83,91,52,148,30,169771582
662845370,PFNm_b(PB02b)_R6_C5,PFNm_b,PFNm_b,Traced,402,77,65,49,208,25,199812604
662966385,PFNm_b(PB02b)_L6_C5,PFNm_b,PFNm_b,Traced,300,85,58,49,162,33,208563249
663190769,PEN_a(PB06a)_R6,PEN1,PEN_a(PEN1),Traced,1716,436,1,,488,115,784365297
663225743,PFNm_a(PB02a)_R2_C9,PFNm_a,PFNm_a,Traced,549,96,55,53,379,43,238353791
663298610,PFNd(PB04)_L6_C5,,PFNd,Traced,709,183,187,127,323,53,403942805
663558074,PFNa(PB03)_R5_C6,PFNa,PFNa,Traced,860,172,53,111,453,61,498211812
663562172,PEN_b(PB06b)_R4,PEN2,PEN_b(PEN2),Traced,1544,319,1,,336,91,668330517
663898692,PFNa(PB03)_R4_C7,PFNa,PFNa,Traced,487,108,32,61,238,47,304906560
663950729,PFNm_b(PB02b)_L4_C3,PFNm_b,PFNm_b,Traced,486,93,88,58,235,34,224974171
664235541,PFNd(PB04)_R4_C6,,PFNd,Traced,1046,201,232,128,404,73,469484154
664313308,PFNp_a(PB01a)_L6_C5,PFNp_a,PFNp_a,Traced,183,57,15,27,118,27,75752334
664632485,PFNp_b(PB01b)_L4_C3,PFNp_b,PFNp_b,Traced,203,50,12,25,97,25,84320098
664650297,PEN_b(PB06b)_L6,PEN2,PEN_b(PEN2),Traced,1230,327,1,,375,93,428103635
692852666,PFNa(PB03)_R7_C4,PFNa,PFNa,Traced,721,140,31,60,436,80,245535626
692857189,PFNp_c(PB01c)_R7_C4,PFNp_c,PFNp_c,Traced,624,118,38,69,429,49,300907302
693651381,PFNp_c(PB01c)_L7_C6,PFNp_c,PFNp_c,Traced,365,90,34,55,265,33,230082549
693755250,PEN_b(PB06b)_R7,PEN2,PEN_b(PEN2),Traced,1890,432,4,16,386,88,916318576
693979726,PFNp_e(PB01a)_L7_C6,PFNp_e,PFNp_e,Traced,326,78,22,40,218,37,207682939
694665957,PFNp_a(PB01a)_L6_C5,PFNp_a,PFNp_a,Traced,126,34,12,17,84,17,116722412
694666271,PFNp_a(PB01a)_L6_C5,PFNp_a,PFNp_a,Traced,125,37,15,22,79,15,121897260
694670373,PFNp_a(PB01a)_L6_C5,PFNp_a,PFNp_a,Traced,147,56,7,23,108,30,125648610
694985489,PFNp_b(PB01b)_L4_C3,PFNp_b,PFNp_b,Traced,171,29,33,19,99,10,113056251
695270840,PFNd(PB04)_R4_C6,,PFNd,Traced,862,178,168,113,344,64,449980991
695671851,PFNd(PB04)_L4_C3,PFNd,PFNd,Traced,1077,195,175,109,425,86,439202264
696336849,PFNa(PB03)_L3_C2,PFNa,PFNa,Traced,973,200,54,122,512,78,502464273
697014740,PFNp_b(PB01b)_L3_C2,PFNp_b,PFNp_b,Traced,285,60,26,33,126,27,165551982
697014777,PFNp_a(PB01a)_L3_C2,PFNp_a,PFNp_a,Traced,223,62,18,32,132,30,174778904
697355847,PFNd(PB04)_L3_C2,PFNd,PFNd,Traced,1446,321,392,233,450,86,693721878
723546819,PFNp_a(PB01a)_R7_C4,PFNp_a,PFNp_a,Traced,274,62,28,34,134,28,157796486
723602649,PFNv(PB05)_R2_C9,PFNv,PFNv,Traced,1098,316,72,82,730,193,478849250
724228740,PFNp_c(PB01c)_R6_C5,PFNp_c,PFNp_c,Traced,434,80,19,44,269,36,214732167
724267537,PFNv(PB05)_R5_C6,PFNv,PFNv,Traced,1294,324,114,114,610,160,557959797
724276536,PFNp_c(PB01c)_R2_C9,PFNp_c,PFNp_c,Traced,558,113,36,68,368,45,285965169
724280817,PEN_b(PB06b)_R2,PEN2,PEN_b(PEN2),Traced,1882,456,1,2,428,127,838679464
725360291,PFNp_b(PB01b)_L6_C5,PFNp_b,PFNp_b,Traced,136,28,40,24,70,3,102081457
726024758,PFNm_b(PB02b)_L4_C3,PFNm_b,PFNm_b,Traced,470,103,102,69,207,34,222400235
727035427,PFNp_b(PB01b)_L3_C2,PFNp_b,PFNp_b,Traced,205,51,14,25,103,26,156225768
727371546,PFNm_b(PB02b)_L3_C2,PFNm_b,PFNm_b,Traced,578,127,162,81,217,45,266624585
755644082,PFNm_a(PB02a)_R5_C6,PFNm_a,PFNm_a,Traced,724,125,67,80,467,45,306060564
756049717,PFNp_b(PB01b)_L7_C6,PFNp_b,PFNp_b,Traced,147,53,21,27,96,26,133393059
756062593,PFNp_d(PB01a)_L_C5_irreg,PFNp_d,PFNp_d,Traced,114,23,68,19,38,2,97173679
756390536,PFNp_a(PB01a)_L7_C6,PFNp_a,PFNp_a,Traced,150,55,25,31,110,23,129848734
757055317,PEN_a(PB06a)_L4,PEN1,PEN_a(PEN1),Traced,1538,415,2,,355,97,719023584
757055403,PFNp_c(PB01c)_L4_C3,PFNp_c,PFNp_c,Traced,331,80,27,46,197,31,189910355
757413552,PFNd(PB04)_L6_C5,PFNd,PFNd,Traced,848,218,207,128,412,88,282580635
757699264,PFNp_b(PB01b)_R2_C9,PFNp_b,PFNp_b,Traced,185,56,23,31,115,25,177574976
758065781,PFNd(PB04)_L2_C1,PFNd,PFNd,Traced,1160,246,263,159,436,87,527070739
758069781,PFNp_b(PB01b)_L3_C2,PFNp_b,PFNp_b,Traced,185,46,14,21,118,25,165326826
758069811,PFNp_a(PB01a)_L3_C2,PFNp_a,PFNp_a,Traced,234,62,33,35,127,27,155289972
758743604,PFNp_d(PB01a)_L3_C2,PFNp_d,PFNp_d,Traced,198,36,70,31,67,5,128832019
759084183,PFNm_b(PB02b)_L2_C1,PFNm_b,PFNm_b,Traced,531,109,128,71,237,38,266687013
759084486,PFNa(PB03)_L2_C1,PFNa,PFNa,Traced,766,133,47,73,330,59,414490420
785957618,PFNp_b(PB01b)_R6_C5,PFNp_b,PFNp_b,Traced,196,49,28,28,93,21,139162299
786000969,PFNp_c(PB01c)_R5_C6,PFNp_c,PFNp_c,Traced,513,94,30,47,311,47,264584805
786013801,PFNd(PB04)_R3_C7,,PFNd,Traced,1597,269,321,186,565,83,637182398
786013842,PFNm_b(PB02b)_R2_C9,PFNm_b,PFNm_b,Traced,512,96,94,62,269,34,230265683
786013856,PFNd(PB04)_R3_C7,,PFNd,Traced,1465,270,271,174,505,95,603628773
786674282,PFNd(PB04)_R5_C5,,PFNd,Traced,1502,290,353,193,561,97,665330862
786679162,PFNp_e(PB01a)_R5_C6,PFNp_e,PFNp_e,Traced,432,90,21,48,265,38,237638751
786989348,PFNd(PB04)_R6_C4,PFNd,PFNd,Traced,1139,219,205,132,421,87,443263754
786989395,PFNd(PB04)_R6_C4,PFNd,PFNd,Traced,925,191,178,131,294,60,421709404
788111826,PFNd(PB04)_L6_C5,,PFNd,Traced,865,204,149,114,476,90,288862946
789104870,PFNp_b(PB01b)_L3_C2,PFNp_b,PFNp_b,Traced,214,43,21,21,101,22,135628687
816682053,PFNp_a(PB01a)_R6_C5,PFNp_a,PFNp_a,Traced,204,37,3,15,111,22,122767020
816682061,PFNp_b(PB01b)_R7_C4,PFNp_b,PFNp_b,Traced,233,51,26,27,140,24,150665485
816682110,PFNp_a(PB01a)_R6_C5,PFNp_a,PFNp_a,Traced,151,43,11,22,76,21,130083771
817342497,PFNp_b(PB01b)_R7_C4,PFNp_b,PFNp_b,Traced,282,68,46,42,146,25,146223200
817346903,PFNd(PB04)_R7_C3,PFNd,PFNd,Traced,1518,311,336,201,641,107,624578000
817674780,PFNp_a(PB01a)_R6_C5,PFNp_a,PFNp_a,Traced,199,41,19,21,91,20,129206928
817683388,PFNp_a(PB01a)_R7_C4,PFNp_a,PFNp_a,Traced,260,85,27,41,130,39,168352353
818063189,PFNa(PB03)_R2_C9,PFNa,PFNa,Traced,623,131,37,74,334,57,370339132
818119357,PFNp_c(PB01c)_L7_C6,PFNp_c,PFNp_c,Traced,506,117,38,75,371,42,274134599
819073675,PFNd(PB04)_R4_C6,,PFNd,Traced,1000,178,179,109,432,68,411066455
819138027,PFNp_b(PB01b)_L4_C3,PFNp_b,PFNp_b,Traced,156,43,11,18,90,24,134946976
819138035,PFNp_a(PB01a)_L4_C3,PFNp_a,PFNp_a,Traced,189,44,15,27,83,14,150272681
819138239,PFNd(PB04)_L4_C3,PFNd,PFNd,Traced,928,178,226,133,277,44,365427761
847336755,PEN_a(PB06a)_R6,PEN1,PEN_a(PEN1),Traced,1567,412,1,,390,98,782298170
847712233,PFNp_b(PB01b)_R6_C5,PFNp_b,PFNp_b,Traced,187,51,26,27,96,23,145745444
847712250,PFNp_e(PB01a)_R6_C5,PFNp_e,PFNp_e,Traced,304,53,16,26,155,26,174366951
847712342,PFNp_b(PB01b)_R6_C5,PFNp_b,PFNp_b,Traced,192,48,15,20,115,28,147420508
848407278,PFNp_b(PB01b)_R5_C6,PFNp_b,PFNp_b,Traced,257,55,19,25,133,30,172660861
848800043,PFNp_c(PB01c)_L5_C4,PFNp_c,PFNp_c,Traced,489,106,37,55,306,50,262799349
848800082,PFNp_c(PB01c)_L5_C4,PFNp_c,PFNp_c,Traced,544,123,39,70,363,53,302734668
848817674,PFNa(PB03)_L6_C5,PFNa,PFNa,Traced,475,109,22,68,254,38,286421071
849162653,PFNp_d(PB01a)_L6_C5,PFNp_d,PFNp_d,Traced,87,19,26,16,49,1,92814524
849421893,PFNm_b(PB02b)_R5_C6,PFNm_b,PFNm_b,Traced,427,124,106,89,184,35,265359039
849482511,PEN_a(PB06a)_L4,PEN1,PEN_a(PEN1),Traced,1591,438,1,,368,84,737349791
849763224,PFNa(PB03)_R4_C7,PFNa,PFNa,Traced,652,115,27,66,349,49,354180079
849832062,PFNa(PB03)_L4_C3,PFNa,PFNa,Traced,418,87,38,54,211,33,259046164
849832122,PFNp_b(PB01b)_L4_C3,PFNp_b,PFNp_b,Traced,189,47,14,25,88,22,140054048
849844855,PFNa(PB03)_L6_C5,PFNa,PFNa,Traced,432,106,39,65,260,40,258428930
850104005,PFNd(PB04)_R4_C6,,PFNd,Traced,1071,187,151,106,506,81,477327541
850492366,PFNp_c(PB01c)_L3_C2,PFNp_c,PFNp_c,Traced,505,116,44,68,292,48,281676820
850829072,PFNp_b(PB01b)_L2_C1,PFNp_b,PFNp_b,Traced,202,54,19,28,96,26,162438540
850829248,PFNp_c(PB01c)_L2_C1,PFNp_c,PFNp_c,Traced,489,96,50,62,319,34,254538077
851170296,PFNp_b(PB01b)_L3_C2,PFNp_b,PFNp_b,Traced,183,38,25,22,107,16,125236748
877702431,PFNp_a(PB01a)_R7_C4,PFNp_a,PFNp_a,Traced,250,61,21,31,142,29,153717522
878380399,PFNd(PB04)_R6_C4,,PFNd,Traced,969,202,163,119,484,83,454496955
878725581,PFNp_a(PB01a)_R6_C5,PFNp_a,PFNp_a,Traced,238,54,14,27,107,24,137842641
879442155,PFNa(PB03)_R5_C6,PFNa,PFNa,Traced,934,200,53,128,478,69,502217851
879748663,PFNa(PB03)_R6_C5,PFNa,PFNa,Traced,536,105,28,59,283,46,302692993
879779401,PFNp_b(PB01b)_R5_C6,PFNp_b,PFNp_b,Traced,257,61,21,30,149,31,171788398
879844133,PFNp_d(PB01a)_L5_C4,PFNp_d,PFNp_d,Traced,122,29,47,24,63,2,118494090
879844144,PFNp_b(PB01b)_L5_C4,PFNp_b,PFNp_b,Traced,196,47,19,27,107,20,132372936
879844178,PFNp_d(PB01a)_L5_C4,PFNp_d,PFNp_d,Traced,167,28,55,22,79,6,108237111
879844206,PFNp_a(PB01a)_L5_C4,PFNp_a,PFNp_a,Traced,206,67,29,36,109,26,145747740
879844210,PFNp_b(PB01b)_L5_C4,PFNp_b,PFNp_b,Traced,242,67,25,32,120,33,151169349
880185131,PFNa(PB03)_L5_C4,PFNa,PFNa,Traced,770,169,59,109,378,59,449849872
880526177,PFNp_a(PB01a)_L4_C3,PFNp_a,PFNp_a,Traced,175,44,17,27,83,16,130666707
880526292,PFNp_c(PB01c)_L4_C3,PFNp_c,PFNp_c,Traced,493,98,30,57,314,39,239556831
880526398,PFNp_a(PB01a)_L4_C3,PFNp_a,PFNp_a,Traced,202,49,29,33,101,16,130670870
880526477,PFNa(PB03)_L4_C3,PFNa,PFNa,Traced,625,112,46,65,291,46,330939585
880538997,PFNd(PB04)_L6_C5,,PFNd,Traced,963,203,199,128,480,73,387127398
880875900,PFNm_a(PB02a)_L5_C4,PFNm_a,PFNm_a,Traced,741,122,86,71,425,50,300524123
881216816,PFNp_a(PB01a)_L5_C4,PFNp_a,PFNp_a,Traced,176,57,18,30,89,27,120219840
881527223,PFNd(PB04)_L3_C2,PFNd,PFNd,Traced,1355,305,297,211,503,94,618600868
881868311,PFNp_a(PB01a)_L2_C1,PFNp_a,PFNp_a,Traced,119,40,15,20,72,19,124863001
909777910,PFNa(PB03)_R7_C4,PFNa,PFNa,Traced,883,181,56,124,457,52,489398842
909877092,PFNd(PB04)_L7_C6,,PFNd,Traced,1160,278,245,166,646,108,552082947
910447220,PFNd(PB04)_R5_C5,,PFNd,Traced,1405,282,286,184,550,97,658312304
910473088,PFNp_b(PB01b)_R5_C6,PFNp_b,PFNp_b,Traced,194,61,25,27,127,34,154340514
910878587,PFNp_a(PB01a)_L5_C4,PFNp_a,PFNp_a,Traced,176,50,15,27,100,23,136279137
911215499,PFNp_c(PB01c)_L4_C3,PFNp_c,PFNp_c,Traced,403,78,38,47,239,31,219384807
911219981,PFNp_d(PB01a)_L4_C3,PFNp_d,PFNp_d,Traced,138,24,33,19,63,3,106419834
911220325,PFNp_d(PB01a)_L4_C3,PFNp_d,PFNp_d,Traced,112,19,29,13,72,5,54851035
911220331,PFNp_b(PB01b)_L4_C3,PFNp_b,PFNp_b,Traced,163,46,12,24,82,21,143137002
911500529,PFNp_c(PB01c)_R2_C9,PFNp_c,PFNp_c,Traced,342,71,26,40,228,31,201548057
911504643,PFNd(PB04)_R2_C8,,PFNd,Traced,1031,227,241,147,440,79,478031684
911504689,PFNv(PB05)_R3_C8,PFNv,PFNv,Traced,1576,330,71,103,817,188,526575662
911560974,PFNd(PB04)_L4_C3,PFNd,PFNd,Traced,1076,185,182,109,378,76,469089516
911823931,PFNp_a(PB01a)_R4_C7,PFNp_a,PFNp_a,Traced,136,39,14,21,78,17,127899766
911897818,PFNv(PB05)_L4_C3,PFNv,PFNv,Traced,957,214,63,79,393,103,419349386
911897964,PFNv(PB05)_L4_C3,PFNv,PFNv,Traced,824,190,92,62,367,94,382389771
912238927,PFNp_e(PB01a)_L4_C3,PFNp_e,PFNp_e,Traced,313,68,23,37,153,28,187390993
912558136,PFNp_b(PB01b)_L2_C1,PFNp_b,PFNp_b,Traced,132,38,28,23,81,15,109033536
912894972,PFNp_a(PB01a)_L2_C1,PFNp_a,PFNp_a,Traced,223,54,16,31,114,22,74353202
912894991,PFNv(PB05)_L3_C2,PFNv,PFNv,Traced,1524,325,115,146,628,120,631785776
912898873,PFNp_d(PB01a)_L2_C1,PFNp_d,PFNp_d,Traced,124,16,45,15,53,1,95689834
913235746,PFNp_e(PB01a)_L2_C1,PFNp_e,PFNp_e,Traced,316,72,19,30,181,40,209241742
916974420,PFNa(PB03)_L6_C5,PFNa,PFNa,Traced,475,96,32,58,278,37,262883335
940791092,PFNp_b(PB01b)_R6_C5,PFNp_b,PFNp_b,Traced,172,37,35,26,70,11,119275043
940791093,PFNp_b(PB01b)_R6_C5,PFNp_b,PFNp_b,Traced,207,42,48,28,100,13,124953130
940791115,PFNp_b(PB01b)_R6_C5,PFNp_b,PFNp_b,Traced,179,52,30,30,87,21,146076844
940791123,PFNp_b(PB01b)_R6_C5,PFNp_b,PFNp_b,Traced,178,39,27,21,98,17,135021179
940791383,PFNd(PB04)_R6_C4,PFNd,PFNd,Traced,991,183,188,117,354,64,408413149
940808800,PFNp_e(PB01a)_R7_C4,PFNp_e,PFNp_e,Traced,380,84,23,41,226,41,237152945
941132270,PFNa(PB03)_R6_C5,PFNa,PFNa,Traced,560,112,38,70,227,42,333056544
941244280,PFNa(PB03)_L7_C6,PFNa,PFNa,Traced,530,135,38,74,359,61,348045050
942172462,PFNp_b(PB01b)_R4_C7,PFNp_b,PFNp_b,Traced,180,34,45,21,112,13,121738737
942254492,PFNp_e(PB01a)_L4_C3,PFNp_e,PFNp_e,Traced,212,56,15,33,112,21,169830327
942254554,PFNa(PB03)_L4_C3,PFNa,PFNa,Traced,530,86,40,51,244,35,276831339
942535218,PFNp_b(PB01b)_R3_C8,PFNp_b,PFNp_b,Traced,240,45,47,30,99,15,127512872
943226223,PFNp_b(PB01b)_R3_C8,PFNp_b,PFNp_b,Traced,288,67,34,37,148,30,189657430
943592738,PFNp_b(PB01b)_L2_C1,PFNp_b,PFNp_b,Traced,213,50,33,28,103,21,139934401
943592989,PFNp_b(PB01b)_L2_C1,PFNp_b,PFNp_b,Traced,142,33,50,26,77,7,115633533
943921248,PFNa(PB03)_L2_C1,PFNa,PFNa,Traced,645,147,42,89,332,58,379312942
971506655,PFNa(PB03)_R7_C4,PFNa,PFNa,Traced,864,188,33,112,435,74,481997001
971817401,PFNp_a(PB01a)_R6_C5,PFNp_a,PFNp_a,Traced,159,35,9,17,83,18,122675710
971817711,PFNv(PB05)_R7_C3,PFNv,PFNv,Traced,1415,342,104,127,799,172,589230506
972624772,PFNm_a(PB02a)_L7_C6,PFNm_a,PFNm_a,Traced,642,126,62,67,452,58,293734760
972871918,PFNa(PB03)_R4_C7,PFNa,PFNa,Traced,561,102,40,63,279,39,303243486
972892437,PEN_a(PB06a)_R2,PEN1,PEN_a(PEN1),Traced,1676,513,1,,462,106,848941665
974627674,PFNd(PB04)_L2_C1,PFNd,PFNd,Traced,1139,250,245,163,449,87,513924971
974968796,PFNm_a(PB02a)_L2_C1,PFNm_a,PFNm_a,Traced,548,115,55,66,341,49,279350363
1002507131,PEN_a(PB06a)_R7,PEN1,PEN_a(PEN1),Traced,1917,612,1,,560,148,1065119131
1002848124,PFNd(PB04)_R7_C3,PFNd,PFNd,Traced,1443,299,371,209,542,89,682555606
1003318634,PFNd(PB04)_L7_C6,,PFNd,Traced,1336,307,343,196,624,110,637846497
1003659595,PFNp_b(PB01b)_L7_C6,PFNp_b,PFNp_b,Traced,196,84,28,39,150,43,175868484
1008378448,FB4Y(EB/NO1)_R,EBCREFB45,FB4Y,Traced,6301,1791,2988,1406,354,45,2716937442
1032643905,PFNa(PB03)_L9_C9,PFNa,PFNa,Traced,545,140,45,101,293,38,363225756
1034703497,PFNp_b(PB01b)_L7_C6,PFNp_b,PFNp_b,Traced,147,54,19,29,111,25,147176282
1034711992,PFNp_a(PB01a)_L7_C6,PFNp_a,PFNp_a,Traced,224,67,14,32,153,31,148000552
1035955516,PFNm_b(PB02b)_R4_C7,PFNm_b,PFNm_b,Traced,392,93,105,68,148,22,212169182
1069757725,PFNp_b(PB01b)_L6_C5,PFNp_b,PFNp_b,Traced,156,36,37,23,88,12,113987135
1075827302,FB2D_R,LALCREFB2_2,FB2D,Traced,3206,575,2714,552,19,2,1027285919
1094722478,PFNp_c(PB01c)_L8_C7,PFNp_c,PFNp_c,Traced,298,80,11,41,228,38,175772979
1094934199,PFNd(PB04)_R8_C2,PFNd,PFNd,Traced,1410,281,294,189,539,90,683485050
1100792636,FB4Y(EB/NO1)_L,EBCREFB45,FB4Y,Traced,4658,1763,2947,1316,409,53,1949749132
1100796921,FB4M(PPM3-FB3/4-NO-DAN)_L,CRENO2FB4_2,FB4M,Traced,2493,2346,2062,2154,272,144,1593973477
1100801075,FB4M(PPM3-FB3/4-NO-DAN)_L,CRENO2FB4_2,FB4M,Traced,2596,2354,2099,2147,310,157,1579340978
1101133698,FB4B(NO2)_L,NO2LALFB4,FB4B,Traced,3594,915,2816,836,760,75,1317034611
1106857669,FB4B(NO2)_R,NO2LALFB4,FB4B,Traced,4239,862,2599,777,713,74,2142474039
1125411720,PFNp_c(PB01c)_L9_C9,PFNp_c,PFNp_c,Traced,480,117,56,73,318,44,247192520
1125964630,PEN_a(PB06a)_R8,PEN1,PEN_a(PEN1),Traced,2100,598,8,,584,136,1146383370
1125964651,PFNv(PB05)_R8_C3,PFNv,PFNv,Traced,1191,347,106,128,674,166,607539930
1125964879,PFNp_b(PB01b)_R8_C3,PFNp_b,PFNp_b,Traced,180,47,29,25,83,22,146574800
1125964899,PFNp_b(PB01b)_R8_C3,PFNp_b,PFNp_b,Traced,150,33,39,27,70,6,111011326
1126301255,PFNa(PB03)_R8_C3,PFNa,PFNa,Traced,640,141,35,82,276,52,400991774
1126301622,PFNp_c(PB01c)_R8_C3,PFNp_c,PFNp_c,Traced,411,101,23,51,269,50,265534016
1126305687,PFNp_a(PB01a)_R8_C3,PFNp_a,PFNp_a,Traced,167,41,7,19,107,22,148659739
1126306451,PFNd(PB04)_R8_C2,PFNd,PFNd,Traced,1342,293,334,212,500,80,710219740
1126310716,PFNp_e(PB01a)_R8_C3,PFNp_e,PFNp_e,Traced,416,80,19,36,244,43,213817246
1126310776,PFNa(PB03)_R8_C2,PFNa,PFNa,Traced,583,123,54,74,316,49,358744120
1126310807,PFNp_a(PB01a)_R8_C3,PFNp_a,PFNp_a,Traced,188,65,26,38,90,23,158827656
1126310841,PFNp_b(PB01b)_R8_C3,PFNp_b,PFNp_b,Traced,211,56,37,28,107,28,89825484
1126310969,PFNa(PB03)_R8_C3,PFNa,PFNa,Traced,583,138,30,94,268,43,348721689
1127471202,PFNd(PB04)_L8_C7,,PFNd,Traced,1051,258,185,145,609,111,350288881
1127471692,PEN_a(PB06a)_L8,PEN1,PEN_a(PEN1),Traced,1819,576,2,,633,143,866409069
1127808629,PFNp_b(PB01b)_L8_C7,PFNp_b,PFNp_b,Traced,140,47,33,25,89,22,121365609
1128495875,PFNd(PB04)_L8_C7,,PFNd,Traced,973,275,204,165,552,105,352459296
1129456907,PFNp_a(PB01a)_L2_C1,PFNp_a,PFNp_a,Traced,132,40,7,13,89,27,130305771
1131827390,FB4M(PPM3-FB3/4-NO-DAN)_R,CRENO2FB4_2,FB4M,Traced,4431,2614,2054,2395,244,121,2860197903
1131831822,FB3A_R,,FB3A,Traced,2774,451,1217,352,580,96,1522866333
1131836229,FB4C(NO2)_L,CRENO2FB4_1,FB4C,Traced,4730,917,2441,620,1019,171,1390563331
1135518161,vDeltaA_b_C0,FB1D0FB8,vDeltaA_b,Traced,182,83,162,78,1,1,177730173
1137590785,SIFa(PDM34),,SIFa,Traced,658,344,39,30,24,28,4308407118
1155302782,PFNm_a(PB02a)_R8_C3,PFNm_a,PFNm_a,Traced,546,119,43,63,375,54,319944629
1155652503,PFNa(PB03)_R9_C1,PFNa,PFNa,Traced,597,134,36,85,309,47,412774414
1156663078,PFNm_b(PB02b)_R8_C3,PFNm_b,PFNm_b,Traced,517,99,83,62,298,37,246283752
1156999846,PFNp_a(PB01a)_R8_C3,PFNp_a,PFNp_a,Traced,175,52,12,27,93,24,148449235
1157000178,PFNp_e(PB01a)_R8_C3,PFNp_e,PFNp_e,Traced,348,79,32,37,165,35,183649556
1158507458,PFNp_e(PB01a)_L8_C7,PFNp_e,PFNp_e,Traced,287,75,12,33,175,37,179574042
1158507467,PFNp_b(PB01b)_L8_C7,PFNp_b,PFNp_b,Traced,168,57,25,26,120,30,123595201
1159530101,PFNp_c(PB01c)_L8_C7,PFNp_c,PFNp_c,Traced,347,96,29,58,236,38,197650113
1160833169,PFNp_b(PB01b)_L2_C1,PFNp_b,PFNp_b,Traced,148,41,31,25,74,16,134082097
1162529693,FB3A_R,,FB3A,Traced,2547,449,1223,354,561,92,1488371650
1162866390,FB3A_L,,FB3A,Traced,1682,474,1192,375,479,97,748100151
1164597572,PFNp_b(PB01b)_L8_C7,PFNp_b,PFNp_b,Traced,140,50,21,28,99,19,113308724
1187693355,PFNp_b(PB01b)_R8_C3,PFNp_b,PFNp_b,Traced,162,44,32,28,104,16,142162178
1187831582,PFNa(PB03)_L9_C9,PFNa,PFNa,Traced,682,181,45,113,355,66,384194515
1187844616,PFNd(PB04)_L9_C8,,PFNd,Traced,1212,301,292,191,586,109,502728141
1188043606,PFNp_d(PB01a)_R8_C3,PFNp_d,PFNp_d,Traced,114,29,34,23,65,4,107834774
1188163963,PFNm_a(PB02a)_L9_C9,PFNm_a,PFNm_a,Traced,580,121,72,72,375,48,251157582
1188181261,PFNd(PB04)_L9_C8,,PFNd,Traced,1132,276,260,157,580,117,489974838
1188371481,PFNp_b(PB01b)_R8_C3,PFNp_b,PFNp_b,Traced,151,53,16,34,83,19,139693719
1188716311,PFNp_b(PB01b)_R8_C3,PFNp_b,PFNp_b,Traced,152,31,29,19,68,12,127026545
1189549476,PFNm_b(PB02b)_L9_C9,PFNm_b,PFNm_b,Traced,375,88,77,53,191,34,200887917
1189882785,PFNp_b(PB01b)_L8_C7,PFNp_b,PFNp_b,Traced,135,48,24,32,93,16,111933746
1189887646,PFNp_b(PB01b)_L8_C7,PFNp_b,PFNp_b,Traced,160,43,31,25,112,17,116529422
1193560072,FB3A_L,,FB3A,Traced,1702,444,1228,366,464,78,733766372
1217385533,PFNa(PB03)_R9_C1,PFNa,PFNa,Traced,798,169,65,117,353,52,490492585
1217394039,PFNm_b(PB02b)_R9_C1,PFNm_b,PFNm_b,Traced,536,113,121,82,230,27,253744616
1218728463,PFNp_b(PB01b)_R9_C1,PFNp_b,PFNp_b,Traced,242,66,38,38,139,27,134505617
1218728541,PFNa(PB03)_R9_C1,PFNa,PFNa,Traced,864,195,59,128,476,64,527636691
1218728544,PFNp_b(PB01b)_R9_C1,PFNp_b,PFNp_b,Traced,189,55,35,36,108,19,130675048
1218728570,PEN_b(PB06b)_R9,PEN2,PEN_b(PEN2),Traced,1423,315,10,14,394,93,706646004
1218728588,PFNp_a(PB01a)_R9_C2,PFNp_a,PFNp_a,Traced,207,56,16,29,116,27,144326219
1218732640,PEN_a(PB06a)_R9,PEN1,PEN_a(PEN1),Traced,1946,563,1,,658,175,1008550189
1218732781,PFNd(PB04)_R9_C1,PFNd,PFNd,Traced,1297,275,244,166,523,105,652471029
1218732931,PFNd(PB04)_R9_C1,PFNd,PFNd,Traced,1361,263,276,169,596,92,598588168
1218733141,PFNp_b(PB01b)_R9_C2,PFNp_b,PFNp_b,Traced,186,51,11,22,136,29,145939775
1219069788,PFNp_a(PB01a)_R9_C2,PFNp_a,PFNp_a,Traced,310,73,19,35,176,33,170005012
1219410844,PFNp_a(PB01a)_R9_C2,PFNp_a,PFNp_a,Traced,189,49,22,22,113,27,143591103
1219756158,PFNp_a(PB01a)_R9_C2,PFNp_a,PFNp_a,Traced,288,76,17,33,133,39,170645565
1219889738,PFNp_c(PB01c)_L9_C9,PFNp_c,PFNp_c,Traced,258,82,20,43,179,37,184585387
1220576923,PEN_a(PB06a)_L9,,PEN_a(PEN1),Traced,1833,643,1,1,605,173,883794470
1220581302,PFNp_a(PB01a)_L9_C8,PFNp_a,PFNp_a,Traced,135,50,13,21,91,28,107373795
1220584946,PEN_b(PB06b)_L9,PEN2,PEN_b(PEN2),Traced,1349,320,3,11,506,104,524380567
1223640877,PFNv(PB05)_L6_C5,PFNv,PFNv,Traced,480,166,23,59,330,70,323395635
1224249917,PFNa(PB03)_R6_C5,PFNa,PFNa,Traced,556,106,41,72,255,34,324744105
1224254476,PFNa(PB03)_R6_C5,PFNa,PFNa,Traced,513,99,35,53,248,46,279492497
1224258912,FB2A(PPM3-FB2-NO-DAN)_L,NOaLALFB2,FB2A,Traced,1658,1145,1470,1078,154,37,717985024
1224595273,FB2A(PPM3-FB2-NO-DAN)_R,NOaLALFB2,FB2A,Traced,2359,1059,1328,964,169,52,1211327177
1224936588,PFNa(PB03)_L6_C5,PFNa,PFNa,Traced,443,108,31,66,234,39,297415403
1224941044,FB2A(PPM3-FB2-NO-DAN)_R,NOaLALFB2,FB2A,Traced,2613,1170,1508,1105,150,33,1272001412
1224945418,FB2A(PPM3-FB2-NO-DAN)_L,NOaLALFB2,FB2A,Traced,1475,1010,1289,937,155,48,638450431
1225290633,FB4C(NO2)_R,CRENO2FB4_1,FB4C,Traced,6802,976,2532,605,1040,170,2367341468
1248424794,PFNp_b(PB01b)_R9_C1,PFNp_b,PFNp_b,Traced,235,62,22,26,138,34,167706792
1248765883,PFNp_d(PB01a)_R9_C2,PFNp_d,PFNp_d,Traced,167,23,38,21,84,2,109632660
1248770299,PFNp_c(PB01c)_R9_C1,PFNp_c,PFNp_c,Traced,472,105,31,67,311,38,248764575
1249098248,PFNp_c(PB01c)_R9_C1,PFNp_c,PFNp_c,Traced,414,95,32,63,264,31,245492361
1249763220,PFNp_c(PB01c)_R9_C1,PFNp_c,PFNp_c,Traced,466,85,28,44,297,39,230917019
1250113157,PFNp_b(PB01b)_R9_C1,PFNp_b,PFNp_b,Traced,185,50,11,19,125,31,138462094
1250113288,PFNp_e(PB01a)_R9_C2,PFNp_e,PFNp_e,Traced,376,77,23,32,231,41,201082822
1251265590,PFNp_b(PB01b)_L9_C8,PFNp_b,PFNp_b,Traced,129,48,10,21,103,24,122289121
1251265778,PFNp_b(PB01b)_L9_C9,PFNp_b,PFNp_b,Traced,147,49,29,31,80,17,119435766
1251269930,PFNp_e(PB01a)_L9_C8,PFNp_e,PFNp_e,Traced,248,70,12,25,157,38,153099415
1251275120,PFNa(PB03)_L9_C9,PFNa,PFNa,Traced,570,150,55,107,274,43,357032990
1251952397,PFNp_a(PB01a)_L9_C8,PFNp_a,PFNp_a,Traced,186,55,13,22,139,32,112002974
1255297613,PFNa(PB03)_R6_C5,PFNa,PFNa,Traced,559,113,43,71,274,42,316317120
1255638782,PFNa(PB03)_L6_C5,PFNa,PFNa,Traced,531,117,34,74,319,43,325866264
1256376704,PFNp_e(PB01a)_L6_C5,PFNp_e,PFNp_e,Traced,258,79,15,34,191,38,201325134
1282300415,PFNp_a(PB01a)_L9_C8,PFNp_a,PFNp_a,Traced,183,61,12,25,121,33,123262281
1282305753,PFNp_b(PB01b)_L9_C9,PFNp_b,PFNp_b,Traced,164,47,35,26,122,19,118136261
1282646571,PFNp_b(PB01b)_L9_C9,PFNp_b,PFNp_b,Traced,156,56,33,30,90,26,118912206
1282991279,PFNp_b(PB01b)_L9_C8,PFNp_b,PFNp_b,Traced,150,46,4,18,129,28,126159058
1286315568,PFNa(PB03)_R6_C5,PFNa,PFNa,Traced,543,107,33,67,258,40,300802409
1287411513,PFNp_d(PB01a)_R6_C5,PFNp_d,PFNp_d,Traced,89,22,52,21,33,1,101264112
1289359184,FB4M(PPM3-FB3/4-NO-DAN)_R,CRENO2FB4_2,FB4M,Traced,4578,2519,2100,2315,271,121,2446970593
1310499077,PFNm_a(PB02a)_R9_C1,PFNm_a,PFNm_a,Traced,635,147,50,88,454,59,310431039
1318109929,PEN_b(PB06b)_L7,PEN2,PEN_b(PEN2),Traced,1781,438,7,19,540,113,839952860
1320799646,PFNp_a(PB01a)_L8_C7,PFNp_a,PFNp_a,Traced,174,65,18,37,95,24,128176386
1345056477,PFNp_b(PB01b)_L9_C8,PFNp_b,PFNp_b,Traced,121,26,37,21,52,4,103644725
1348057533,FB1C(NO1/NO3)_L,LALNOmFB1,FB1C,Traced,1549,1116,1043,834,468,189,804505807
1348769299,PFNp_b(PB01b)_L4_C3,PFNp_b,PFNp_b,Traced,212,35,31,20,99,15,115742706
1349114660,PFNp_a(PB01a)_L4_C3,PFNp_a,PFNp_a,Traced,114,40,9,18,66,22,127554851
1349114669,PFNp_b(PB01b)_L4_C3,PFNp_b,PFNp_b,Traced,230,44,34,30,74,13,138581517
1349114715,PFNm_a(PB02a)_L4_C3,PFNm_a,PFNm_a,Traced,434,54,19,19,295,35,222259750
1350803100,PFNp_a(PB01a)_R5_C6,PFNp_a,PFNp_a,Traced,260,87,53,63,124,24,175051158
1353544607,PEN_b(PB06b)_L8,PEN2,PEN_b(PEN2),Traced,1807,490,4,23,646,146,619565622
1379087619,FB1C(NO1/NO3)_L,LALNOmFB1,FB1C,Traced,1636,1169,1172,888,439,172,873045387
1380145201,PFNp_c(PB01c)_L6_C5,PFNp_c,PFNp_c,Traced,317,78,14,37,228,40,163099219
1380145267,PFNp_b(PB01b)_L4_C3,PFNp_b,PFNp_b,Traced,179,50,22,25,108,25,131950425
1380149563,PFNp_c(PB01c)_L6_C5,PFNp_c,PFNp_c,Traced,258,60,11,25,198,35,161678827
1380149683,PFNp_c(PB01c)_L6_C5,PFNp_c,PFNp_c,Traced,296,70,9,38,229,31,191121333
1380408540,PFNp_b(PB01b)_R7_C4,PFNp_b,PFNp_b,Traced,204,39,58,28,108,11,123772072
1380408769,PFNp_d(PB01a)_R7_C4,PFNp_d,PFNp_d,Traced,178,31,70,27,78,3,126155522
1380495496,PEN_a(PB06a)_L6,PEN1,PEN_a(PEN1),Traced,1285,367,3,,445,89,467834236
1410105306,PFNp_e(PB01a)_R4_C7,PFNp_e,PFNp_e,Traced,346,67,28,33,196,31,186565124
1410118722,PFNp_b(PB01b)_R6_C5,PFNp_b,PFNp_b,Traced,133,18,37,16,62,2,118974380
1410122382,PFNm_a(PB02a)_R6_C5,PFNm_a,PFNm_a,Traced,538,95,79,55,365,40,245546738
1410122586,PFNp_c(PB01c)_R6_C5,PFNp_c,PFNp_c,Traced,475,86,34,57,311,29,235054644
1410122843,PFNp_b(PB01b)_R6_C5,PFNp_b,PFNp_b,Traced,210,46,19,22,92,24,134434265
1410122892,PFNp_c(PB01c)_R6_C5,PFNp_c,PFNp_c,Traced,435,80,27,48,287,32,236861136
1410127303,PFNp_c(PB01c)_L6_C5,PFNp_c,PFNp_c,Traced,435,96,36,54,311,39,238160891
1410127581,PFNm_a(PB02a)_L6_C5,PFNm_a,PFNm_a,Traced,421,94,60,55,294,38,222599797
1410450511,PFNm_b(PB02b)_R4_C7,PFNm_b,PFNm_b,Traced,498,86,84,50,228,35,216523210
1410450514,PFNp_a(PB01a)_R6_C5,PFNp_a,PFNp_a,Traced,209,58,16,29,97,25,137642051
1410450694,PFNp_b(PB01b)_R4_C7,PFNp_b,PFNp_b,Traced,186,47,18,22,116,23,144402524
1410450859,PFNp_a(PB01a)_R6_C5,PFNp_a,PFNp_a,Traced,202,41,12,19,111,22,128311617
1410450949,PFNm_a(PB02a)_R6_C5,PFNm_a,PFNm_a,Traced,586,108,36,64,412,44,263849323
1410451120,PFNp_c(PB01c)_R6_C5,PFNp_c,PFNp_c,Traced,429,82,21,44,271,37,206071298
1410451151,PFNp_b(PB01b)_R6_C5,PFNp_b,PFNp_b,Traced,176,43,18,24,90,19,133385361
1410472719,PFNp_c(PB01c)_L6_C5,PFNp_c,PFNp_c,Traced,422,81,32,49,305,32,202552831
1410801066,PFNp_d(PB01a)_R5_C6,PFNp_d,PFNp_d,Traced,159,33,68,29,75,4,120213107
1410813978,PFNp_b(PB01b)_L6_C5,PFNp_b,PFNp_b,Traced,141,38,20,19,98,19,113474514
1411862814,PFNa(PB03)_R4_C7,PFNa,PFNa,Traced,542,110,39,73,257,37,297901324
1412164346,PFNm_b(PB02b)_L5_C4,PFNm_b,PFNm_b,Traced,470,122,132,82,183,38,269470639
1412238418,PFNa(PB03)_L8_C7,PFNa,PFNa,Traced,499,122,36,80,279,40,293819301
1441144493,PFNp_c(PB01c)_R4_C7,PFNp_c,PFNp_c,Traced,420,80,24,42,256,38,220073717
1441481281,PFNm_a(PB02a)_R4_C7,PFNm_a,PFNm_a,Traced,628,111,57,62,391,49,272518264
1441485388,PFNp_a(PB01a)_R4_C7,PFNp_a,PFNp_a,Traced,186,44,25,25,81,19,126265270
1441485464,PFNp_e(PB01a)_R6_C5,PFNp_e,PFNp_e,Traced,345,61,12,28,191,33,200205040
1441485633,PFNp_c(PB01c)_R4_C7,PFNp_c,PFNp_c,Traced,355,68,18,35,221,32,197085606
1441485832,PFNp_c(PB01c)_R4_C7,PFNp_c,PFNp_c,Traced,457,94,28,55,321,38,253913577
1441485942,PFNp_c(PB01c)_R4_C7,PFNp_c,PFNp_c,Traced,401,88,25,52,272,36,241584337
1441486002,PFNp_e(PB01a)_R4_C7,PFNp_e,PFNp_e,Traced,241,57,20,33,147,22,161955424
1441498763,PFNp_b(PB01b)_L6_C5,PFNp_b,PFNp_b,Traced,124,44,8,16,88,28,128861177
1441499171,PFNp_b(PB01b)_L6_C5,PFNp_b,PFNp_b,Traced,124,41,7,17,96,24,123344847
1441499284,PFNp_b(PB01b)_L6_C5,PFNp_b,PFNp_b,Traced,134,44,26,24,100,18,128766829
1441503403,PFNp_b(PB01b)_L6_C5,PFNp_b,PFNp_b,Traced,151,55,25,25,103,29,130308290
1441503748,PFNp_c(PB01c)_L6_C5,PFNp_c,PFNp_c,Traced,350,89,17,54,264,34,237030936
1441848753,PFNp_b(PB01b)_L6_C5,PFNp_b,PFNp_b,Traced,153,44,24,22,102,21,113419994
1442556708,PFNp_d(PB01a)_L7_C6,PFNp_d,PFNp_d,Traced,150,32,93,24,31,1,114358250
1442931671,PFNp_d(PB01a)_L_C7_irreg,PFNp_d,PFNp_d,Traced,90,25,41,20,47,1,95504211
1442931758,PFNp_d(PB01a)_L8_C7,PFNp_d,PFNp_d,Traced,141,23,40,17,71,6,92793700
1443268440,PFNa(PB03)_L8_C7,PFNa,PFNa,Traced,565,138,39,75,314,60,288035778
1443579770,PFNa(PB03)_R4_C7,PFNa,PFNa,Traced,586,114,39,65,311,48,323082717
1472205673,PFNa(PB03)_R2_C9,PFNa,PFNa,Traced,608,128,38,77,330,51,329289610
1472520245,PFNp_d(PB01a)_R4_C7,PFNp_d,PFNp_d,Traced,111,19,39,17,54,2,105055774
1472537557,PFNp_e(PB01a)_L6_C5,PFNp_e,PFNp_e,Traced,189,60,13,30,110,26,119345306
1472542572,PFNp_a(PB01a)_L6_C5,PFNp_a,PFNp_a,Traced,155,47,11,24,120,23,138376894
1472546868,PFNp_a(PB01a)_L6_C5,PFNp_a,PFNp_a,Traced,127,37,9,18,106,19,118217156
1472866173,PFNp_b(PB01b)_R7_C4,PFNp_b,PFNp_b,Traced,248,59,23,30,142,29,169702183
1473202957,PFNm_a(PB02a)_R7_C4,PFNm_a,PFNm_a,Traced,680,122,55,75,446,47,307056607
1473207713,PFNp_c(PB01c)_R7_C4,PFNp_c,PFNp_c,Traced,450,94,21,52,284,42,249239486
1503581177,PFNp_b(PB01b)_R2_C9,PFNp_b,PFNp_b,Traced,143,39,36,28,95,11,111052665
1503581412,PFNp_b(PB01b)_R2_C9,PFNp_b,PFNp_b,Traced,164,51,12,21,139,30,156770287
1503896377,PFNp_b(PB01b)_R5_C6,PFNp_b,PFNp_b,Traced,166,28,13,13,93,15,136237574
1503922566,PFNp_b(PB01b)_L4_C3,PFNp_b,PFNp_b,Traced,198,61,11,21,109,39,160206746
1504268020,PFNm_a(PB02a)_L7_C6,PFNm_a,PFNm_a,Traced,411,114,84,73,292,40,201619972
1504582746,PFNp_b(PB01b)_R7_C4,PFNp_b,PFNp_b,Traced,234,59,38,36,100,23,97753775
1504924440,PFNm_a(PB02a)_R7_C4,PFNm_a,PFNm_a,Traced,677,130,86,88,431,42,312385916
1509098829,GLNO(LAL-NO1)_L,LGNO,GLNO,Traced,811,447,1,4,805,439,406877798
1513363614,LCNOpm(LAL-NO3pm)_R,LCNpm,LCNOpm,Traced,6501,858,3,,2291,810,2388661962
1534616158,PFNp_d(PB01a)_R2_C9,PFNp_d,PFNp_d,Traced,158,26,56,24,80,2,108758119
1534616361,PFNp_b(PB01b)_R2_C9,PFNp_b,PFNp_b,Traced,178,51,32,28,106,23,147308921
1535298439,PFNp_b(PB01b)_R4_C7,PFNp_b,PFNp_b,Traced,209,45,14,20,121,25,123385803
1535298460,PFNp_b(PB01b)_R4_C7,PFNp_b,PFNp_b,Traced,195,53,26,24,114,29,139280020
1535652862,PFNm_a(PB02a)_R4_C7,PFNm_a,PFNm_a,Traced,575,103,67,62,377,41,253886838
1536006733,PFNm_b(PB02b)_L8_C7,PFNm_b,PFNm_b,Traced,448,114,107,76,211,37,203606131
1536326457,PFNp_b(PB01b)_R4_C7,PFNp_b,PFNp_b,Traced,171,34,48,23,63,10,118546130
1537634396,PFNa(PB03)_L3_C2,PFNa,PFNa,Traced,902,187,56,129,426,56,505576414
1539788837,LNOa(LAL-NO3a)_L,LNa,LNOa,Traced,1206,541,1,,1204,541,645821004
1540129092,LCNOpm(LAL-NO3pm)_L,LCNpm,LCNOpm,Traced,2711,862,5,1,2689,855,1286666680
1566333075,PFNp_b(PB01b)_R4_C7,PFNp_b,PFNp_b,Traced,202,49,17,25,129,24,141172075
1566644645,PFNa(PB03)_R8_C3,PFNa,PFNa,Traced,701,145,57,96,332,48,391422300
1567020107,PFNp_b(PB01b)_R4_C7,PFNp_b,PFNp_b,Traced,158,31,33,19,92,11,109321887
1567028669,PFNp_b(PB01b)_L8_C7,PFNp_b,PFNp_b,Traced,150,51,27,28,113,23,138155182
1567382512,PFNp_a(PB01a)_L8_C7,PFNp_a,PFNp_a,Traced,119,39,16,22,96,17,98135066
1567728102,PFNp_a(PB01a)_L8_C7,PFNp_a,PFNp_a,Traced,108,42,17,22,84,19,102928213
1568047319,PFNm_a(PB02a)_R3_C8,PFNm_a,PFNm_a,Traced,856,139,127,95,500,44,296164753
1597683387,PFNm_a(PB02a)_R8_C3,PFNm_a,PFNm_a,Traced,565,102,55,55,374,47,262180032
1598067695,PFNp_a(PB01a)_R3_C8,PFNp_a,PFNp_a,Traced,180,51,30,30,98,21,152877171
1598382541,PFNp_b(PB01b)_L7_C6,PFNp_b,PFNp_b,Traced,198,63,27,33,146,30,140325507
1599069164,PFNm_a(PB02a)_L8_C7,PFNm_a,PFNm_a,Traced,488,107,53,58,344,49,240044244
1599410380,PFNp_c(PB01c)_L8_C7,PFNp_c,PFNp_c,Traced,422,100,35,60,306,40,214370701
1599431888,PFNp_c(PB01c)_R3_C8,PFNp_c,PFNp_c,Traced,752,139,47,76,529,63,341634908
1599436552,PFNp_c(PB01c)_R3_C8,PFNp_c,PFNp_c,Traced,628,115,38,68,403,45,328505069
1599747200,PFNp_c(PB01c)_L9_C9,PFNp_c,PFNp_c,Traced,479,96,43,56,317,38,210163048
1599772916,PFNp_b(PB01b)_R3_C8,PFNp_b,PFNp_b,Traced,246,58,45,38,110,20,165987725
1599773239,PFNp_b(PB01b)_L9_C9,PFNp_b,PFNp_b,Traced,150,61,31,32,97,27,122231439
1600079770,PFNv(PB05)_L9_C9,PFNv,PFNv,Traced,864,336,106,150,516,137,532651939
1600083889,PEN_b(PB06b)_L9,PEN2,PEN_b(PEN2),Traced,1513,328,5,9,524,97,535483990
1601771527,PEN_b(PB06b)_R9,PEN2,PEN_b(PEN2),Traced,1585,330,2,11,383,79,695171696
1628743785,PFNp_a(PB01a)_R3_C8,PFNp_a,PFNp_a,Traced,252,64,28,38,112,24,167605436
1628744095,PFNp_e(PB01a)_R3_C8,PFNp_e,PFNp_e,Traced,466,97,34,47,266,48,280875421
1629085008,PFNp_c(PB01c)_R5_C6,PFNp_c,PFNp_c,Traced,656,124,41,81,459,41,331263439
1629093706,PFNp_e(PB01a)_R2_C9,PFNp_e,PFNp_e,Traced,350,72,11,41,244,31,204894048
1629426306,PFNp_a(PB01a)_R5_C6,PFNp_a,PFNp_a,Traced,241,72,28,36,142,36,156111033
1630462217,PFNp_b(PB01b)_L9_C9,PFNp_b,PFNp_b,Traced,99,46,21,30,54,14,105277069
1630765418,PFNp_b(PB01b)_R9_C1,PFNp_b,PFNp_b,Traced,180,33,54,24,78,9,130690698
1631131487,PFNm_a(PB02a)_R9_C1,PFNm_a,PFNm_a,Traced,674,123,89,73,415,49,288470315
1631450739,PEN_b(PB06b)_L5,PEN2,PEN_b(PEN2),Traced,1969,454,7,10,450,112,883989562
1631486122,PFNp_a(PB01a)_R2_C9,PFNp_a,PFNp_a,Traced,217,50,18,22,138,28,162685111
1660776511,PFNp_e(PB01a)_L3_C2,PFNp_e,PFNp_e,Traced,437,88,28,43,249,43,276339951
1660789784,PFNp_d(PB01a)_L8_C7,PFNp_d,PFNp_d,Traced,103,22,37,18,59,3,94494479
1661121263,PFNp_b(PB01b)_L8_C7,PFNp_b,PFNp_b,Traced,128,42,3,20,108,22,124330307
1661122416,PFNp_e(PB01a)_L5_C4,PFNp_e,PFNp_e,Traced,387,84,20,41,218,39,219305166
1661458144,PFNa(PB03)_L2_C1,PFNa,PFNa,Traced,670,139,54,87,319,52,412398787
1661458883,PFNp_c(PB01c)_L9_C9,PFNp_c,PFNp_c,Traced,333,83,34,45,215,37,174136721
1661799601,PFNm_a(PB02a)_L3_C2,PFNm_a,PFNm_a,Traced,635,118,76,71,376,46,280208936
1662166202,PFNa(PB03)_R2_C9,PFNa,PFNa,Traced,643,128,37,76,361,52,357462658
5812987321,PFNp_b(PB01b)_R8_C3,PFNp_b,PFNp_b,Traced,184,47,15,21,114,26,156819058
5812987327,PFNp_c(PB01c)_R8_C3,PFNp_c,PFNp_c,Traced,509,115,43,72,344,42,298644545
5812987334,PFNp_b(PB01b)_R8_C3,PFNp_b,PFNp_b,Traced,223,52,32,28,104,24,160166182
5812987339,PFNp_a(PB01a)_R8_C3,PFNp_a,PFNp_a,Traced,181,46,25,24,92,22,134167203
5812987803,PFNv(PB05)_R9_C1,PFNv,PFNv,Traced,1222,322,80,115,745,163,474139473
5812988707,PFNp_b(PB01b)_R9_C1,PFNp_b,PFNp_b,Traced,259,59,18,28,118,29,109100056
5812991545,PFNp_d(PB01a)_R4_C7,PFNp_d,PFNp_d,Traced,157,34,58,31,74,3,113834107
5812991632,PFNp_b(PB01b)_R5_C6,PFNp_b,PFNp_b,Traced,197,49,36,28,116,21,137725873
5812994148,PFNm_a(PB02a)_L9_C9,PFNm_a,PFNm_a,Traced,428,86,47,48,286,35,218173027
5812994149,PFNp_c(PB01c)_L3_C2,PFNp_c,PFNp_c,Traced,627,122,53,77,407,44,293427757
5813012311,PFNp_b(PB01b)_L6_C5,PFNp_b,PFNp_b,Traced,144,41,34,23,79,17,129936927
5813014062,PFNd(PB04)_R2_C8,,PFNd,Traced,1159,247,244,157,510,90,524009057
5813014505,PFNv(PB05)_L7_C7,PFNv,PFNv,Traced,1009,326,89,128,662,154,508396228
5813014573,PFNp_a(PB01a)_L3_C2,PFNp_a,PFNp_a,Traced,213,71,28,45,76,24,143082748
5813014859,PFNp_b(PB01b)_R6_C5,PFNp_b,PFNp_b,Traced,140,23,41,18,61,5,116924312
5813015999,PFNa(PB03)_L8_C8,PFNa,PFNa,Traced,486,128,35,79,289,46,325456392
5813016167,PFNp_b(PB01b)_R2_C9,PFNp_b,PFNp_b,Traced,152,48,31,30,89,18,60654937
5813023615,PFNp_b(PB01b)_R9_C1,PFNp_b,PFNp_b,Traced,197,44,54,34,98,10,128844580
5813026993,PFNp_a(PB01a)_R2_C9,PFNp_a,PFNp_a,Traced,133,37,11,20,83,17,153566491
5813027016,FB4Y(EB/NO1)_R,EBCREFB45,FB4Y,Traced,6508,1720,3007,1327,449,62,2846693400
5813037879,PFNp_d(PB01a)_L7_C6,PFNp_d,PFNp_d,Traced,102,21,16,20,80,1,99971345
5813040300,PFNp_b(PB01b)_R7_C4,PFNp_b,PFNp_b,Traced,183,44,43,32,115,12,136684038
5813041556,PFNp_c(PB01c)_L2_C1,PFNp_c,PFNp_c,Traced,439,85,22,50,284,35,260268918
5813044670,PFNv(PB05)_L8_C7,PFNv,PFNv,Traced,853,335,88,129,584,154,481368357
5813050000,PFNa(PB03)_R3_C8,PFNa,PFNa,Traced,939,161,58,115,394,44,445076007
5813055913,FB1C(NO1/NO3)_R,LALNOmFB1,FB1C,Traced,2965,1290,1051,891,449,170,1798572771
5813056012,PFNp_b(PB01b)_L7_C6,PFNp_b,PFNp_b,Traced,165,32,49,23,103,8,109796673
5813056934,PFNa(PB03)_R3_C8,PFNa,PFNa,Traced,1087,193,61,121,472,71,498402908
5813056953,PEN_a(PB06a)_R4,PEN1,PEN_a(PEN1),Traced,1497,424,1,,436,108,766389254
5813057274,FB4Y(EB/NO1)_L,EBCREFB45,FB4Y,Traced,5089,2001,3695,1599,323,56,2082213746
5813061260,OA-VPM3(NO2/NO3)_L,,OA-VPM3,Traced,5122,4069,3071,1745,144,95,3486100136
5813062858,FB1H(NO2/3)_R,CRENO23FB1-4,FB1H,Traced,9598,3733,3717,2821,770,331,3621432113
5813070464,PFNp_b(PB01b)_R6_C5,PFNp_b,PFNp_b,Traced,181,57,18,28,114,29,165182721
5813077698,PFNp_b(PB01b)_L7_C6,PFNp_b,PFNp_b,Traced,125,47,41,36,68,11,126224096
5813081686,PFNa(PB03)_L8_C7,PFNa,PFNa,Traced,510,121,40,77,304,44,284299919
5813095667,PFNm_a(PB02a)_L8_C7,PFNm_a,PFNm_a,Traced,499,117,79,69,325,47,217483754
5813122799,PFNp_b(PB01b)_L6_C5,PFNp_b,PFNp_b,Traced,115,24,25,19,58,5,101041151
5813127522,PFNp_d(PB01a)_L9_C8,PFNp_d,PFNp_d,Traced,141,38,69,34,71,4,100805069
5813127525,PFNp_b(PB01b)_L5_C4,PFNp_b,PFNp_b,Traced,198,61,33,34,108,27,163818262
5813127581,PFNp_a(PB01a)_L8_C7,PFNp_a,PFNp_a,Traced,130,53,18,27,86,24,64677170
5813128240,PFNp_b(PB01b)_L5_C4,PFNp_b,PFNp_b,Traced,168,42,30,24,110,18,128117994
5813128308,PFNp_a(PB01a)_L7_C6,PFNp_a,PFNp_a,Traced,310,71,33,42,107,27,187284000
5813128416,PFNp_b(PB01b)_L6_C5_irreg,PFNp_b,PFNp_b,Traced,188,44,22,27,93,17,134233317
5813128537,PFNm_b(PB02b)_L6_C5,PFNm_b,PFNm_b,Traced,326,82,62,44,187,37,187604491