id,instance,notes,type,status,inputs (#post),outputs (#pre),PB #post,PB #pre,FB #post,FB #pre,#voxels
329566174,OA-VPM3(NO2/NO3)_R,,OA-VPM3,Traced,10075,8632,3,3,3576,2111,6917059458
387023620,PEN_b(PB06b)_L4,PEN2,PEN_b(PEN2),Traced,1713,343,776,1,3,2,686693145
387364605,EPG(PB08)_L3,EPG,EPG,Traced,4350,645,265,213,26,1,1469716322
416642425,EPG(PB08)_R4,EPG,EPG,Traced,3834,470,318,224,24,1,1169220265
417998204,PFNv(PB05)_R4_C7,PFNv,PFNv,Traced,999,229,324,26,66,78,476702093
419060083,PFGs(PB10)_L2_C2,PFGs; Tdc2-PB1/2 candidates,PFGs,Traced,2395,556,174,23,2128,512,1107227318
446714544,PFNd(PB04)_L5_C4,PFNd,PFNd,Traced,1407,310,538,1,328,215,488272608
478077561,PFNa(PB03)_L4_C3,PFNa,PFNa,Traced,617,118,352,1,37,74,331399103
478375456,EPG(PB08)_R3,EPG,EPG,Traced,4249,483,272,212,9,1,1290806813
478427368,PFNv(PB05)_L5_C4,PFNv,PFNv,Traced,985,297,373,50,81,110,549640572
481112669,PFL2(PB12b)_R1_C4,PB1-4FB1245LAL,PFL2,Traced,2852,418,380,1,2348,14,1542373100
481121605,PFL1(PB12a)_L2_C3,PFLC,PFL1,Traced,1916,329,712,2,1092,9,1365074914
509410587,PEN_a(PB06a)_R4,PEN1,PEN_a(PEN1),Traced,1556,428,438,,,1,801363719
539810773,PFNa(PB03)_L4_C3,PFNa,PFNa,Traced,585,102,293,,37,62,300703583
540493022,PFNa(PB03)_L4_C3,PFNa,PFNa,Traced,594,125,248,,32,73,295161410
541119189,PFNa(PB03)_R4_C7,PFNa,PFNa,Traced,645,118,311,1,40,64,347051058
541870397,EPG(PB08)_L6,EPG,EPG,Traced,3916,498,257,207,20,2,1262283600
569481415,PFNa(PB03)_L5_C4,PFNa,PFNa,Traced,890,194,381,3,55,123,506958053
570185174,PFNa(PB03)_L7_C6,PFNa,PFNa,Traced,820,203,259,4,38,125,519425583
570518166,PFNa(PB03)_L7_C6,PFNa,PFNa,Traced,520,147,192,,43,104,414900048
571826184,PFNp_a(PB01a)_R3_C8,PFNp_a,PFNp_a,Traced,277,74,117,4,28,38,190747929
572166953,PFNp_b(PB01b)_R3_C8,PFNp_b,PFNp_b,Traced,213,54,78,,21,30,176173193
572167406,PFNp_a(PB01a)_R2_C9,PFNp_a,PFNp_a,Traced,262,63,119,2,19,30,161518101
572167413,PFNp_b(PB01b)_R3_C8,PFNp_b,PFNp_b,Traced,296,70,100,,32,38,177049794
572494993,PFNv(PB05)_R4_C7,PFNv,PFNv,Traced,887,211,320,32,41,66,410291839
601120917,PFNv(PB05)_R6_C5,PFNv,PFNv,Traced,935,249,420,44,41,66,324848103
601216096,PFNa(PB03)_L6_C5,PFNa,PFNa,Traced,470,116,189,,33,72,313061051
601557317,PFNv(PB05)_L6_C5,PFNv,PFNv,Traced,560,216,132,35,53,80,358469624
604242162,PFNv(PB05)_L2_C1,PFNv,PFNv,Traced,1137,327,443,47,122,131,602925629
632155800,PFNv(PB05)_R6_C5,PFNv,PFNv,Traced,1042,258,382,34,49,78,458330645
632229278,PFNd(PB04)_L5_C4,PFNd,PFNd,Traced,1425,294,608,,360,215,651552729
632259507,PFNp_b(PB01b)_L6_C5,PFNp_b,PFNp_b,Traced,148,48,36,1,15,24,124912295
632600726,PFNm_a(PB02a)_L6_C5,PFNm_a,PFNm_a,Traced,492,99,123,1,54,57,218388914
632911211,PFNp_c(PB01c)_L4_C3,PFNp_c,PFNp_c,Traced,584,96,126,,145,57,251718573
632915714,PFNm_a(PB02a)_L4_C3,PFNm_a,PFNm_a,Traced,626,95,197,1,46,56,246213024
633200861,PFNp_a(PB01a)_R4_C7,PFNp_a,PFNp_a,Traced,153,38,48,,20,23,117650327
633200871,PFNp_b(PB01b)_R4_C7,PFNp_b,PFNp_b,Traced,159,43,43,,13,20,147362152
633200987,PFNp_b(PB01b)_R4_C7,PFNp_b,PFNp_b,Traced,191,54,72,,15,27,154184461
633201022,PFNp_b(PB01b)_R4_C7,PFNp_b,PFNp_b,Traced,167,47,44,,25,23,138906992
633541717,PFNp_a(PB01a)_R4_C7,PFNp_a,PFNp_a,Traced,143,36,30,,16,21,133694712
633546217,EPG(PB08)_R4,EPG,EPG,Traced,3200,413,284,205,24,3,946141479
633895972,PFNm_b(PB02b)_R3_C8,PFNm_b,PFNm_b,Traced,552,131,174,,198,97,288254893
633943192,PFNd(PB04)_L4_C3,PFNd,PFNd,Traced,1133,197,552,1,176,121,471084398
634608015,PFR_a(PB11a)_L2_C2,PFR_a,PFR_a,Traced,1817,502,59,2,1705,453,533161528
634962055,EPG(PB08)_L4,EPG,EPG,Traced,3515,530,356,227,34,2,1313237477
635234035,PFL2(PB12b)_R3_C3,PB1-4FB1245LAL,PFL2,Traced,2968,326,618,4,2229,13,1102000302
662840966,PFNm_b(PB02b)_R6_C5,PFNm_b,PFNm_b,Traced,372,83,124,,91,52,169771582
662845370,PFNm_b(PB02b)_R6_C5,PFNm_b,PFNm_b,Traced,402,77,124,,65,49,199812604
662966385,PFNm_b(PB02b)_L6_C5,PFNm_b,PFNm_b,Traced,300,85,70,,58,49,208563249
663225743,PFNm_a(PB02a)_R2_C9,PFNm_a,PFNm_a,Traced,549,96,111,,55,53,238353791
663298610,PFNd(PB04)_L6_C5,,PFNd,Traced,709,183,197,2,187,127,403942805
663558074,PFNa(PB03)_R5_C6,PFNa,PFNa,Traced,860,172,353,,53,111,498211812
663898692,PFNa(PB03)_R4_C7,PFNa,PFNa,Traced,487,108,216,,32,61,304906560
663950729,PFNm_b(PB02b)_L4_C3,PFNm_b,PFNm_b,Traced,486,93,149,1,88,58,224974171
664235541,PFNd(PB04)_R4_C6,,PFNd,Traced,1046,201,409,,232,128,469484154
664313308,PFNp_a(PB01a)_L6_C5,PFNp_a,PFNp_a,Traced,183,57,49,3,15,27,75752334
664632485,PFNp_b(PB01b)_L4_C3,PFNp_b,PFNp_b,Traced,203,50,93,,12,25,84320098
664943511,PFGs(PB10)_R1_C1_irreg,PFGs; Tdc2-PB1/2 candidates,PFGs,Traced,2414,444,194,20,2152,410,1060006550
665314820,EPG(PB08)_L4,EPG,EPG,Traced,3576,546,275,212,11,2,1249529709
666308023,PFL3(PB12c)_R1_C2_irreg,PB1-7FB1245LAL,PFL3,Traced,2985,423,306,,2569,10,1206186971
666312288,PFR_b(PB11b)_L1_C2,PFR_b,PFR_b,Traced,2657,345,214,13,2275,126,873271854
666994301,PFL3(PB12c)_R2_C1_irreg,PB1-7FB1245LAL,PFL3,Traced,2935,482,316,,2511,4,1314789530
692852666,PFNa(PB03)_R7_C4,PFNa,PFNa,Traced,721,140,247,,31,60,245535626
692857189,PFNp_c(PB01c)_R7_C4,PFNp_c,PFNp_c,Traced,624,118,153,,38,69,300907302
693651381,PFNp_c(PB01c)_L7_C6,PFNp_c,PFNp_c,Traced,365,90,65,,34,55,230082549
693755250,PEN_b(PB06b)_R7,PEN2,PEN_b(PEN2),Traced,1890,432,822,4,4,16,916318576
693979726,PFNp_e(PB01a)_L7_C6,PFNp_e,PFNp_e,Traced,326,78,84,1,22,40,207682939
694665957,PFNp_a(PB01a)_L6_C5,PFNp_a,PFNp_a,Traced,126,34,26,,12,17,116722412
694666271,PFNp_a(PB01a)_L6_C5,PFNp_a,PFNp_a,Traced,125,37,29,,15,22,121897260
694670373,PFNp_a(PB01a)_L6_C5,PFNp_a,PFNp_a,Traced,147,56,30,3,7,23,125648610
694985489,PFNp_b(PB01b)_L4_C3,PFNp_b,PFNp_b,Traced,171,29,35,,33,19,113056251
695270840,PFNd(PB04)_R4_C6,,PFNd,Traced,862,178,349,1,168,113,449980991
695671851,PFNd(PB04)_L4_C3,PFNd,PFNd,Traced,1077,195,472,,175,109,439202264
695956656,EPG(PB08)_R4,EPG,EPG,Traced,3738,464,288,237,28,4,1139686992
696336849,PFNa(PB03)_L3_C2,PFNa,PFNa,Traced,973,200,406,,54,122,502464273
696362840,EPG(PB08)_L5,EPG,EPG,Traced,3491,536,271,222,21,2,1290354899
697001770,EPG(PB08)_L2,EPG,EPG,Traced,4160,494,316,192,31,2,1220895242
697014740,PFNp_b(PB01b)_L3_C2,PFNp_b,PFNp_b,Traced,285,60,133,,26,33,165551982
697014777,PFNp_a(PB01a)_L3_C2,PFNp_a,PFNp_a,Traced,223,62,71,,18,32,174778904
697355847,PFNd(PB04)_L3_C2,PFNd,PFNd,Traced,1446,321,604,2,392,233,693721878
699031185,SIFa(PDM34),,SIFa,Traced,1080,777,39,18,39,38,5702733325
723546819,PFNp_a(PB01a)_R7_C4,PFNp_a,PFNp_a,Traced,274,62,112,,28,34,157796486
723602649,PFNv(PB05)_R2_C9,PFNv,PFNv,Traced,1098,316,292,41,72,82,478849250
724228740,PFNp_c(PB01c)_R6_C5,PFNp_c,PFNp_c,Traced,434,80,145,,19,44,214732167
724267537,PFNv(PB05)_R5_C6,PFNv,PFNv,Traced,1294,324,569,50,114,114,557959797
724276536,PFNp_c(PB01c)_R2_C9,PFNp_c,PFNp_c,Traced,558,113,153,,36,68,285965169
724280817,PEN_b(PB06b)_R2,PEN2,PEN_b(PEN2),Traced,1882,456,757,3,1,2,838679464
725360291,PFNp_b(PB01b)_L6_C5,PFNp_b,PFNp_b,Traced,136,28,24,,40,24,102081457
725951521,EPG(PB08)_R5,EPG,EPG,Traced,3479,415,258,196,28,1,1113260436
726024758,PFNm_b(PB02b)_L4_C3,PFNm_b,PFNm_b,Traced,470,103,159,,102,69,222400235
726352774,PFGs(PB10)_L4_C4,PFGs; Tdc2-PB1/2 candidates,PFGs,Traced,2343,553,118,3,2161,534,1097656982
727035427,PFNp_b(PB01b)_L3_C2,PFNp_b,PFNp_b,Traced,205,51,88,,14,25,156225768
727371546,PFNm_b(PB02b)_L3_C2,PFNm_b,PFNm_b,Traced,578,127,194,,162,81,266624585
727376283,PFR_a(PB11a)_L4_C4,PFR_a,PFR_a,Traced,1578,447,60,1,1422,378,550647258
755644082,PFNm_a(PB02a)_R5_C6,PFNm_a,PFNm_a,Traced,724,125,188,,67,80,306060564
756049717,PFNp_b(PB01b)_L7_C6,PFNp_b,PFNp_b,Traced,147,53,28,,21,27,133393059
756390536,PFNp_a(PB01a)_L7_C6,PFNp_a,PFNp_a,Traced,150,55,13,,25,31,129848734
757055403,PFNp_c(PB01c)_L4_C3,PFNp_c,PFNp_c,Traced,331,80,105,1,27,46,189910355
757413552,PFNd(PB04)_L6_C5,PFNd,PFNd,Traced,848,218,219,2,207,128,282580635
757694775,PFL3(PB12c)_L2_C9_irreg,PB1-7FB1245LAL,PFL3,Traced,2257,12,559,,1690,12,800382887
757699000,PFR_a(PB11a)_R2_C8,PFR_a,PFR_a,Traced,1330,333,27,,1285,320,458036987
757699264,PFNp_b(PB01b)_R2_C9,PFNp_b,PFNp_b,Traced,185,56,47,,23,31,177574976
758065781,PFNd(PB04)_L2_C1,PFNd,PFNd,Traced,1160,246,455,,263,159,527070739
758069781,PFNp_b(PB01b)_L3_C2,PFNp_b,PFNp_b,Traced,185,46,52,,14,21,165326826
758069811,PFNp_a(PB01a)_L3_C2,PFNp_a,PFNp_a,Traced,234,62,74,,33,35,155289972
758743604,PFNp_d(PB01a)_L3_C2,PFNp_d,PFNp_d,Traced,198,36,61,,70,31,128832019
759084183,PFNm_b(PB02b)_L2_C1,PFNm_b,PFNm_b,Traced,531,109,161,,128,71,266687013
759084486,PFNa(PB03)_L2_C1,PFNa,PFNa,Traced,766,133,371,1,47,73,414490420
760094565,PFL2(PB12b)_L1_C5,PB1-4FB1245LAL,PFL2,Traced,2507,428,352,,2012,6,1535167929
785957618,PFNp_b(PB01b)_R6_C5,PFNp_b,PFNp_b,Traced,196,49,73,,28,28,139162299
786000969,PFNp_c(PB01c)_R5_C6,PFNp_c,PFNp_c,Traced,513,94,171,,30,47,264584805
786013801,PFNd(PB04)_R3_C7,,PFNd,Traced,1597,269,711,,321,186,637182398
786013842,PFNm_b(PB02b)_R2_C9,PFNm_b,PFNm_b,Traced,512,96,144,,94,62,230265683
786013856,PFNd(PB04)_R3_C7,,PFNd,Traced,1465,270,686,1,271,174,603628773
786674282,PFNd(PB04)_R5_C5,,PFNd,Traced,1502,290,587,,353,193,665330862
786679162,PFNp_e(PB01a)_R5_C6,PFNp_e,PFNp_e,Traced,432,90,145,3,21,48,237638751
786989348,PFNd(PB04)_R6_C4,PFNd,PFNd,Traced,1139,219,513,,205,132,443263754
786989395,PFNd(PB04)_R6_C4,PFNd,PFNd,Traced,925,191,453,,178,131,421709404
786989471,PFR_b(PB11b)_R4_C5,PFR_b,PFR_b,Traced,1833,200,157,11,1598,110,690237195
787374226,PFL3(PB12c)_R1_C7,PB1-7FB1245LAL,PFL3,Traced,2464,18,341,,2121,18,657691445
788111826,PFNd(PB04)_L6_C5,,PFNd,Traced,865,204,238,,149,114,288862946
788461444,PFGs(PB10)_L6_C6,PFGs; Tdc2-PB1/2 candidates,PFGs,Traced,2567,391,143,6,2382,374,992956241
789104870,PFNp_b(PB01b)_L3_C2,PFNp_b,PFNp_b,Traced,214,43,92,,21,21,135628687
789121913,PFR_a(PB11a)_L4_C4,PFR_a,PFR_a,Traced,1476,438,86,3,1326,389,500493356
789126240,EPG(PB08)_L5,,EPG,Traced,3024,479,212,184,8,1,1177122514
789130596,PFL3(PB12c)_L4_C6,PB1-7FB1245LAL,PFL3,Traced,2851,454,582,1,2124,5,1194392560
816682053,PFNp_a(PB01a)_R6_C5,PFNp_a,PFNp_a,Traced,204,37,90,,3,15,122767020
816682061,PFNp_b(PB01b)_R7_C4,PFNp_b,PFNp_b,Traced,233,51,62,,26,27,150665485
816682110,PFNp_a(PB01a)_R6_C5,PFNp_a,PFNp_a,Traced,151,43,64,,11,22,130083771
817342497,PFNp_b(PB01b)_R7_C4,PFNp_b,PFNp_b,Traced,282,68,87,1,46,42,146223200
817346903,PFNd(PB04)_R7_C3,PFNd,PFNd,Traced,1518,311,540,3,336,201,624578000
817674780,PFNp_a(PB01a)_R6_C5,PFNp_a,PFNp_a,Traced,199,41,88,,19,21,129206928
817683388,PFNp_a(PB01a)_R7_C4,PFNp_a,PFNp_a,Traced,260,85,103,5,27,41,168352353
818063189,PFNa(PB03)_R2_C9,PFNa,PFNa,Traced,623,131,250,,37,74,370339132
818119357,PFNp_c(PB01c)_L7_C6,PFNp_c,PFNp_c,Traced,506,117,96,,38,75,274134599
819073675,PFNd(PB04)_R4_C6,,PFNd,Traced,1000,178,389,1,179,109,411066455
819138027,PFNp_b(PB01b)_L4_C3,PFNp_b,PFNp_b,Traced,156,43,54,,11,18,134946976
819138035,PFNp_a(PB01a)_L4_C3,PFNp_a,PFNp_a,Traced,189,44,87,,15,27,150272681
819138239,PFNd(PB04)_L4_C3,PFNd,PFNd,Traced,928,178,424,1,226,133,365427761
819828716,PFR_b(PB11b)_L4_C5,PFR_b,PFR_b,Traced,1371,323,197,16,1032,105,713051764
819828986,EPG(PB08)_L5,EPG,EPG,Traced,3264,513,253,202,2,2,1242575632
847712233,PFNp_b(PB01b)_R6_C5,PFNp_b,PFNp_b,Traced,187,51,63,,26,27,145745444
847712250,PFNp_e(PB01a)_R6_C5,PFNp_e,PFNp_e,Traced,304,53,133,1,16,26,174366951
847712342,PFNp_b(PB01b)_R6_C5,PFNp_b,PFNp_b,Traced,192,48,61,,15,20,147420508
848407278,PFNp_b(PB01b)_R5_C6,PFNp_b,PFNp_b,Traced,257,55,104,,19,25,172660861
848761388,PEG(PB07)_R1,PEG,PEG,Traced,895,89,706,,2,1,521118259
848800043,PFNp_c(PB01c)_L5_C4,PFNp_c,PFNp_c,Traced,489,106,146,,37,55,262799349
848800082,PFNp_c(PB01c)_L5_C4,PFNp_c,PFNp_c,Traced,544,123,141,,39,70,302734668
848817674,PFNa(PB03)_L6_C5,PFNa,PFNa,Traced,475,109,193,1,22,68,286421071
849162653,PFNp_d(PB01a)_L6_C5,PFNp_d,PFNp_d,Traced,87,19,8,,26,16,92814524
849421893,PFNm_b(PB02b)_R5_C6,PFNm_b,PFNm_b,Traced,427,124,133,,106,89,265359039
849745643,hDeltaH_03_C2,FB2d4D3FB5,hDeltaH,Traced,3669,402,1,,3666,402,973450703
849763224,PFNa(PB03)_R4_C7,PFNa,PFNa,Traced,652,115,271,,27,66,354180079
849832062,PFNa(PB03)_L4_C3,PFNa,PFNa,Traced,418,87,168,,38,54,259046164
849832122,PFNp_b(PB01b)_L4_C3,PFNp_b,PFNp_b,Traced,189,47,87,,14,25,140054048
849844855,PFNa(PB03)_L6_C5,PFNa,PFNa,Traced,432,106,131,1,39,65,258428930
850104005,PFNd(PB04)_R4_C6,,PFNd,Traced,1071,187,412,,151,106,477327541
850194651,PFL2(PB12b)_L4_C8,PB1-4FB1245LAL,PFL2,Traced,2910,381,1077,6,1711,4,1049700272
850492366,PFNp_c(PB01c)_L3_C2,PFNp_c,PFNp_c,Traced,505,116,169,,44,68,281676820
850829072,PFNp_b(PB01b)_L2_C1,PFNp_b,PFNp_b,Traced,202,54,82,,19,28,162438540
850829248,PFNp_c(PB01c)_L2_C1,PFNp_c,PFNp_c,Traced,489,96,115,,50,62,254538077
850855138,PFL3(PB12c)_L3_C5,PB1-7FB1245LAL,PFL3,Traced,2495,440,641,1,1758,6,1238365051
851170296,PFNp_b(PB01b)_L3_C2,PFNp_b,PFNp_b,Traced,183,38,51,,25,22,125236748
851493896,PFL3(PB12c)_L1_C3,PB1-7FB1245LAL,PFL3,Traced,3272,336,283,2,2887,3,981759380
877702431,PFNp_a(PB01a)_R7_C4,PFNp_a,PFNp_a,Traced,250,61,83,1,21,31,153717522
878380399,PFNd(PB04)_R6_C4,,PFNd,Traced,969,202,322,,163,119,454496955
878725581,PFNp_a(PB01a)_R6_C5,PFNp_a,PFNp_a,Traced,238,54,117,3,14,27,137842641
879183317,PEN_b(PB06b)_L6,PEN2,PEN_b(PEN2),Traced,1223,330,385,1,,4,600285827
879442155,PFNa(PB03)_R5_C6,PFNa,PFNa,Traced,934,200,398,3,53,128,502217851
879468563,PFGs(PB10)_R2_C8,PFGs; Tdc2-PB1/2 candidates,PFGs,Traced,1931,383,81,6,1825,368,808154342
879748663,PFNa(PB03)_R6_C5,PFNa,PFNa,Traced,536,105,225,,28,59,302692993
879779401,PFNp_b(PB01b)_R5_C6,PFNp_b,PFNp_b,Traced,257,61,87,,21,30,171788398
879844133,PFNp_d(PB01a)_L5_C4,PFNp_d,PFNp_d,Traced,122,29,9,,47,24,118494090
879844144,PFNp_b(PB01b)_L5_C4,PFNp_b,PFNp_b,Traced,196,47,69,,19,27,132372936
879844178,PFNp_d(PB01a)_L5_C4,PFNp_d,PFNp_d,Traced,167,28,32,,55,22,108237111
879844206,PFNp_a(PB01a)_L5_C4,PFNp_a,PFNp_a,Traced,206,67,68,5,29,36,145747740
879844210,PFNp_b(PB01b)_L5_C4,PFNp_b,PFNp_b,Traced,242,67,95,,25,32,151169349
880185131,PFNa(PB03)_L5_C4,PFNa,PFNa,Traced,770,169,332,1,59,109,449849872
880526177,PFNp_a(PB01a)_L4_C3,PFNp_a,PFNp_a,Traced,175,44,72,,17,27,130666707
880526292,PFNp_c(PB01c)_L4_C3,PFNp_c,PFNp_c,Traced,493,98,144,,30,57,239556831
880526308,PFNp_d(PB01a)_L_C3_irreg,PFNp_d,PFNp_d,Traced,151,31,3,,94,26,105172050
880526398,PFNp_a(PB01a)_L4_C3,PFNp_a,PFNp_a,Traced,202,49,68,,29,33,130670870
880526477,PFNa(PB03)_L4_C3,PFNa,PFNa,Traced,625,112,287,1,46,65,330939585
880538997,PFNd(PB04)_L6_C5,,PFNd,Traced,963,203,280,2,199,128,387127398
880875840,PFL2(PB12b)_L5_C9,PB1-4FB1245LAL,PFL2,Traced,2712,398,830,1,1748,10,1069803729
880875861,PEG(PB07)_L5,PEG,PEG,Traced,1246,237,879,,3,1,708615708
880875900,PFNm_a(PB02a)_L5_C4,PFNm_a,PFNm_a,Traced,741,122,229,,86,71,300524123
880875927,PFL3(PB12c)_L5_C7,PB1-7FB1245LAL,PFL3,Traced,2110,307,429,2,1609,1,707899812
881216816,PFNp_a(PB01a)_L5_C4,PFNp_a,PFNp_a,Traced,176,57,67,,18,30,120219840
881458181,PFL1(PB12a)_R3_C6,PFLC,PFL1,Traced,1288,5,771,2,512,2,930498996
881506038,PFR_b(PB11b)_R1_C1_irreg,,PFR_b,Traced,2133,328,207,14,1727,109,789497774
881527223,PFNd(PB04)_L3_C2,PFNd,PFNd,Traced,1355,305,554,,297,211,618600868
881868311,PFNp_a(PB01a)_L2_C1,PFNp_a,PFNp_a,Traced,119,40,29,,15,20,124863001
881898734,PEG(PB07)_L6,PEG,PEG,Traced,1094,236,625,9,16,1,720534350
882200934,PFR_a(PB11a)_R1_C1_irreg,,PFR_a,Traced,1797,550,70,,1667,491,575096041
882239837,PFL2(PB12b)_L3_C7,PB1-4FB1245LAL,PFL2,Traced,3466,366,635,7,2694,14,1151779323
882533209,PFL1(PB12a)_R1_C2_irreg,PFLC,PFL1,Traced,1547,341,508,1,970,7,1432354774
884916660,PFGs(PB10)_R5_C5,PFGs; Tdc2-PB1/2 candidates,PFGs,Traced,2020,413,153,5,1862,405,931708485
885257867,hDeltaF_01_C1,FB16d7D2FB67,hDeltaF,Traced,3193,362,1,,3188,358,849653634
909777910,PFNa(PB03)_R7_C4,PFNa,PFNa,Traced,883,181,370,5,56,124,489398842
909877092,PFNd(PB04)_L7_C6,,PFNd,Traced,1160,278,257,,245,166,552082947
910447181,PFL3(PB12c)_R5_C3,PB1-7FB1245LAL,PFL3,Traced,3671,15,432,1,3227,10,723546053
910447220,PFNd(PB04)_R5_C5,,PFNd,Traced,1405,282,569,1,286,184,658312304
910473088,PFNp_b(PB01b)_R5_C6,PFNp_b,PFNp_b,Traced,194,61,41,,25,27,154340514
910787992,PFL1(PB12a)_R5_C4,PFLC,PFL1,Traced,1194,63,552,3,624,2,868477066
910878587,PFNp_a(PB01a)_L5_C4,PFNp_a,PFNp_a,Traced,176,50,60,,15,27,136279137
911134017,PFL3(PB12c)_R5_C3,PB1-7FB1245LAL,PFL3,Traced,3081,11,318,,2756,11,779452568
911215499,PFNp_c(PB01c)_L4_C3,PFNp_c,PFNp_c,Traced,403,78,120,,38,47,219384807
911219981,PFNp_d(PB01a)_L4_C3,PFNp_d,PFNp_d,Traced,138,24,39,,33,19,106419834
911220325,PFNp_d(PB01a)_L4_C3,PFNp_d,PFNp_d,Traced,112,19,9,,29,13,54851035
911220331,PFNp_b(PB01b)_L4_C3,PFNp_b,PFNp_b,Traced,163,46,68,,12,24,143137002
911500529,PFNp_c(PB01c)_R2_C9,PFNp_c,PFNp_c,Traced,342,71,83,,26,40,201548057
911504643,PFNd(PB04)_R2_C8,,PFNd,Traced,1031,227,349,1,241,147,478031684
911504689,PFNv(PB05)_R3_C8,PFNv,PFNv,Traced,1576,330,684,39,71,103,526575662
911560974,PFNd(PB04)_L4_C3,PFNd,PFNd,Traced,1076,185,514,,182,109,469089516
911565319,PFL1(PB12a)_L5_C6,PFLC,PFL1,Traced,1636,297,618,1,946,6,1118569527
911569552,PFL3(PB12c)_L5_C7,PB1-7FB1245LAL,PFL3,Traced,2113,338,307,1,1722,8,860588162
911578483,PFL1(PB12a)_L6_C7,PFLC,PFL1,Traced,1306,282,423,5,824,2,1241067076
911802614,PFR_a(PB11a)_R6_C4,PFR_a,PFR_a,Traced,1843,531,67,,1771,517,556534390
911823931,PFNp_a(PB01a)_R4_C7,PFNp_a,PFNp_a,Traced,136,39,43,,14,21,127899766
911897818,PFNv(PB05)_L4_C3,PFNv,PFNv,Traced,957,214,493,31,63,79,419349386
911897964,PFNv(PB05)_L4_C3,PFNv,PFNv,Traced,824,190,362,33,92,62,382389771
911915224,PFR_b(PB11b)_L5_C6,PFR_b,PFR_b,Traced,2043,339,240,24,1640,116,662075215
912147871,PFGs(PB10)_R6_C4,PFGs; Tdc2-PB1/2 candidates,PFGs,Traced,2846,608,144,9,2686,589,1036933538
912238927,PFNp_e(PB01a)_L4_C3,PFNp_e,PFNp_e,Traced,313,68,137,3,23,37,187390993
912488890,PFL3(PB12c)_R3_C5,PB1-7FB1245LAL,PFL3,Traced,3035,2,688,1,2344,1,940987291
912558136,PFNp_b(PB01b)_L2_C1,PFNp_b,PFNp_b,Traced,132,38,22,,28,23,109033536
912894972,PFNp_a(PB01a)_L2_C1,PFNp_a,PFNp_a,Traced,223,54,92,1,16,31,74353202
912894991,PFNv(PB05)_L3_C2,PFNv,PFNv,Traced,1524,325,766,54,115,146,631785776
912898873,PFNp_d(PB01a)_L2_C1,PFNp_d,PFNp_d,Traced,124,16,25,,45,15,95689834
912925080,PFL3(PB12c)_L3_C5,PB1-7FB1245LAL,PFL3,Traced,2624,442,633,1,1871,6,1310859231
913235746,PFNp_e(PB01a)_L2_C1,PFNp_e,PFNp_e,Traced,316,72,115,1,19,30,209241742
916284630,PFL2(PB12b)_R2_C4,PB1-4FB1245LAL,PFL2,Traced,2791,419,560,1,2118,10,1366489368
916974420,PFNa(PB03)_L6_C5,PFNa,PFNa,Traced,475,96,163,1,32,58,262883335
940791092,PFNp_b(PB01b)_R6_C5,PFNp_b,PFNp_b,Traced,172,37,64,,35,26,119275043
940791093,PFNp_b(PB01b)_R6_C5,PFNp_b,PFNp_b,Traced,207,42,52,,48,28,124953130
940791115,PFNp_b(PB01b)_R6_C5,PFNp_b,PFNp_b,Traced,179,52,59,,30,30,146076844
940791123,PFNp_b(PB01b)_R6_C5,PFNp_b,PFNp_b,Traced,178,39,50,,27,21,135021179
940791383,PFNd(PB04)_R6_C4,PFNd,PFNd,Traced,991,183,448,2,188,117,408413149
940808800,PFNp_e(PB01a)_R7_C4,PFNp_e,PFNp_e,Traced,380,84,131,1,23,41,237152945
941123943,PFL1(PB12a)_R6_C3,PFLC,PFL1,Traced,1592,5,621,2,969,1,930344690
941132270,PFNa(PB03)_R6_C5,PFNa,PFNa,Traced,560,112,294,,38,70,333056544
941132430,PFL3(PB12c)_R6_C2,PB1-7FB1245LAL,PFL3,Traced,3284,8,732,,2548,7,1164106630
941132434,EPG(PB08)_R6,EPG,EPG,Traced,3384,384,204,161,8,1,1033944779
941244280,PFNa(PB03)_L7_C6,PFNa,PFNa,Traced,530,135,130,,38,74,348045050
941939879,PFL3(PB12c)_L6_C8,PB1-7FB1245LAL,PFL3,Traced,2359,485,374,2,1872,6,1137135613
942172462,PFNp_b(PB01b)_R4_C7,PFNp_b,PFNp_b,Traced,180,34,23,,45,21,121738737
942172835,PFL3(PB12c)_R4_C4,PB1-7FB1245LAL,PFL3,Traced,2327,5,406,1,1918,4,885694660
942173776,PEG(PB07)_R4,PEG,PEG,Traced,1155,148,864,1,8,1,661259565
942254492,PFNp_e(PB01a)_L4_C3,PFNp_e,PFNp_e,Traced,212,56,81,1,15,33,169830327
942254554,PFNa(PB03)_L4_C3,PFNa,PFNa,Traced,530,86,244,,40,51,276831339
942491983,EPG(PB08)_R6,EPG,EPG,Traced,3582,477,293,213,16,1,1236585592
942535218,PFNp_b(PB01b)_R3_C8,PFNp_b,PFNp_b,Traced,240,45,94,,47,30,127512872
942539535,PFNp_d(PB01a)_R3_C8,PFNp_d,PFNp_d,Traced,163,26,32,1,70,24,115263488
942587380,PEG(PB07)_L4,PEG,PEG,Traced,1528,253,1051,2,6,1,737594409
943226223,PFNp_b(PB01b)_R3_C8,PFNp_b,PFNp_b,Traced,288,67,106,,34,37,189657430
943592738,PFNp_b(PB01b)_L2_C1,PFNp_b,PFNp_b,Traced,213,50,70,,33,28,139934401
943592989,PFNp_b(PB01b)_L2_C1,PFNp_b,PFNp_b,Traced,142,33,14,,50,26,115633533
943921162,PFR_a(PB11a)_R1_C1_irreg,,PFR_a,Traced,1588,471,85,2,1449,426,571821666
943921248,PFNa(PB03)_L2_C1,PFNa,PFNa,Traced,645,147,263,,42,89,379312942
943933727,PFNp_d(PB01a)_L3_C2,PFNp_d,PFNp_d,Traced,138,22,45,,41,17,111460633
943955813,PFR_b(PB11b)_L3_C3,PFR_b,PFR_b,Traced,1910,324,328,74,1382,167,666717755
944262351,PFL3(PB12c)_L1_C3,PB1-7FB1245LAL,PFL3,Traced,2736,332,232,,2389,3,948535579
948333783,PFL2(PB12b)_R3_C3,PB1-4FB1245LAL,PFL2,Traced,3219,320,535,2,2584,16,1090467478
971506655,PFNa(PB03)_R7_C4,PFNa,PFNa,Traced,864,188,394,2,33,112,481997001
971817401,PFNp_a(PB01a)_R6_C5,PFNp_a,PFNp_a,Traced,159,35,67,,9,17,122675710
971817711,PFNv(PB05)_R7_C3,PFNv,PFNv,Traced,1415,342,511,43,104,127,589230506
972624772,PFNm_a(PB02a)_L7_C6,PFNm_a,PFNm_a,Traced,642,126,113,,62,67,293734760
972858260,PFR_a(PB11a)_R5_C5,PFR_a,PFR_a,Traced,1410,394,85,1,1320,388,458466164
972871918,PFNa(PB03)_R4_C7,PFNa,PFNa,Traced,561,102,242,,40,63,303243486
973954598,PFR_a(PB11a)_L3_C3,PFR_a,PFR_a,Traced,1987,576,67,1,1857,530,608509959
974300015,PEG(PB07)_L3,PEG,PEG,Traced,1396,268,922,2,7,1,785035775
974606303,PFR_a(PB11a)_L1_C9_irreg,,PFR_a,Traced,1238,329,59,,1170,320,377407039
974627674,PFNd(PB04)_L2_C1,PFNd,PFNd,Traced,1139,250,436,,245,163,513924971
974645472,PFR_a(PB11a)_L3_C3,PFR_a,PFR_a,Traced,1829,589,99,2,1675,541,523810983
974968796,PFNm_a(PB02a)_L2_C1,PFNm_a,PFNm_a,Traced,548,115,147,,55,66,279350363
976997968,PFR_a(PB11a)_R5_C5,PFR_a,PFR_a,Traced,1223,357,79,1,1108,347,438963855
978358080,hDeltaH_14_C8,FB2d4D3FB5,hDeltaH,Traced,3017,430,1,,3014,430,881225450
979066072,FS3(FQ10)_C7_R,FB1d367SMP,FS3,Traced,842,83,1,,768,21,243754739
979752365,PFL2(PB12b)_L3_C7,PB1-4FB1245LAL,PFL2,Traced,2750,307,572,1,2071,8,1104413493
1002507159,EPG(PB08)_R7,EPG,EPG,Traced,4220,545,231,218,38,10,1316105284
1002507170,PFL1(PB12a)_R7_C1,PFLC,PFL1,Traced,1392,85,505,6,873,11,1127535523
1002848124,PFNd(PB04)_R7_C3,PFNd,PFNd,Traced,1443,299,528,1,371,209,682555606
1002848661,PEG(PB07)_R7,PEG,PEG,Traced,1004,139,735,,4,3,574633074
1002852791,EPG(PB08)_R7,EPG,EPG,Traced,4112,504,239,211,28,4,1209456657
1002999221,PFR_b(PB11b)_L6_C7,PFR_b,PFR_b,Traced,1293,288,153,13,946,70,625872511
1003318634,PFNd(PB04)_L7_C6,,PFNd,Traced,1336,307,350,1,343,196,637846497
1003659595,PFNp_b(PB01b)_L7_C6,PFNp_b,PFNp_b,Traced,196,84,16,1,28,39,175868484
1003672766,PFL1(PB12a)_L7_C9,PFLC,PFL1,Traced,1149,312,315,2,746,4,964632002
1004014587,PEG(PB07)_L7,PEG,PEG,Traced,935,211,490,3,5,2,413950685
1004017998,EPG(PB08)_L7,EPG,EPG,Traced,3073,414,188,144,12,2,965411401
1004700437,PFL3(PB12c)_L7_C9,PB1-7FB1245LAL,PFL3,Traced,2588,513,298,,2170,6,1092150568
1005261469,PFR_b(PB11b)_R3_C6,PFR_b,PFR_b,Traced,2356,222,184,18,2073,112,761416202
1008028537,PFL3(PB12c)_R3_C5,PB1-7FB1245LAL,PFL3,Traced,1979,8,703,,1272,5,805860997
1008041969,PFR_a(PB11a)_L5_C5,PFR_a,PFR_a,Traced,1345,416,75,1,1222,369,513227795
1032643905,PFNa(PB03)_L9_C9,PFNa,PFNa,Traced,545,140,206,,45,101,363225756
1033196675,FC2A(FQ7)_C3_R,FB1-5CRE,FC2A,Traced,2584,277,1,,2535,236,393546498
1033887446,PFGs(PB10)_R7_C3,PFGs; Tdc2-PB1/2 candidates,PFGs,Traced,2917,574,226,11,2685,558,1085894735
1034219901,EPG(PB08)_R7,EPG,EPG,Traced,4020,435,176,178,22,1,1185019251
1034220115,EL(EQ5)_R,EBGAs,EL,Traced,4159,922,12,,222,66,1099839854
1034703497,PFNp_b(PB01b)_L7_C6,PFNp_b,PFNp_b,Traced,147,54,14,,19,29,147176282
1034711992,PFNp_a(PB01a)_L7_C6,PFNp_a,PFNp_a,Traced,224,67,56,4,14,32,148000552
1035045015,EPG(PB08)_L7,EPG,EPG,Traced,4196,549,226,208,23,2,1027118663
1035955516,PFNm_b(PB02b)_R4_C7,PFNm_b,PFNm_b,Traced,392,93,136,2,105,68,212169182
1036296133,PFR_a(PB11a)_R4_C6,PFR_a,PFR_a,Traced,1467,417,56,,1405,412,467260272
1036330791,PFR_a(PB11a)_R2_C8,PFR_a,PFR_a,Traced,1492,390,48,1,1402,384,440621040
1036637638,ExR3(ring)_R,5-HTPMPD candidates,ExR3,Traced,10576,4817,3,,3598,1723,5331729469
1040393594,PFGs(PB10)_L3_C3,PFGs; Tdc2-PB1/2 candidates,PFGs,Traced,3123,690,165,7,2933,681,1117514933
1062526223,PEN_b(PB06b)_R8,PEN2,PEN_b(PEN2),Traced,2195,470,839,2,,5,994963622
1064577636,PFR_b(PB11b)_R7_C2,PFR_b,PFR_b,Traced,1928,222,173,15,1645,119,745793303
1065409934,PEG(PB07)_L8,PEG,PEG,Traced,923,220,530,1,9,2,434380151
1066088381,EL(EQ5)_L,EBGAs,EL,Traced,4269,850,8,,106,17,1067970589
1066420480,PFR_b(PB11b)_L7_C8,PFR_b,PFR_b,Traced,1483,330,124,12,1169,115,643479927
1067331159,hDeltaB_04_C4,FB34vD5FB34v,hDeltaB,Traced,2182,471,1,,2172,463,827955358
1069757725,PFNp_b(PB01b)_L6_C5,PFNp_b,PFNp_b,Traced,156,36,27,1,37,23,113987135
1070439674,PFR_b(PB11b)_L3_C4,PFR_b,PFR_b,Traced,1855,315,128,9,1554,102,778112832
1072503172,PFR_a(PB11a)_L6_C6,PFR_a,PFR_a,Traced,1566,422,49,1,1430,364,523432208
1072844208,PFR_a(PB11a)_L6_C7,PFR_a,PFR_a,Traced,1497,389,68,1,1374,347,490071744
1073504644,PFR_b(PB11b)_R5_C4,PFR_b,PFR_b,Traced,2215,271,203,20,1900,134,737078778
1094722478,PFNp_c(PB01c)_L8_C7,PFNp_c,PFNp_c,Traced,298,80,58,,11,41,175772979
1094934199,PFNd(PB04)_R8_C2,PFNd,PFNd,Traced,1410,281,570,1,294,189,683485050
1097718659,PFL3(PB12c)_R2_C6,PB1-7FB1245LAL,PFL3,Traced,3393,11,456,,2936,11,867073882
1097718901,PFL1(PB12a)_R2_C7,PFLC,PFL1,Traced,1417,9,451,1,961,4,868066626
1102191192,PFR_b(PB11b)_R3_C7,PFR_b,PFR_b,Traced,1630,98,197,15,1428,82,573043300
1102804327,FS1A(FQ9)_C3_R,FB2-6SMPSMP,FS1A,Traced,940,89,2,,883,22,291796071
1103810192,PFGs(PB10)_R8_C2,PFGs; Tdc2-PB1/2 candidates,PFGs,Traced,2140,424,172,23,1954,398,949867971
1125411720,PFNp_c(PB01c)_L9_C9,PFNp_c,PFNp_c,Traced,480,117,104,,56,73,247192520
1125964651,PFNv(PB05)_R8_C3,PFNv,PFNv,Traced,1191,347,407,53,106,128,607539930
1125964814,EPG(PB08)_R8,EPG,EPG,Traced,3046,352,185,164,11,3,991536233
1125964879,PFNp_b(PB01b)_R8_C3,PFNp_b,PFNp_b,Traced,180,47,65,,29,25,146574800
1125964899,PFNp_b(PB01b)_R8_C3,PFNp_b,PFNp_b,Traced,150,33,41,,39,27,111011326
1125969082,PEG(PB07)_R9,PEG,PEG,Traced,953,106,766,9,2,1,612853083
1126301255,PFNa(PB03)_R8_C3,PFNa,PFNa,Traced,640,141,329,7,35,82,400991774
1126301622,PFNp_c(PB01c)_R8_C3,PFNp_c,PFNp_c,Traced,411,101,117,,23,51,265534016
1126305687,PFNp_a(PB01a)_R8_C3,PFNp_a,PFNp_a,Traced,167,41,53,,7,19,148659739
1126306451,PFNd(PB04)_R8_C2,PFNd,PFNd,Traced,1342,293,503,1,334,212,710219740
1126310716,PFNp_e(PB01a)_R8_C3,PFNp_e,PFNp_e,Traced,416,80,151,,19,36,213817246
1126310776,PFNa(PB03)_R8_C2,PFNa,PFNa,Traced,583,123,208,,54,74,358744120
1126310807,PFNp_a(PB01a)_R8_C3,PFNp_a,PFNp_a,Traced,188,65,69,4,26,38,158827656
1126310841,PFNp_b(PB01b)_R8_C3,PFNp_b,PFNp_b,Traced,211,56,63,,37,28,89825484
1126310969,PFNa(PB03)_R8_C3,PFNa,PFNa,Traced,583,138,275,1,30,94,348721689
1126647624,EPG(PB08)_R8,EPG,EPG,Traced,2943,376,217,170,19,2,1089813706
1127471202,PFNd(PB04)_L8_C7,,PFNd,Traced,1051,258,252,1,185,145,350288881
1127808629,PFNp_b(PB01b)_L8_C7,PFNp_b,PFNp_b,Traced,140,47,17,,33,25,121365609
1128088594,PEG(PB07)_L1,PEG,PEG,Traced,1029,191,677,1,6,1,586585085
1128092885,PFL1(PB12a)_L1_C8_irreg,PFLC,PFL1,Traced,1313,20,510,2,798,16,960402109
1128434325,PFR_a(PB11a)_L2_C2,PFR_a,PFR_a,Traced,1828,556,50,,1701,511,579257577
1128495875,PFNd(PB04)_L8_C7,,PFNd,Traced,973,275,215,,204,165,352459296
1129456907,PFNp_a(PB01a)_L2_C1,PFNp_a,PFNp_a,Traced,132,40,36,,7,13,130305771
1129849756,hDeltaJ_12_C10,FB1234D5FB45,hDeltaJ,Traced,782,201,1,,776,201,330016731
1133566834,PFR_a(PB11a)_R3_C7,PFR_a,PFR_a,Traced,1379,356,103,,1274,352,484929565
1133890586,PFGs(PB10)_L5_C5,PFGs; Tdc2-PB1/2 candidates,PFGs,Traced,2149,393,172,14,1903,364,1020071695
1134253374,PFL3(PB12c)_R1_C7,PB1-7FB1245LAL,PFL3,Traced,2066,2,237,,1826,2,610434384
1135902716,FC1B(FQ6)_C3_R,FB2CRE,FC1B,Traced,867,156,1,,859,152,281391905
1135902770,FC1A(FQ6)_C3_R,FB2CRE,FC1A,Traced,778,169,1,,765,158,317552201
1135907207,PFR_b(PB11b)_R6_C3,PFR_b,PFR_b,Traced,2556,229,235,21,2245,129,704924127
1136204852,PFGs(PB10)_R9_C1,PFGs; Tdc2-PB1/2 candidates,PFGs,Traced,2154,464,142,10,2003,452,971124055
1136273393,PFGs(PB10)_L7_C7,PFGs; Tdc2-PB1/2 candidates,PFGs,Traced,2394,381,186,6,2163,359,592330392
1137590785,SIFa(PDM34),,SIFa,Traced,658,344,20,11,39,30,4308407118
1155302782,PFNm_a(PB02a)_R8_C3,PFNm_a,PFNm_a,Traced,546,119,116,2,43,63,319944629
1155652503,PFNa(PB03)_R9_C1,PFNa,PFNa,Traced,597,134,251,1,36,85,412774414
1156663078,PFNm_b(PB02b)_R8_C3,PFNm_b,PFNm_b,Traced,517,99,124,,83,62,246283752
1156999846,PFNp_a(PB01a)_R8_C3,PFNp_a,PFNp_a,Traced,175,52,69,,12,27,148449235
1157000178,PFNp_e(PB01a)_R8_C3,PFNp_e,PFNp_e,Traced,348,79,148,7,32,37,183649556
1158507458,PFNp_e(PB01a)_L8_C7,PFNp_e,PFNp_e,Traced,287,75,97,3,12,33,179574042
1158507467,PFNp_b(PB01b)_L8_C7,PFNp_b,PFNp_b,Traced,168,57,21,,25,26,123595201
1159123802,PFR_b(PB11b)_L1_C9_irreg,,PFR_b,Traced,1666,219,210,20,1345,111,639370086
1159530101,PFNp_c(PB01c)_L8_C7,PFNp_c,PFNp_c,Traced,347,96,80,,29,58,197650113
1160833169,PFNp_b(PB01b)_L2_C1,PFNp_b,PFNp_b,Traced,148,41,42,,31,25,134082097
1164269666,PFR_a(PB11a)_R3_C7,PFR_a,PFR_a,Traced,1443,390,49,2,1386,380,474982361
1164597572,PFNp_b(PB01b)_L8_C7,PFNp_b,PFNp_b,Traced,140,50,20,1,21,28,113308724
1167282562,PFL2(PB12b)_R4_C2,PB1-4FB1245LAL,PFL2,Traced,3100,376,907,6,2093,6,1481422725
1167956458,PFR_a(PB11a)_R7_C3,PFR_a,PFR_a,Traced,1518,464,53,1,1458,452,507060988
1167965225,EL(EQ5)_R,EBGAs,EL,Traced,4003,873,1,,4,2,1203007342
1168314368,PFR_a(PB11a)_R8_C2,PFR_a,PFR_a,Traced,1351,412,47,2,1291,405,501206113
1168664447,EPGt(PB09)_L9,EPGt,EPGt,Traced,610,167,387,137,28,5,390899085
1168664495,EPG(PB08)_L8,EPG,EPG,Traced,3858,468,173,144,20,2,1000269781
1187693355,PFNp_b(PB01b)_R8_C3,PFNp_b,PFNp_b,Traced,162,44,24,,32,28,142162178
1187831582,PFNa(PB03)_L9_C9,PFNa,PFNa,Traced,682,181,279,1,45,113,384194515
1187844616,PFNd(PB04)_L9_C8,,PFNd,Traced,1212,301,333,,292,191,502728141
1188043606,PFNp_d(PB01a)_R8_C3,PFNp_d,PFNp_d,Traced,114,29,9,,34,23,107834774
1188163963,PFNm_a(PB02a)_L9_C9,PFNm_a,PFNm_a,Traced,580,121,122,,72,72,251157582
1188181261,PFNd(PB04)_L9_C8,,PFNd,Traced,1132,276,288,1,260,157,489974838
1188371481,PFNp_b(PB01b)_R8_C3,PFNp_b,PFNp_b,Traced,151,53,51,,16,34,139693719
1188716311,PFNp_b(PB01b)_R8_C3,PFNp_b,PFNp_b,Traced,152,31,48,,29,19,127026545
1189549476,PFNm_b(PB02b)_L9_C9,PFNm_b,PFNm_b,Traced,375,88,102,,77,53,200887917
1189882785,PFNp_b(PB01b)_L8_C7,PFNp_b,PFNp_b,Traced,135,48,18,,24,32,111933746
1189887646,PFNp_b(PB01b)_L8_C7,PFNp_b,PFNp_b,Traced,160,43,16,,31,25,116529422
1189891402,PFGs(PB10)_L8_C8,PFGs; Tdc2-PB1/2 candidates,PFGs,Traced,1643,285,153,22,1418,241,588763195
1192588945,,,,Traced,58,54,39,21,10,2,129657055
1195606601,PFR_a(PB11a)_L5_C5,PFR_a,PFR_a,Traced,1159,385,95,,991,332,454288161
1198749960,PFGs(PB10)_L1_C9_irreg,PFGs; Tdc2-PB1/2 candidates,PFGs,Traced,2064,406,199,21,1754,349,961787424
1200027441,PFGs(PB10)_L9_C9,PFGs; Tdc2-PB1/2 candidates,PFGs,Traced,1455,259,80,4,1335,244,495589091
1200032115,PFL3(PB12c)_R7_C1,PB1-7FB1245LAL,PFL3,Traced,4647,264,663,4,3920,4,1365251696
1200053009,PFL2(PB12b)_R5_C1,PB1-4FB1245LAL,PFL2,Traced,3032,399,782,5,2113,5,1532312771
1217372569,PFNp_a(PB01a)_R9_C2,PFNp_a,PFNp_a,Traced,181,19,57,,23,17,115773155
1217385533,PFNa(PB03)_R9_C1,PFNa,PFNa,Traced,798,169,379,,65,117,490492585
1217394039,PFNm_b(PB02b)_R9_C1,PFNm_b,PFNm_b,Traced,536,113,175,1,121,82,253744616
1218728463,PFNp_b(PB01b)_R9_C1,PFNp_b,PFNp_b,Traced,242,66,64,,38,38,134505617
1218728541,PFNa(PB03)_R9_C1,PFNa,PFNa,Traced,864,195,328,3,59,128,527636691
1218728544,PFNp_b(PB01b)_R9_C1,PFNp_b,PFNp_b,Traced,189,55,45,,35,36,130675048
1218728570,PEN_b(PB06b)_R9,PEN2,PEN_b(PEN2),Traced,1423,315,561,,10,14,706646004
1218728588,PFNp_a(PB01a)_R9_C2,PFNp_a,PFNp_a,Traced,207,56,75,,16,29,144326219
1218732781,PFNd(PB04)_R9_C1,PFNd,PFNd,Traced,1297,275,529,3,244,166,652471029
1218732931,PFNd(PB04)_R9_C1,PFNd,PFNd,Traced,1361,263,488,2,276,169,598588168
1218733141,PFNp_b(PB01b)_R9_C2,PFNp_b,PFNp_b,Traced,186,51,38,,11,22,145939775
1219069439,EPGt(PB09)_R9,EPGt,EPGt,Traced,790,170,525,154,98,12,571937645
1219069788,PFNp_a(PB01a)_R9_C2,PFNp_a,PFNp_a,Traced,310,73,112,4,19,35,170005012
1219410844,PFNp_a(PB01a)_R9_C2,PFNp_a,PFNp_a,Traced,189,49,54,,22,22,143591103
1219756158,PFNp_a(PB01a)_R9_C2,PFNp_a,PFNp_a,Traced,288,76,138,2,17,33,170645565
1219889738,PFNp_c(PB01c)_L9_C9,PFNp_c,PFNp_c,Traced,258,82,53,,20,43,184585387
1220576923,PEN_a(PB06a)_L9,,PEN_a(PEN1),Traced,1833,643,324,,1,1,883794470
1220581302,PFNp_a(PB01a)_L9_C8,PFNp_a,PFNp_a,Traced,135,50,27,,13,21,107373795
1220584946,PEN_b(PB06b)_L9,PEN2,PEN_b(PEN2),Traced,1349,320,355,1,3,11,524380567
1223640877,PFNv(PB05)_L6_C5,PFNv,PFNv,Traced,480,166,120,33,23,59,323395635
1224249917,PFNa(PB03)_R6_C5,PFNa,PFNa,Traced,556,106,260,,41,72,324744105
1224254476,PFNa(PB03)_R6_C5,PFNa,PFNa,Traced,513,99,229,,35,53,279492497
1224936588,PFNa(PB03)_L6_C5,PFNa,PFNa,Traced,443,108,173,2,31,66,297415403
1229093930,hDeltaC_06_C6,FB26D7FB6,hDeltaC,Traced,1460,256,1,,1457,256,587825564
1248424794,PFNp_b(PB01b)_R9_C1,PFNp_b,PFNp_b,Traced,235,62,74,,22,26,167706792
1248765883,PFNp_d(PB01a)_R9_C2,PFNp_d,PFNp_d,Traced,167,23,43,,38,21,109632660
1248770299,PFNp_c(PB01c)_R9_C1,PFNp_c,PFNp_c,Traced,472,105,128,,31,67,248764575
1249098248,PFNp_c(PB01c)_R9_C1,PFNp_c,PFNp_c,Traced,414,95,118,,32,63,245492361
1249102842,PFNp_d(PB01a)_R8_C3,PFNp_d,PFNp_d,Traced,138,29,17,,96,23,126324189
1249763220,PFNp_c(PB01c)_R9_C1,PFNp_c,PFNp_c,Traced,466,85,138,,28,44,230917019
1249763369,PFNp_d(PB01a)_R9_C2,PFNp_d,PFNp_d,Traced,103,16,22,,42,13,112838515
1250113157,PFNp_b(PB01b)_R9_C1,PFNp_b,PFNp_b,Traced,185,50,47,,11,19,138462094
1250113288,PFNp_e(PB01a)_R9_C2,PFNp_e,PFNp_e,Traced,376,77,119,1,23,32,201082822
1250233662,vDeltaC_C0,FB1D0FB7_2,vDeltaC,Traced,524,98,1,,519,97,220595824
1251265590,PFNp_b(PB01b)_L9_C8,PFNp_b,PFNp_b,Traced,129,48,14,,10,21,122289121
1251265778,PFNp_b(PB01b)_L9_C9,PFNp_b,PFNp_b,Traced,147,49,35,,29,31,119435766
1251269930,PFNp_e(PB01a)_L9_C8,PFNp_e,PFNp_e,Traced,248,70,74,3,12,25,153099415
1251275120,PFNa(PB03)_L9_C9,PFNa,PFNa,Traced,570,150,240,,55,107,357032990
1251952397,PFNp_a(PB01a)_L9_C8,PFNp_a,PFNp_a,Traced,186,55,31,,13,22,112002974
1255297613,PFNa(PB03)_R6_C5,PFNa,PFNa,Traced,559,113,242,,43,71,316317120
1255638782,PFNa(PB03)_L6_C5,PFNa,PFNa,Traced,531,117,174,,34,74,325866264
1256376704,PFNp_e(PB01a)_L6_C5,PFNp_e,PFNp_e,Traced,258,79,51,4,15,34,201325134
1258073453,PFL3(PB12c)_L1_C8_irreg,PB1-7FB1245LAL,PFL3,Traced,2164,6,322,1,1832,5,822785872
1258686925,PFL3(PB12c)_L2_C4,PB1-7FB1245LAL,PFL3,Traced,2916,481,499,1,2285,12,1251526591
1259097611,PFR_a(PB11a)_L8_C8,PFR_a,PFR_a,Traced,1283,446,53,1,1155,378,342984622
1282300415,PFNp_a(PB01a)_L9_C8,PFNp_a,PFNp_a,Traced,183,61,50,,12,25,123262281
1282305753,PFNp_b(PB01b)_L9_C9,PFNp_b,PFNp_b,Traced,164,47,4,,35,26,118136261
1282646571,PFNp_b(PB01b)_L9_C9,PFNp_b,PFNp_b,Traced,156,56,28,,33,30,118912206
1282991279,PFNp_b(PB01b)_L9_C8,PFNp_b,PFNp_b,Traced,150,46,16,,4,18,126159058
1286315568,PFNa(PB03)_R6_C5,PFNa,PFNa,Traced,543,107,251,,33,67,300802409
1287411513,PFNp_d(PB01a)_R6_C5,PFNp_d,PFNp_d,Traced,89,22,2,,52,21,101264112
1292423935,PFL1(PB12a)_L3_C4,PFLC,PFL1,Traced,1166,283,617,1,478,2,1202334420
1310499077,PFNm_a(PB02a)_R9_C1,PFNm_a,PFNm_a,Traced,635,147,127,,50,88,310431039
1312308001,PFNp_d(PB01a)_L9_C8,PFNp_d,PFNp_d,Traced,93,25,7,,39,21,93569360
1318109929,PEN_b(PB06b)_L7,PEN2,PEN_b(PEN2),Traced,1781,438,438,2,7,19,839952860
1320799646,PFNp_a(PB01a)_L8_C7,PFNp_a,PFNp_a,Traced,174,65,61,4,18,37,128176386
1320799685,vDeltaL_C7,FB1vD0FB4,vDeltaL,Traced,348,33,1,,336,33,133335873
1322522242,PFR_a(PB11a)_L1_C9_irreg,,PFR_a,Traced,1321,421,34,,1276,413,428674792
1345056477,PFNp_b(PB01b)_L9_C8,PFNp_b,PFNp_b,Traced,121,26,28,,37,21,103644725
1348769299,PFNp_b(PB01b)_L4_C3,PFNp_b,PFNp_b,Traced,212,35,77,,31,20,115742706
1349114660,PFNp_a(PB01a)_L4_C3,PFNp_a,PFNp_a,Traced,114,40,36,,9,18,127554851
1349114669,PFNp_b(PB01b)_L4_C3,PFNp_b,PFNp_b,Traced,230,44,121,,34,30,138581517
1349114715,PFNm_a(PB02a)_L4_C3,PFNm_a,PFNm_a,Traced,434,54,117,,19,19,222259750
1350803100,PFNp_a(PB01a)_R5_C6,PFNp_a,PFNp_a,Traced,260,87,82,,53,63,175051158
1351838607,vDeltaM_C7,FB1vD0FB4,vDeltaM,Traced,210,34,1,,200,34,125678970
1353544607,PEN_b(PB06b)_L8,PEN2,PEN_b(PEN2),Traced,1807,490,458,1,4,23,619565622
1380145201,PFNp_c(PB01c)_L6_C5,PFNp_c,PFNp_c,Traced,317,78,73,,14,37,163099219
1380145267,PFNp_b(PB01b)_L4_C3,PFNp_b,PFNp_b,Traced,179,50,47,,22,25,131950425
1380149563,PFNp_c(PB01c)_L6_C5,PFNp_c,PFNp_c,Traced,258,60,42,,11,25,161678827
1380149683,PFNp_c(PB01c)_L6_C5,PFNp_c,PFNp_c,Traced,296,70,57,1,9,38,191121333
1380408540,PFNp_b(PB01b)_R7_C4,PFNp_b,PFNp_b,Traced,204,39,36,,58,28,123772072
1380408769,PFNp_d(PB01a)_R7_C4,PFNp_d,PFNp_d,Traced,178,31,28,,70,27,126155522
1381484065,PFL2(PB12b)_L2_C6,PB1-4FB1245LAL,PFL2,Traced,2912,435,560,2,2226,8,1437029317
1410105306,PFNp_e(PB01a)_R4_C7,PFNp_e,PFNp_e,Traced,346,67,122,2,28,33,186565124
1410118722,PFNp_b(PB01b)_R6_C5,PFNp_b,PFNp_b,Traced,133,18,32,,37,16,118974380
1410122382,PFNm_a(PB02a)_R6_C5,PFNm_a,PFNm_a,Traced,538,95,92,,79,55,245546738
1410122586,PFNp_c(PB01c)_R6_C5,PFNp_c,PFNp_c,Traced,475,86,128,,34,57,235054644
1410122843,PFNp_b(PB01b)_R6_C5,PFNp_b,PFNp_b,Traced,210,46,98,,19,22,134434265
1410122892,PFNp_c(PB01c)_R6_C5,PFNp_c,PFNp_c,Traced,435,80,120,,27,48,236861136
1410127303,PFNp_c(PB01c)_L6_C5,PFNp_c,PFNp_c,Traced,435,96,81,1,36,54,238160891
1410127581,PFNm_a(PB02a)_L6_C5,PFNm_a,PFNm_a,Traced,421,94,60,1,60,55,222599797
1410450511,PFNm_b(PB02b)_R4_C7,PFNm_b,PFNm_b,Traced,498,86,179,,84,50,216523210
1410450514,PFNp_a(PB01a)_R6_C5,PFNp_a,PFNp_a,Traced,209,58,96,3,16,29,137642051
1410450576,PFNp_d(PB01a)_R6_C5,PFNp_d,PFNp_d,Traced,106,27,24,,44,27,102460746
1410450694,PFNp_b(PB01b)_R4_C7,PFNp_b,PFNp_b,Traced,186,47,51,,18,22,144402524
1410450859,PFNp_a(PB01a)_R6_C5,PFNp_a,PFNp_a,Traced,202,41,79,,12,19,128311617
1410450949,PFNm_a(PB02a)_R6_C5,PFNm_a,PFNm_a,Traced,586,108,135,,36,64,263849323
1410451120,PFNp_c(PB01c)_R6_C5,PFNp_c,PFNp_c,Traced,429,82,137,,21,44,206071298
1410451151,PFNp_b(PB01b)_R6_C5,PFNp_b,PFNp_b,Traced,176,43,67,,18,24,133385361
1410472719,PFNp_c(PB01c)_L6_C5,PFNp_c,PFNp_c,Traced,422,81,83,,32,49,202552831
1410801066,PFNp_d(PB01a)_R5_C6,PFNp_d,PFNp_d,Traced,159,33,15,,68,29,120213107
1410813978,PFNp_b(PB01b)_L6_C5,PFNp_b,PFNp_b,Traced,141,38,21,,20,19,113474514
1411862814,PFNa(PB03)_R4_C7,PFNa,PFNa,Traced,542,110,246,,39,73,297901324
1412164346,PFNm_b(PB02b)_L5_C4,PFNm_b,PFNm_b,Traced,470,122,147,2,132,82,269470639
1412238418,PFNa(PB03)_L8_C7,PFNa,PFNa,Traced,499,122,182,1,36,80,293819301
1414617465,PFNp_d(PB01a)_R_C8_irreg,PFNp_d,PFNp_d,Traced,163,22,3,,125,22,138069021
1418618235,SIFa(PDM34),,SIFa,Traced,1592,935,1,1,131,64,6190229391
1438359720,,,,Orphan,9,20,5,7,3,5,131504881
1441144493,PFNp_c(PB01c)_R4_C7,PFNp_c,PFNp_c,Traced,420,80,135,,24,42,220073717
1441481281,PFNm_a(PB02a)_R4_C7,PFNm_a,PFNm_a,Traced,628,111,175,,57,62,272518264
1441485388,PFNp_a(PB01a)_R4_C7,PFNp_a,PFNp_a,Traced,186,44,80,,25,25,126265270
1441485464,PFNp_e(PB01a)_R6_C5,PFNp_e,PFNp_e,Traced,345,61,141,,12,28,200205040
1441485633,PFNp_c(PB01c)_R4_C7,PFNp_c,PFNp_c,Traced,355,68,116,,18,35,197085606
1441485832,PFNp_c(PB01c)_R4_C7,PFNp_c,PFNp_c,Traced,457,94,107,1,28,55,253913577
1441485942,PFNp_c(PB01c)_R4_C7,PFNp_c,PFNp_c,Traced,401,88,104,,25,52,241584337
1441486002,PFNp_e(PB01a)_R4_C7,PFNp_e,PFNp_e,Traced,241,57,74,1,20,33,161955424
1441498763,PFNp_b(PB01b)_L6_C5,PFNp_b,PFNp_b,Traced,124,44,26,,8,16,128861177
1441499171,PFNp_b(PB01b)_L6_C5,PFNp_b,PFNp_b,Traced,124,41,17,,7,17,123344847
1441499284,PFNp_b(PB01b)_L6_C5,PFNp_b,PFNp_b,Traced,134,44,7,,26,24,128766829
1441503403,PFNp_b(PB01b)_L6_C5,PFNp_b,PFNp_b,Traced,151,55,23,,25,25,130308290
1441503748,PFNp_c(PB01c)_L6_C5,PFNp_c,PFNp_c,Traced,350,89,65,1,17,54,237030936
1441848753,PFNp_b(PB01b)_L6_C5,PFNp_b,PFNp_b,Traced,153,44,25,1,24,22,113419994
1442556708,PFNp_d(PB01a)_L7_C6,PFNp_d,PFNp_d,Traced,150,32,15,,93,24,114358250
1442931758,PFNp_d(PB01a)_L8_C7,PFNp_d,PFNp_d,Traced,141,23,28,,40,17,92793700
1443268440,PFNa(PB03)_L8_C7,PFNa,PFNa,Traced,565,138,210,2,39,75,288035778
1443579770,PFNa(PB03)_R4_C7,PFNa,PFNa,Traced,586,114,235,1,39,65,323082717
1472205673,PFNa(PB03)_R2_C9,PFNa,PFNa,Traced,608,128,238,,38,77,329289610
1472520245,PFNp_d(PB01a)_R4_C7,PFNp_d,PFNp_d,Traced,111,19,16,,39,17,105055774
1472537557,PFNp_e(PB01a)_L6_C5,PFNp_e,PFNp_e,Traced,189,60,65,3,13,30,119345306
1472542572,PFNp_a(PB01a)_L6_C5,PFNp_a,PFNp_a,Traced,155,47,22,,11,24,138376894
1472546868,PFNp_a(PB01a)_L6_C5,PFNp_a,PFNp_a,Traced,127,37,12,,9,18,118217156
1472866173,PFNp_b(PB01b)_R7_C4,PFNp_b,PFNp_b,Traced,248,59,79,,23,30,169702183
1473202957,PFNm_a(PB02a)_R7_C4,PFNm_a,PFNm_a,Traced,680,122,177,,55,75,307056607
1473207713,PFNp_c(PB01c)_R7_C4,PFNp_c,PFNp_c,Traced,450,94,142,,21,52,249239486
1473241269,PFNp_d(PB01a)_R5_C6,PFNp_d,PFNp_d,Traced,158,27,20,,77,20,117547141
1503581177,PFNp_b(PB01b)_R2_C9,PFNp_b,PFNp_b,Traced,143,39,12,,36,28,111052665
1503581412,PFNp_b(PB01b)_R2_C9,PFNp_b,PFNp_b,Traced,164,51,13,,12,21,156770287
1503896377,PFNp_b(PB01b)_R5_C6,PFNp_b,PFNp_b,Traced,166,28,59,,13,13,136237574
1503922566,PFNp_b(PB01b)_L4_C3,PFNp_b,PFNp_b,Traced,198,61,76,,11,21,160206746
1504268020,PFNm_a(PB02a)_L7_C6,PFNm_a,PFNm_a,Traced,411,114,28,,84,73,201619972
1504582746,PFNp_b(PB01b)_R7_C4,PFNp_b,PFNp_b,Traced,234,59,94,,38,36,97753775
1504924440,PFNm_a(PB02a)_R7_C4,PFNm_a,PFNm_a,Traced,677,130,153,,86,88,312385916
1534616158,PFNp_d(PB01a)_R2_C9,PFNp_d,PFNp_d,Traced,158,26,21,,56,24,108758119
1534616361,PFNp_b(PB01b)_R2_C9,PFNp_b,PFNp_b,Traced,178,51,39,,32,28,147308921
1535298439,PFNp_b(PB01b)_R4_C7,PFNp_b,PFNp_b,Traced,209,45,72,,14,20,123385803
1535298460,PFNp_b(PB01b)_R4_C7,PFNp_b,PFNp_b,Traced,195,53,54,,26,24,139280020
1535652862,PFNm_a(PB02a)_R4_C7,PFNm_a,PFNm_a,Traced,575,103,130,,67,62,253886838
1536006733,PFNm_b(PB02b)_L8_C7,PFNm_b,PFNm_b,Traced,448,114,121,1,107,76,203606131
1536326457,PFNp_b(PB01b)_R4_C7,PFNp_b,PFNp_b,Traced,171,34,57,,48,23,118546130
1537634396,PFNa(PB03)_L3_C2,PFNa,PFNa,Traced,902,187,416,2,56,129,505576414
1566333075,PFNp_b(PB01b)_R4_C7,PFNp_b,PFNp_b,Traced,202,49,54,,17,25,141172075
1566644645,PFNa(PB03)_R8_C3,PFNa,PFNa,Traced,701,145,310,1,57,96,391422300
1567020107,PFNp_b(PB01b)_R4_C7,PFNp_b,PFNp_b,Traced,158,31,33,,33,19,109321887
1567028669,PFNp_b(PB01b)_L8_C7,PFNp_b,PFNp_b,Traced,150,51,10,,27,28,138155182
1567382512,PFNp_a(PB01a)_L8_C7,PFNp_a,PFNp_a,Traced,119,39,6,,16,22,98135066
1567728102,PFNp_a(PB01a)_L8_C7,PFNp_a,PFNp_a,Traced,108,42,5,,17,22,102928213
1568047319,PFNm_a(PB02a)_R3_C8,PFNm_a,PFNm_a,Traced,856,139,228,,127,95,296164753
1570806389,PFNp_d(PB01a)_R2_C9,PFNp_d,PFNp_d,Traced,122,30,4,,58,30,116522957
1597683387,PFNm_a(PB02a)_R8_C3,PFNm_a,PFNm_a,Traced,565,102,127,,55,55,262180032
1597722005,PFNp_d(PB01a)_R3_C8,PFNp_d,PFNp_d,Traced,230,28,57,,77,28,142964593
1598067695,PFNp_a(PB01a)_R3_C8,PFNp_a,PFNp_a,Traced,180,51,51,,30,30,152877171
1598382541,PFNp_b(PB01b)_L7_C6,PFNp_b,PFNp_b,Traced,198,63,24,,27,33,140325507
1599069164,PFNm_a(PB02a)_L8_C7,PFNm_a,PFNm_a,Traced,488,107,81,,53,58,240044244
1599410380,PFNp_c(PB01c)_L8_C7,PFNp_c,PFNp_c,Traced,422,100,79,,35,60,214370701
1599431888,PFNp_c(PB01c)_R3_C8,PFNp_c,PFNp_c,Traced,752,139,176,,47,76,341634908
1599436552,PFNp_c(PB01c)_R3_C8,PFNp_c,PFNp_c,Traced,628,115,187,2,38,68,328505069
1599747200,PFNp_c(PB01c)_L9_C9,PFNp_c,PFNp_c,Traced,479,96,117,,43,56,210163048
1599772916,PFNp_b(PB01b)_R3_C8,PFNp_b,PFNp_b,Traced,246,58,91,,45,38,165987725
1599773239,PFNp_b(PB01b)_L9_C9,PFNp_b,PFNp_b,Traced,150,61,21,,31,32,122231439
1600079770,PFNv(PB05)_L9_C9,PFNv,PFNv,Traced,864,336,237,45,106,150,532651939
1600083889,PEN_b(PB06b)_L9,PEN2,PEN_b(PEN2),Traced,1513,328,446,1,5,9,535483990
1601771527,PEN_b(PB06b)_R9,PEN2,PEN_b(PEN2),Traced,1585,330,600,2,2,11,695171696
1628743785,PFNp_a(PB01a)_R3_C8,PFNp_a,PFNp_a,Traced,252,64,111,,28,38,167605436
1628744095,PFNp_e(PB01a)_R3_C8,PFNp_e,PFNp_e,Traced,466,97,166,1,34,47,280875421
1629085008,PFNp_c(PB01c)_R5_C6,PFNp_c,PFNp_c,Traced,656,124,153,1,41,81,331263439
1629093706,PFNp_e(PB01a)_R2_C9,PFNp_e,PFNp_e,Traced,350,72,92,,11,41,204894048
1629426306,PFNp_a(PB01a)_R5_C6,PFNp_a,PFNp_a,Traced,241,72,71,,28,36,156111033
1630462217,PFNp_b(PB01b)_L9_C9,PFNp_b,PFNp_b,Traced,99,46,22,1,21,30,105277069
1630765418,PFNp_b(PB01b)_R9_C1,PFNp_b,PFNp_b,Traced,180,33,43,,54,24,130690698
1631131487,PFNm_a(PB02a)_R9_C1,PFNm_a,PFNm_a,Traced,674,123,169,1,89,73,288470315
1631450739,PEN_b(PB06b)_L5,PEN2,PEN_b(PEN2),Traced,1969,454,852,1,7,10,883989562
1631486122,PFNp_a(PB01a)_R2_C9,PFNp_a,PFNp_a,Traced,217,50,60,,18,22,162685111
1660776511,PFNp_e(PB01a)_L3_C2,PFNp_e,PFNp_e,Traced,437,88,160,1,28,43,276339951
1660789784,PFNp_d(PB01a)_L8_C7,PFNp_d,PFNp_d,Traced,103,22,5,,37,18,94494479
1661121263,PFNp_b(PB01b)_L8_C7,PFNp_b,PFNp_b,Traced,128,42,16,,3,20,124330307
1661122416,PFNp_e(PB01a)_L5_C4,PFNp_e,PFNp_e,Traced,387,84,149,1,20,41,219305166
1661458144,PFNa(PB03)_L2_C1,PFNa,PFNa,Traced,670,139,284,,54,87,412398787
1661458883,PFNp_c(PB01c)_L9_C9,PFNp_c,PFNp_c,Traced,333,83,80,,34,45,174136721
1661799601,PFNm_a(PB02a)_L3_C2,PFNm_a,PFNm_a,Traced,635,118,177,1,76,71,280208936
1662166202,PFNa(PB03)_R2_C9,PFNa,PFNa,Traced,643,128,243,,37,76,357462658
5812983764,PFR_a(PB11a)_R4_C6,PFR_a,PFR_a,Traced,1416,415,75,4,1336,407,471231362
5812987321,PFNp_b(PB01b)_R8_C3,PFNp_b,PFNp_b,Traced,184,47,51,,15,21,156819058
5812987327,PFNp_c(PB01c)_R8_C3,PFNp_c,PFNp_c,Traced,509,115,122,1,43,72,298644545
5812987334,PFNp_b(PB01b)_R8_C3,PFNp_b,PFNp_b,Traced,223,52,86,,32,28,160166182
5812987339,PFNp_a(PB01a)_R8_C3,PFNp_a,PFNp_a,Traced,181,46,60,,25,24,134167203
5812987803,PFNv(PB05)_R9_C1,PFNv,PFNv,Traced,1222,322,394,44,80,115,474139473
5812988091,PFR_a(PB11a)_R2_C8,PFR_a,PFR_a,Traced,1204,383,43,,1151,374,419931376
5812988707,PFNp_b(PB01b)_R9_C1,PFNp_b,PFNp_b,Traced,259,59,121,,18,28,109100056
5812991545,PFNp_d(PB01a)_R4_C7,PFNp_d,PFNp_d,Traced,157,34,23,,58,31,113834107
5812991632,PFNp_b(PB01b)_R5_C6,PFNp_b,PFNp_b,Traced,197,49,44,,36,28,137725873
5812994148,PFNm_a(PB02a)_L9_C9,PFNm_a,PFNm_a,Traced,428,86,89,1,47,48,218173027
5812994149,PFNp_c(PB01c)_L3_C2,PFNp_c,PFNp_c,Traced,627,122,167,,53,77,293427757
5813010807,PFGs(PB10)_R4_C6,PFGs; Tdc2-PB1/2 candidates,PFGs,Traced,2149,418,111,13,2022,402,991423371
5813012006,EPG(PB08)_L7,EPG,EPG,Traced,3883,539,223,197,11,2,1075949177
5813012311,PFNp_b(PB01b)_L6_C5,PFNp_b,PFNp_b,Traced,144,41,30,,34,23,129936927
5813014062,PFNd(PB04)_R2_C8,,PFNd,Traced,1159,247,404,,244,157,524009057
5813014505,PFNv(PB05)_L7_C7,PFNv,PFNv,Traced,1009,326,246,40,89,128,508396228
5813014573,PFNp_a(PB01a)_L3_C2,PFNp_a,PFNp_a,Traced,213,71,100,1,28,45,143082748
5813014859,PFNp_b(PB01b)_R6_C5,PFNp_b,PFNp_b,Traced,140,23,37,,41,18,116924312
5813014873,EPG(PB08)_R1,EPG,EPG,Traced,4099,507,288,236,20,1,1255365813
5813014882,PEG(PB07)_R5,PEG,PEG,Traced,1147,143,863,1,4,2,613166421
5813015999,PFNa(PB03)_L8_C8,PFNa,PFNa,Traced,486,128,157,2,35,79,325456392
5813016167,PFNp_b(PB01b)_R2_C9,PFNp_b,PFNp_b,Traced,152,48,30,,31,30,60654937
5813016724,,,,Traced,29,57,4,1,1,4,277132717
5813016830,PFR_a(PB11a)_R6_C3,PFR_a,PFR_a,Traced,1753,429,99,3,1644,411,506356008
5813023615,PFNp_b(PB01b)_R9_C1,PFNp_b,PFNp_b,Traced,197,44,44,,54,34,128844580
5813026993,PFNp_a(PB01a)_R2_C9,PFNp_a,PFNp_a,Traced,133,37,38,,11,20,153566491
5813027103,EPG(PB08)_R5,EPG,EPG,Traced,3574,491,273,227,10,3,1188874706
5813037879,PFNp_d(PB01a)_L7_C6,PFNp_d,PFNp_d,Traced,102,21,3,,16,20,99971345
5813040300,PFNp_b(PB01b)_R7_C4,PFNp_b,PFNp_b,Traced,183,44,23,,43,32,136684038
5813041365,PFL1(PB12a)_L4_C5,PFLC,PFL1,Traced,1254,313,769,4,416,5,1163111797
5813041556,PFNp_c(PB01c)_L2_C1,PFNp_c,PFNp_c,Traced,439,85,133,,22,50,260268918
5813044670,PFNv(PB05)_L8_C7,PFNv,PFNv,Traced,853,335,172,46,88,129,481368357
5813048755,PFGs(PB10)_R3_C7,PFGs; Tdc2-PB1/2 candidates,PFGs,Traced,2264,458,205,26,2032,419,996211860
5813050000,PFNa(PB03)_R3_C8,PFNa,PFNa,Traced,939,161,487,2,58,115,445076007
5813056012,PFNp_b(PB01b)_L7_C6,PFNp_b,PFNp_b,Traced,165,32,11,,49,23,109796673
5813056934,PFNa(PB03)_R3_C8,PFNa,PFNa,Traced,1087,193,553,,61,121,498402908
5813059834,PEG(PB07)_R8,PEG,PEG,Traced,1060,99,874,4,9,1,598312740
5813061251,EPG(PB08)_R8,EPG,EPG,Traced,2853,373,177,164,19,3,1102701348
5813062805,PFR_a(PB11a)_L7_C7,PFR_a,PFR_a,Traced,1191,380,67,1,1040,310,333743157
5813062866,SIFa(PDM34),,SIFa,Traced,506,308,45,44,2,4,4029314519
5813070464,PFNp_b(PB01b)_R6_C5,PFNp_b,PFNp_b,Traced,181,57,49,,18,28,165182721
5813077698,PFNp_b(PB01b)_L7_C6,PFNp_b,PFNp_b,Traced,125,47,15,,41,36,126224096
5813080838,EPG(PB08)_R3,EPG,EPG,Traced,4198,552,350,284,7,1,1248939309
5813081494,PFR_b(PB11b)_R1_C8,PFR_b,PFR_b,Traced,1908,118,226,18,1661,98,591660901
5813081686,PFNa(PB03)_L8_C7,PFNa,PFNa,Traced,510,121,164,,40,77,284299919
5813095667,PFNm_a(PB02a)_L8_C7,PFNm_a,PFNm_a,Traced,499,117,88,,79,69,217483754
5813122799,PFNp_b(PB01b)_L6_C5,PFNp_b,PFNp_b,Traced,115,24,31,,25,19,101041151
5813127525,PFNp_b(PB01b)_L5_C4,PFNp_b,PFNp_b,Traced,198,61,56,,33,34,163818262
5813127581,PFNp_a(PB01a)_L8_C7,PFNp_a,PFNp_a,Traced,130,53,24,1,18,27,64677170
5813128240,PFNp_b(PB01b)_L5_C4,PFNp_b,PFNp_b,Traced,168,42,27,,30,24,128117994
5813128308,PFNp_a(PB01a)_L7_C6,PFNp_a,PFNp_a,Traced,310,71,165,1,33,42,187284000
5813128416,PFNp_b(PB01b)_L6_C5_irreg,PFNp_b,PFNp_b,Traced,188,44,73,,22,27,134233317
5813128537,PFNm_b(PB02b)_L6_C5,PFNm_b,PFNm_b,Traced,326,82,65,1,62,44,187604491