id,instance,notes,type,status,inputs (#post),outputs (#pre),b'L(R) #post,b'L(R) #pre,#voxels
268725517,PAM09(B1ped)_L,,PAM09,Traced,808,241,15,5,323658271
268731005,SMP146(ADM10)_L,,SMP146,Traced,3566,962,19,53,1973521252
299082033,LHPV5e1(PDL05)_L,,LHPV5e1,Traced,4201,1313,1,1,1486830838
299613480,PAM09(B1ped)_R,,PAM09,Traced,1853,338,15,10,549779297
328546871,PAM10(B1)_R,,PAM10,Traced,2576,500,11,1,766273281
329435390,PAM10(B1)_L,,PAM10,Traced,1374,379,8,4,475403925
329566174,OA-VPM3(NO2/NO3)_R,,OA-VPM3,Traced,10075,8632,21,21,6917059458
333035349,KCab-s_R,,KCab-s,Traced,526,212,2,1,254599892
359586213,PAM09(B1ped)_R,,PAM09,Traced,920,206,26,7,434301483
359598627,PAM10(B1)_R,,PAM10,Traced,2328,465,14,5,746539922
360284300,LHCENT8_R,,LHCENT8,Traced,1953,1942,8,1,2878888552
360941147,PAM09(B1ped)_R,,PAM09,Traced,806,187,44,8,377339671
361312808,SMP503_R,,SMP503,Traced,6751,2857,5,1,3604127635
393404592,SMP127_R,,SMP127,Traced,2570,648,12,29,1245001681
393766777,PPL101(y1pedc)_R,,PPL101,Traced,16276,2197,4,1,5117109108
394427392,KCab-s_R,,KCab-s,Traced,650,247,4,4,248847423
415511327,KCg-m_R,,KCg-m,Traced,791,213,4,1,357755854
416189500,KCg-m_R,,KCg-m,Traced,835,254,4,2,361575893
422682603,PAM04_a(B2)_R,,PAM04_a,Traced,747,134,12,1,250175925
422725634,MBON06(B1>a)(AVM07)_L,,MBON06,Traced,21000,1356,329,36,3157840413
422751191,SMP177_R,,SMP177,Traced,13884,2333,17,5,3691832933
424193116,SMP179(PDL05)_L,,SMP179,Traced,1202,459,8,2,886175713
424754530,KCab-s_R,,KCab-s,Traced,612,241,8,1,333968154
424767514,MBON11(y1pedc>a/B)_R,,MBON11,Traced,27642,1646,35,37,5265462913
424789697,MBON02(B2B'2a)_R,,MBON02,Traced,19554,1155,1109,3,4356555624
425104178,CRE050(AVM07)_L,not yet identified MBON candidates,CRE050,Traced,3086,943,8,1,1773011190
425126008,SIP028_R,,SIP028,Traced,604,128,1,1,384631851
425276848,DPM_L,,DPM,Traced,30007,7088,3,2,6483095365
425790257,APL_R,,APL,Traced,127151,16190,11254,1515,23360457066
426818061,KCab-p_R,,KCab-p,Traced,642,263,4,2,271653563
453380528,PAM04_b(B2)_R,,PAM04_b,Traced,593,118,13,1,226850098
454252960,PAM10(B1)_L,,PAM10,Traced,1042,269,4,2,348888419
455431209,PAM10(B1)_R,,PAM10,Traced,2567,522,12,9,846161332
456121649,KCab-s_R,,KCab-s,Traced,555,221,2,1,309280336
456462835,KCab-p_R,,KCab-p,Traced,646,277,7,3,383994746
456462919,KCab-p_R,,KCab-p,Traced,633,245,9,1,354321563
456467162,KCab-p_R,,KCab-p,Traced,574,248,5,3,332313427
456846996,PAM11(a1)_R,,PAM11,Traced,529,165,15,8,371345136
477572961,KCa'b'-ap2_R,,KCa'b'-ap2,Traced,624,239,307,131,389441845
477861840,KCab-p_R,,KCab-p,Traced,723,243,17,4,422024205
482762280,PAM11(a1)_R,,PAM11,Traced,1199,235,10,5,555872978
484130600,SMP145_R,,SMP145,Traced,3609,2264,10,6,2489431605
484735678,PAM04_a(B2)_R,,PAM04_a,Traced,867,142,11,1,279368748
485585976,SMP177(PDL05)_L,,SMP177,Traced,7757,1966,2,9,2422546196
486815976,KCa'b'-ap2_R,,KCa'b'-ap2,Traced,639,213,345,88,441509023
486837442,KCa'b'-m_R,,KCa'b'-m,Traced,642,247,319,125,404232661
486880919,SMP012_R,,SMP012,Traced,1734,464,4,1,1337974199
487160828,KCa'b'-m_R,,KCa'b'-m,Traced,644,233,270,111,432706975
487187476,SIP087_R,,SIP087,Traced,10957,3440,26,3,4036468535
487191669,,,,Traced,246,125,3,1,303378637
487489028,KCa'b'-ap2_R,,KCa'b'-ap2,Traced,562,250,287,133,434027068
487489064,KCa'b'-ap2_R,,KCa'b'-ap2,Traced,575,203,311,92,413858538
487493197,KCa'b'-ap2_R,,KCa'b'-ap2,Traced,723,280,359,149,462839023
487834111,KCa'b'-ap1_R,,KCa'b'-ap1,Traced,672,292,393,189,488901567
487834131,KCa'b'-ap1_R,,KCa'b'-ap1,Traced,602,260,312,149,399801357
487834179,KCa'b'-ap1_R,,KCa'b'-ap1,Traced,596,252,326,150,448443256
487925037,MBON03(B'2mp)_R,,MBON03,Traced,18706,1368,1827,9,3979007410
488179878,KCa'b'-ap1_R,,KCa'b'-ap1,Traced,615,241,343,139,409972326
488322846,SMP128_L,,SMP128,Traced,310,261,5,6,319243147
488520820,KCab-p_R,,KCab-p,Traced,667,231,4,1,346345890
488559952,PAM01_a(y5)_R,,PAM01_a,Traced,1180,168,26,2,322182562
488581156,(MBDLaxon2),,,Traced,989,933,1,1,1178319505
508599211,KCg-m_R,,KCg-m,Traced,900,275,3,1,391667248
508918609,KCa'b'-m_R,,KCa'b'-m,Traced,706,266,319,129,448221441
508939879,KCg-m_R,,KCg-m,Traced,679,237,144,53,391159969
512765910,PAM11(a1)_R,,PAM11,Traced,929,194,15,3,521006485
513451621,PAM11(a1)_R,,PAM11,Traced,673,180,22,5,428816755
517207902,PAM05(B'2p)_R,,PAM05,Traced,1380,352,598,233,459070784
517510393,KCa'b'-ap2_R,,KCa'b'-ap2,Traced,609,256,305,136,410542571
517518166,MBON11(y1pedc>a/B)(ADM05)_L,,MBON11,Traced,1160,1378,11,26,1964048244
517847127,KCa'b'-ap2_R,,KCa'b'-ap2,Traced,651,261,290,122,454494825
517850316,KCa'b'-ap2_R,,KCa'b'-ap2,Traced,594,227,269,116,410906156
517858947,KCab-p_R,,KCab-p,Traced,674,269,13,3,390763882
517871837,KCa'b'-m_R,,KCa'b'-m,Traced,699,240,298,119,451451628
518187118,KCa'b'-ap2_R,,KCa'b'-ap2,Traced,619,257,328,152,416264592
518191547,KCa'b'-ap2_R,,KCa'b'-ap2,Traced,638,270,326,145,443819373
518195738,KCab-p_R,,KCab-p,Traced,765,254,16,5,415425333
518212987,KCa'b'-m_R,,KCa'b'-m,Traced,659,232,306,103,449871654
518528152,KCa'b'-ap2_R,,KCa'b'-ap2,Traced,650,280,332,150,406965578
518532490,KCa'b'-m_R,,KCa'b'-m,Traced,592,229,308,122,408741628
518864844,KCa'b'-ap1_R,,KCa'b'-ap1,Traced,708,282,371,170,477341060
518864924,KCa'b'-ap1_R,,KCa'b'-ap1,Traced,565,215,320,117,466625910
518869381,KCa'b'-ap1_R,,KCa'b'-ap1,Traced,636,290,349,169,487559505
518869459,KCa'b'-ap1_R,,KCa'b'-ap1,Traced,557,242,320,145,418664355
518899665,LHPV4m1_R,,LHPV4m1,Traced,3967,1255,25,2,1662469777
519206240,KCa'b'-ap1_R,,KCa'b'-ap1,Traced,568,271,313,171,435315429
519210172,KCa'b'-ap1_R,,KCa'b'-ap1,Traced,586,253,327,165,405713307
519214622,KCa'b'-ap1_R,,KCa'b'-ap1,Traced,659,259,360,164,446204773
519214895,KCa'b'-ap1_R,,KCa'b'-ap1,Traced,642,256,359,163,455019134
519555690,KCab-p_R,,KCab-p,Traced,608,245,2,1,350846940
519573128,KCab-p_R,,KCab-p,Traced,728,249,8,1,360265700
520380132,SMP127_L,,SMP127,Traced,508,457,19,20,478509017
539975122,KC(incomplete?),,,Traced,671,213,227,90,394579982
540389646,KCg-m_R,,KCg-m,Traced,845,252,2,1,398420703
540389734,KCg-m_R,,KCg-m,Traced,771,259,2,1,378955754
546765753,SLP242_R,,SLP242,Traced,474,188,3,4,437294083
548549000,KCa'b'-m_R,,KCa'b'-m,Traced,596,209,239,105,387116321
548549395,KCa'b'-m_R,,KCa'b'-m,Traced,692,269,297,135,437425024
548552875,KCa'b'-m_R,,KCa'b'-m,Traced,687,247,332,115,429727313
548552915,KCa'b'-m_R,,KCa'b'-m,Traced,680,230,340,121,321780254
548553386,KCa'b'-m_R,,KCa'b'-m,Traced,667,229,306,120,508515179
548553494,KCa'b'-m_R,,KCa'b'-m,Traced,625,234,238,102,437355377
548885313,KCa'b'-ap2_R,,KCa'b'-ap2,Traced,634,260,297,137,392539188
548885407,KCa'b'-ap2_R,,KCa'b'-ap2,Traced,560,254,287,137,422373053
548889938,KCa'b'-m_R,,KCa'b'-m,Traced,696,250,309,115,297282561
548894251,KCa'b'-m_R,,KCa'b'-m,Traced,667,257,316,135,432164604
548898403,KCa'b'-m_R,,KCa'b'-m,Traced,782,286,388,157,439619060
548898520,KCa'b'-m_R,,KCa'b'-m,Traced,652,213,308,103,370237636
549222167,KCa'b'-ap2_R,,KCa'b'-ap2,Traced,712,278,313,137,454928374
549226277,KCa'b'-ap2_R,,KCa'b'-ap2,Traced,603,272,348,157,387491401
549230949,KCa'b'-ap2_R,,KCa'b'-ap2,Traced,578,243,289,129,415488258
549248200,KCab-p_R,,KCab-p,Traced,714,256,5,1,392920755
549567614,KCa'b'-ap2_R,,KCa'b'-ap2,Traced,652,250,338,131,430799378
549597974,SMP142_R,,SMP142,Traced,3235,2217,7,11,2511194126
549610772,PAM05(B'2p)_R,,PAM05,Traced,1427,327,547,215,423011775
549899821,KCa'b'-ap1_R,,KCa'b'-ap1,Traced,590,254,331,157,438957339
549904227,KCa'b'-ap1_R,,KCa'b'-ap1,Traced,569,272,308,154,459101009
549904387,KCa'b'-ap1_R,,KCa'b'-ap1,Traced,654,291,369,189,489427720
549908737,KCa'b'-ap2_R,,KCa'b'-ap2,Traced,687,227,318,108,433385122
550245056,KCa'b'-ap1_R,,KCa'b'-ap1,Traced,542,242,320,156,424536592
551113395,PAM10(B1)_L,,PAM10,Traced,1695,510,18,8,503305654
551445253,PAM04_a(B2)_L,,PAM04_a,Traced,1266,271,14,4,307715800
551790504,PAM04_a(B2)_L,,PAM04_a,Traced,2460,400,12,1,382607989
551790913,PAM04_a(B2)_L,,PAM04_a,Traced,2194,457,7,3,403977461
570314896,KCa'b'-m_R,,KCa'b'-m,Traced,753,268,379,154,452328772
573065577,KCab-p_R,,KCab-p,Traced,669,256,6,3,379155378
576502536,LHPD2c7_R,,LHPD2c7,Traced,2004,450,10,2,1038566176
578694777,PAM11(a1)_L,,PAM11,Traced,753,226,21,8,399312668
579234980,LHPD2c7_R,,LHPD2c7,Traced,2130,509,10,2,1175740809
579583329,KCa'b'-m_R,,KCa'b'-m,Traced,608,236,281,124,382209820
579587796,KCa'b'-m_R,,KCa'b'-m,Traced,683,260,319,132,292206525
579592279,KCa'b'-m_R,,KCa'b'-m,Traced,661,247,329,136,293023586
579592619,KCa'b'-m_R,,KCa'b'-m,Traced,696,239,348,136,417324948
579924731,KCa'b'-m_R,,KCa'b'-m,Traced,610,245,302,126,407203929
579928928,KCa'b'-m_R,,KCa'b'-m,Traced,574,233,306,125,391955328
580317662,PAM08_c(y4)_R,,PAM08_c,Traced,1866,319,53,21,417405171
580598373,KCa'b'-ap2_R,,KCa'b'-ap2,Traced,586,268,320,146,427496011
580934661,KCa'b'-ap1_R,,KCa'b'-ap1,Traced,657,275,357,171,452235552
580947602,KCa'b'-ap1_R,,KCa'b'-ap1,Traced,631,253,345,155,470261330
582139830,PAM04_a(B2)_L,,PAM04_a,Traced,1306,281,13,3,324988292
582148591,PAM10(B1)_L,,PAM10,Traced,1381,418,10,9,434243909
583175492,PAM04_a(B2)_L,,PAM04_a,Traced,587,131,4,1,200058563
600365719,KCab-p_R,,KCab-p,Traced,657,271,1,1,366582664
601725442,KC(incomplete?),,,Traced,611,242,64,34,428233069
602808843,KCa'b'-ap2_R,,KCa'b'-ap2,Traced,687,248,359,124,433657854
607195856,LHAV9a1_a_R,,LHAV9a1_a,Traced,590,216,4,1,407368704
610618198,KCa'b'-m_R,,KCa'b'-m,Traced,690,239,339,135,404899542
610968248,KCa'b'-m_R,,KCa'b'-m,Traced,728,241,304,95,425258436
611300533,KCa'b'-m_R,,KCa'b'-m,Traced,598,260,356,151,427745414
611304789,KCab-s_R,,KCab-s,Traced,587,240,2,1,304981734
611305085,KCa'b'-m_R,,KCa'b'-m,Traced,667,246,343,131,406286707
611646050,KCab-p_R,,KCab-p,Traced,697,263,11,2,346062859
611646147,KCab-p_R,,KCab-p,Traced,696,257,5,1,368031615
611974080,KCa'b'-ap1_R,,KCa'b'-ap1,Traced,646,279,320,153,443217358
612323667,KCa'b'-m_R,,KCa'b'-m,Traced,706,224,324,103,405985069
612371421,MBON01(y5B'2a)_R,,MBON01,Traced,32544,2208,5319,7,6839504360
612638791,PAM04_a(B2)_R,,PAM04_a,Traced,608,136,7,4,261596710
612668833,KCab-s_R,,KCab-s,Traced,544,235,1,1,286463671
612738462,MBON03(B'2mp)_L,,MBON03,Traced,17488,1374,15686,131,4377863012
613079053,MBON04(B'2mp_bilateral)_L,,MBON04,Traced,17615,1600,7040,6,3379363451
613083375,CRE032_L,,CRE032,Traced,918,233,18,1,653637060
613719036,MBON10(B'1)_R,,MBON10,Traced,1254,198,378,4,380870360
613847777,PAM01_a(y5)_L,,PAM01_a,Traced,1284,133,9,1,321942494
630373497,KCab-s_R,,KCab-s,Traced,575,248,1,1,302148793
630748479,KCa'b'-ap1_R,,KCa'b'-ap1,Traced,601,250,303,134,456227034
632069728,KCg-m_R,,KCg-m,Traced,739,228,1,1,351703812
632086737,KCg-d_R,,KCg-d,Traced,543,215,1,1,328980177
632397510,KCg-m_R,,KCg-m,Traced,825,261,3,2,389975733
632808044,KCg-m_R,,KCg-m,Traced,821,239,1,2,391614106
633144545,KCg-m_R,,KCg-m,Traced,723,227,1,1,339522438
633148704,KCg-m_R,,KCg-m,Traced,848,237,5,3,360958036
637540087,SLP242_R,,SLP242,Traced,520,271,3,2,448759211
639452632,,,,Traced,307,110,1,1,218691699
640617445,CRE063_R,,CRE063,Traced,482,218,17,5,377507052
641653381,KCa'b'-m_R,,KCa'b'-m,Traced,692,251,346,139,424988147
641688553,CRE042_R,,CRE042,Traced,6850,1277,47,1,2405591250
642335523,KCab-p_R,,KCab-p,Traced,681,240,17,7,367954715
642335553,KCa'b'-m_R,,KCa'b'-m,Traced,722,286,354,162,440563976
642660081,LHAV9a1_b_R,,LHAV9a1_b,Traced,459,219,3,5,362337911
642680826,KCab-p_R,,KCab-p,Traced,670,262,6,2,341818524
642680969,KCab-p_R,,KCab-p,Traced,699,264,11,3,398461486
642702809,CRE050_R,not yet identified MBON candidates,CRE050,Traced,4620,620,28,1,2023774583
643501489,PAM02(B'2a)_L,,PAM02,Traced,1213,188,291,55,299806071
643523134,PAM05(B'2p)_L,,PAM05,Traced,1224,379,337,135,383554998
643535876,PAM10(B1)_L,,PAM10,Traced,1490,423,8,7,463952694
644417074,PAM06_b(B'2m)_R,,PAM06_b,Traced,1138,120,648,90,315506243
644896959,PAM09(B1ped)_L,,PAM09,Traced,710,227,13,6,275698658
645090294,PAM04_a(B2)_R,,PAM04_a,Traced,693,142,12,2,279472747
661080007,KCa'b'-m_R,,KCa'b'-m,Traced,638,222,297,125,388134264
661399477,KCg-m_R,,KCg-m,Traced,730,211,3,1,314265132
661407917,KCa'b'-m_R,,KCa'b'-m,Traced,648,243,272,117,368237390
662107551,KCg-m_R,,KCg-m,Traced,747,238,3,1,322816525
662409505,KCa'b'-m_R,,KCa'b'-m,Traced,590,221,239,106,409839983
662409582,KCa'b'-ap2_R,,KCa'b'-ap2,Traced,626,255,315,133,426186749
662452625,KCg-m_R,,KCg-m,Traced,855,287,4,2,420547401
662461539,KCg-m_R,,KCg-m,Traced,793,285,14,8,406055113
663134970,KCg-m_R,,KCg-m,Traced,784,259,5,1,392525010
671307834,LHAV9a1_b_R,,LHAV9a1_b,Traced,514,222,9,4,401041996
672352543,MBON10(B'1)_R,,MBON10,Traced,1347,214,437,4,437971929
673029543,KCa'b'-m_R,,KCa'b'-m,Traced,611,225,275,111,383192868
673362451,CRE055_R,,CRE055,Traced,643,134,22,1,316250529
673366263,KCa'b'-ap2_R,,KCa'b'-ap2,Traced,632,247,331,138,458158360
673370525,KCa'b'-m_R,,KCa'b'-m,Traced,568,209,287,106,362640450
674393414,KCa'b'-ap2_R,,KCa'b'-ap2,Traced,650,238,336,130,436340617
674738872,KCa'b'-ap2_R,,KCa'b'-ap2,Traced,596,264,318,145,452846628
675136878,CRE070_R,,CRE070,Traced,2002,703,5,1,1301294761
675451588,PAM14(B'1m)_R,,PAM14,Traced,606,207,247,121,279502184
675468771,PAM13(B'1ap)_R,,PAM13,Traced,775,227,225,109,318884796
675602461,PAM09(B1ped)_L,,PAM09,Traced,634,210,2,1,251389374
675763039,PAM06_a(B'2m)_R,,PAM06_a,Traced,1447,402,681,266,502684880
676612729,PAM04_a(B2)_L,,PAM04_a,Traced,836,225,5,2,277333760
692093440,KCg-m_R,,KCg-m,Traced,686,219,1,1,346662705
693927941,ALIN1_R,,ALIN1,Traced,1553,406,28,27,2113783525
699324804,SIP081_R,,SIP081,Traced,1714,524,1,1,891515346
702704906,CRE058_R,,CRE058,Traced,463,147,1,3,394131167
703900244,CRE042(ADM10)_L,,CRE042,Traced,5086,1320,1,3,2183958132
704409534,KCab-p_R,,KCab-p,Traced,685,243,4,1,354049999
704409742,KCab-s_R,,KCab-s,Traced,633,241,4,2,292719846
704466265,MBON12(y2a'1)_R,,MBON12,Traced,9126,1132,306,1,1733289825
704742082,KCa'b'-m_R,,KCa'b'-m,Traced,637,239,306,129,354105707
704746449,KCab-p_R,,KCab-p,Traced,697,254,6,1,395383220
704746457,KCab-p_R,,KCab-p,Traced,741,247,20,9,389043123
704759205,KCa'b'-ap2_R,,KCa'b'-ap2,Traced,668,247,351,133,423151400
705082892,KCa'b'-m_R,,KCa'b'-m,Traced,701,235,392,132,398279539
705787638,CRE103_R,,CRE103,Traced,928,375,2,1,782033338
706819341,PAM13(B'1ap)_R,,PAM13,Traced,754,215,187,99,296744630
707647321,PAM04_a(B2)_L,,PAM04_a,Traced,650,142,4,1,188620262
707660374,PAM04_a(B2)_L,,PAM04_a,Traced,1650,313,10,2,311089027
723508068,KCa'b'-ap1_R,,KCa'b'-ap1,Traced,570,217,355,144,372966329
724142845,KCg-m_R,,KCg-m,Traced,734,247,30,17,371756429
724531411,KCg-m_R,,KCg-m,Traced,821,250,6,1,364478609
724867606,KCg-m_R,,KCg-m,Traced,711,237,36,18,337287330
735112319,PAM14(B'1m)_R,,PAM14,Traced,539,174,266,118,293613873
735282133,PAM09(B1ped)_L,,PAM09,Traced,832,224,13,6,357006298
735600320,PAM06_a(B'2m)_L,,PAM06_a,Traced,1138,357,280,123,391883055
736117977,KCa'b'-m_R,,KCa'b'-m,Traced,635,252,334,145,435548368
736808522,KCa'b'-ap2_R,,KCa'b'-ap2,Traced,585,223,265,114,462910829
737149820,KCa'b'-ap2_R,,KCa'b'-ap2,Traced,652,243,260,113,442032641
737149964,KCa'b'-ap1_R,,KCa'b'-ap1,Traced,712,263,415,174,505631206
737150041,KCa'b'-ap2_R,,KCa'b'-ap2,Traced,603,272,309,163,430026335
737167616,PAM02(B'2a)_R,,PAM02,Traced,1376,231,638,155,360759597
737491062,KCa'b'-ap1_R,,KCa'b'-ap1,Traced,628,267,341,158,433911426
753847960,KCg-m_R,,KCg-m,Traced,777,234,2,1,328116484
754525744,KCa'b'-ap2_R,,KCa'b'-ap2,Traced,603,244,295,123,440292610
754893183,KCa'b'-ap2_R,,KCa'b'-ap2,Traced,648,230,306,111,374622528
755851102,KCg-m_R,,KCg-m,Traced,648,254,6,4,231680764
760690116,CRE066_R,,CRE066,Traced,934,533,11,3,937265171
765457262,PAM06_a(B'2m)_R,,PAM06_a,Traced,1430,310,457,187,389761769
765797569,SMP195_a_R,,SMP195_a,Traced,724,191,7,1,494252907
766298734,PAM11(a1)_L,,PAM11,Traced,293,156,12,5,271683779
766838498,PAM14(B'1m)_R,,PAM14,Traced,635,215,269,123,314052609
767174553,CRE058_R,,CRE058,Traced,286,141,1,1,356082675
767494105,KCab-p_R,,KCab-p,Traced,633,218,5,1,365582357
767671354,PAM14(B'1m)_L,,PAM14,Traced,360,159,150,87,163956942
767852204,KCa'b'-m_R,,KCa'b'-m,Traced,688,240,360,122,419723448
768184496,KCa'b'-m_R,,KCa'b'-m,Traced,609,215,320,113,410130754
768184604,KCa'b'-ap2_R,,KCa'b'-ap2,Traced,657,249,298,125,453806345
768184623,KCa'b'-m_R,,KCa'b'-m,Traced,624,240,338,134,396386656
768525593,KCa'b'-ap1_R,,KCa'b'-ap1,Traced,586,262,332,163,414304618
768525608,KCa'b'-ap2_R,,KCa'b'-ap2,Traced,644,277,314,170,459423549
768525647,KCa'b'-ap2_R,,KCa'b'-ap2,Traced,709,261,325,127,429009272
768555687,MBON10(B'1)_R,,MBON10,Traced,1537,170,749,1,387649695
769018494,PAM13(B'1ap)_L,,PAM13,Traced,490,184,178,101,249887631
770692923,PAM05(B'2p)_L,,PAM05,Traced,1080,327,311,120,363160684
793728667,LHAV9a1_c_R,,LHAV9a1_c,Traced,575,215,2,1,378488418
797187575,CRE055_R,,CRE055,Traced,652,169,5,2,333114208
797687628,PAM14(B'1m)_L,,PAM14,Traced,297,107,176,84,122502582
798027992,PAM06_a(B'2m)_L,,PAM06_a,Traced,759,305,206,116,370830372
798528850,KCa'b'-m_R,,KCa'b'-m,Traced,650,245,318,127,407487653
798585556,PAM06_b(B'2m)_L,,PAM06_b,Traced,959,114,172,22,214518180
798693540,PAM06_a(B'2m)_L,,PAM06_a,Traced,1006,387,354,163,408399939
799219511,KCa'b'-m_R,,KCa'b'-m,Traced,722,253,328,135,416375679
799362484,PAM14(B'1m)_L,,PAM14,Traced,561,181,224,106,236333646
799560834,KCa'b'-m_R,,KCa'b'-m,Traced,661,265,325,143,446272112
799578347,PAM13(B'1ap)_R,,PAM13,Traced,975,248,302,123,354640313
799586652,MBON05(y4>y1y2)(AVM07)_L,,MBON05,Traced,27110,1565,251,15,4762453854
799901370,KCa'b'-ap1_R,,KCa'b'-ap1,Traced,629,268,335,161,442840883
799906141,KCa'b'-ap2_R,,KCa'b'-ap2,Traced,618,245,297,141,406524522
799919294,PAM14(B'1m)_R,,PAM14,Traced,544,185,240,113,305810666
800264315,PAM04_a(B2)_R,,PAM04_a,Traced,1548,268,18,3,456132824
800622401,PAM13(B'1ap)_R,,PAM13,Traced,766,197,230,101,280922115
800743420,PAM04_a(B2)_L,,PAM04_a,Traced,546,156,7,3,135248805
815222743,KCg-d_R,,KCg-d,Traced,622,247,2,1,279518109
816613438,KCa'b'-ap1_R,,KCa'b'-ap1,Traced,558,231,297,152,375502650
816962833,KCa'b'-ap2_R,,KCa'b'-ap2,Traced,571,235,245,107,383807289
817294806,KCa'b'-ap2_R,,KCa'b'-ap2,Traced,543,237,301,128,440837776
817299301,KCa'b'-m_R,,KCa'b'-m,Traced,577,227,275,108,436705876
829235909,KCab-p_R,,KCab-p,Traced,756,257,3,1,370647687
829261936,PAM12(y3)_R,,PAM12,Traced,1336,229,4,2,440919426
829379400,PAM14(B'1m)_L,,PAM14,Traced,331,124,202,91,208247526
829598814,CRE054_R,,CRE054,Traced,1021,169,3,3,359949557
829939688,CRE058_R,,CRE058,Traced,447,171,2,4,468137590
830276571,PAM05(B'2p)_R,,PAM05,Traced,1135,314,339,189,425507826
830586919,KCa'b'-ap2_R,,KCa'b'-ap2,Traced,647,249,320,123,452127041
831273286,KCa'b'-ap1_R,,KCa'b'-ap1,Traced,588,247,375,177,425970435
831321033,LAL110_R,,LAL110,Traced,713,214,1,1,474498142
834044577,PAM06_b(B'2m)_R,,PAM06_b,Traced,910,139,361,85,275767269
858725815,PAM03(B2B'2a)_L,,PAM03,Traced,445,109,28,10,159577026
859265651,PPL107_R,,PPL107,Traced,12366,5040,20,4,3767188818
859618655,FB4D_R,CRESMPFB4_2,FB4D,Traced,1648,336,23,3,692407236
859765252,PAM06_a(B'2m)_L,,PAM06_a,Traced,935,320,246,114,324852717
860983686,PAM06_a(B'2m)_R,,PAM06_a,Traced,1220,295,456,185,370583721
861280857,KCab-p_R,,KCab-p,Traced,664,252,18,7,381165541
861285145,KCab-p_R,,KCab-p,Traced,735,266,2,2,376842335
861630613,KCa'b'-m_R,,KCa'b'-m,Traced,662,275,310,148,433072770
861634934,KCa'b'-m_R,,KCa'b'-m,Traced,655,258,347,138,433333685
861665641,MBON12(y2a'1)_R,,MBON12,Traced,8766,1156,367,2,1813984393
862312670,KCa'b'-ap1_R,,KCa'b'-ap1,Traced,543,257,289,160,387383456
862705904,PAM12(y3)_R,,PAM12,Traced,1178,193,8,1,402053568
878652627,KCa'b'-m_R,,KCa'b'-m,Traced,690,252,384,141,347955774
890118683,PAM14(B'1m)_L,,PAM14,Traced,313,159,177,112,200921181
890787905,,,,Traced,198,155,9,2,123123672
891663788,LAL080_R,,LAL080,Traced,602,177,7,1,393852657
892376720,,,,Traced,139,209,2,1,181295358
892997744,SMP211_R,,SMP211,Traced,461,182,3,5,314217842
893149866,PAM12(y3)_L,,PAM12,Traced,966,216,4,2,258249835
893158121,PAM04_a(B2)_L,,PAM04_a,Traced,220,59,20,7,104991789
893347461,KCa'b'-ap2_R,,KCa'b'-ap2,Traced,630,261,292,138,446443832
893688605,KCa'b'-ap1_R,,KCa'b'-ap1,Traced,599,278,325,170,474136121
893710296,PAM14(B'1m)_R,,PAM14,Traced,557,170,172,87,270045664
894020730,MBON31(a'1a)_R,,MBON31,Traced,10753,1087,734,3,2722993954
894422413,LAL110_R,,LAL110,Traced,398,164,1,3,417847529
894702888,LAL013_R,,LAL013,Traced,2190,934,1,1,1654988582
895441451,MBON26(B'2d)_R,,MBON26,Traced,11560,1283,3956,7,2786939491
917919724,CRE066_R,,CRE066,Traced,605,431,3,4,706765280
923027316,PAM14(B'1m)_R,,PAM14,Traced,658,216,259,124,325934165
923385340,PAM05(B'2p)_R,,PAM05,Traced,1021,323,335,157,384780795
923700162,KCa'b'-m_R,,KCa'b'-m,Traced,660,241,313,115,409554421
923869685,PAM06_a(B'2m)_L,,PAM06_a,Traced,969,364,286,142,422878696
924723528,KCa'b'-ap1_R,,KCa'b'-ap1,Traced,635,272,324,175,458805864
939733918,KCa'b'-m_R,,KCa'b'-m,Traced,632,240,285,117,426089124
940075056,KCab-p_R,,KCab-p,Traced,726,259,21,10,361940760
940420292,KCa'b'-m_R,,KCa'b'-m,Traced,618,245,314,132,428622683
951018323,PLP042_c_R,,PLP042_c,Traced,497,99,1,4,274871091
954222134,PAM14(B'1m)_L,,PAM14,Traced,437,170,182,89,244379748
955464899,PAM12(y3)_R,,PAM12,Traced,1174,183,4,1,382633721
955591114,PAM14(B'1m)_L,,PAM14,Traced,362,178,187,102,192486246
984794932,CRE068_R,,CRE068,Traced,513,268,3,1,494990396
984799376,,,,Traced,117,111,1,1,97482341
985822469,,,,Traced,145,182,7,7,172273533
986793149,KCa'b'-ap2_R,,KCa'b'-ap2,Traced,723,243,398,133,434247761
986828383,PAM13(B'1ap)_R,,PAM13,Traced,1117,228,293,125,389938087
987997896,PAM13(B'1ap)_L,,PAM13,Traced,735,199,172,78,294789403
1001453586,KCa'b'-ap1_R,,KCa'b'-ap1,Traced,500,226,290,144,415416436
1003474104,KCa'b'-ap1_R,,KCa'b'-ap1,Traced,556,258,323,164,389074673
1015484487,,,,Traced,623,710,5,3,523595977
1016114585,PAM11(a1)_L,,PAM11,Traced,513,193,26,10,253818480
1016118449,PAM11(a1)_L,,PAM11,Traced,538,203,12,4,307010567
1016506999,LAL198_R,,LAL198,Traced,2427,780,3,1,1609357758
1016805008,KCab-p_R,,KCab-p,Traced,703,242,10,3,378892564
1016835041,MBON09(y3B'1)(AVM17)_L,,MBON09,Traced,20281,1291,5817,59,2083130629
1016839809,PAM06_a(B'2m)_R,,PAM06_a,Traced,1467,301,380,189,442006674
1017310721,,,,Traced,158,115,9,3,86069826
1017819398,KCa'b'-ap2_R,,KCa'b'-ap2,Traced,650,256,335,135,411433282
1017992752,PAM06_a(B'2m)_L,,PAM06_a,Traced,887,365,304,141,303080957
1018164997,KCa'b'-ap1_R,,KCa'b'-ap1,Traced,609,262,310,150,420995644
1018510191,KCa'b'-ap1_R,,KCa'b'-ap1,Traced,561,241,321,149,376534767
1034198388,KCab-p_R,,KCab-p,Traced,733,260,31,11,361965654
1036563762,KCa'b'-ap1_R,,KCa'b'-ap1,Traced,576,266,323,167,419805354
1043151516,,,,Traced,156,246,4,4,889810212
1045832508,LAL075(AVM07)_L,L-LC(c)2,LAL075,Traced,1095,596,1,1,760736824
1046506683,CRE066(AVM16)_L,,CRE066,Traced,398,465,6,2,373177564
1047183897,PAM04_a(B2)_R,,PAM04_a,Traced,3253,456,11,1,656674162
1047489962,PAM11(a1)_L,,PAM11,Traced,658,200,7,6,327454873
1047835635,KCa'b'-m_R,,KCa'b'-m,Traced,666,240,303,118,437209470
1048004460,PAM09(B1ped)_L,,PAM09,Traced,743,225,13,4,233922701
1048172314,PPL103(y2a'1)(PDL05)_L,,PPL103,Traced,12116,3488,300,72,4211579375
1048207713,PAM09(B1ped)_R,,PAM09,Traced,938,203,25,4,430816435
1048215779,MBON09(y3B'1)(AVM17)_L,,MBON09,Traced,20255,1451,6260,92,2226046804
1048517845,KCa'b'-m_R,,KCa'b'-m,Traced,689,244,365,131,408966176
1048854479,KCa'b'-ap2_R,,KCa'b'-ap2,Traced,658,262,327,143,408398286
1049549402,KCa'b'-ap1_R,,KCa'b'-ap1,Traced,611,275,328,170,443024347
1049549412,KCa'b'-ap1_R,,KCa'b'-ap1,Traced,615,275,327,165,442704993
1050585709,PAM03(B2B'2a)_R,,PAM03,Traced,336,80,66,37,149916255
1051630846,PAM08_e(y4)_R,,PAM08_e,Traced,990,163,19,4,368736251
1064891781,KCab-p_R,,KCab-p,Traced,741,271,7,3,389121740
1070651567,PLP162_R,,PLP162,Traced,892,364,1,1,852814384
1077847238,PAM11(a1)_R,,PAM11,Traced,1325,226,7,4,551823489
1078007730,PAM04_a(B2)_L,,PAM04_a,Traced,2210,396,7,1,367958807
1078568987,,,,Orphan,10,14,3,4,19742721
1078572735,PAM04_a(B2)_R,,PAM04_a,Traced,338,71,7,2,135784276
1078874826,KCab-p_R,,KCab-p,Traced,586,221,7,2,360621538
1079215685,KCa'b'-ap2_R,,KCa'b'-ap2,Traced,674,256,318,138,460159372
1079707882,PAM04_a(B2)_L,,PAM04_a,Traced,289,75,11,3,96768615
1080566792,KCa'b'-ap2_R,,KCa'b'-ap2,Traced,669,261,333,145,407579775
1080579786,KCa'b'-ap1_R,,KCa'b'-ap1,Traced,511,228,312,146,403841758
1080579985,KCa'b'-ap1_R,,KCa'b'-ap1,Traced,707,263,387,151,462416152
1081086613,PAM12(y3)_L,,PAM12,Traced,656,141,1,1,283506292
1081767446,PAM05(B'2p)_L,,PAM05,Traced,547,239,123,88,292571668
1100675497,KCg-m_R,,KCg-m,Traced,809,236,3,2,364985018
1100801188,FB4D_R,CRESMPFB4_2,FB4D,Traced,1610,379,2,2,678707599
1108545472,KCab-p_R,,KCab-p,Traced,628,250,6,2,345725929
1108545599,KCab-s_R,,KCab-s,Traced,608,251,2,1,315709589
1109568718,PAM11(a1)_L,,PAM11,Traced,706,219,5,3,339562986
1110298200,PAM02(B'2a)_R,,PAM02,Traced,1403,217,606,148,326742368
1110972158,PAM10(B1)_R,,PAM10,Traced,2803,504,19,2,720192159
1111615136,KCa'b'-ap2_R,,KCa'b'-ap2,Traced,661,262,321,154,434589802
1111947403,KCa'b'-ap1_R,,KCa'b'-ap1,Traced,560,258,350,169,444926933
1139395797,,,,Traced,116,93,14,6,89822411
1139724251,PAM06_a(B'2m)_L,,PAM06_a,Traced,945,355,298,151,373161019
1140655376,PAM02(B'2a)_R,,PAM02,Traced,1335,198,475,113,297452211
1140655624,PAM08_c(y4)_R,,PAM08_c,Traced,2153,287,21,8,393170688
1140737968,PAM08_b(y4)_L,,PAM08_b,Traced,1143,227,4,1,305493467
1140950118,KCg-m_R,,KCg-m,Traced,761,244,1,2,335259195
1140996390,PAM04_a(B2)_R,,PAM04_a,Traced,2268,365,19,2,498035936
1141009503,PAM08_b(y4)_L,,PAM08_b,Traced,475,203,2,1,128056257
1141328881,PAM04_a(B2)_R,,PAM04_a,Traced,1492,265,25,4,474678964
1141329053,PAM04_a(B2)_R,,PAM04_a,Traced,1824,278,21,2,408798680
1141329227,PAM13(B'1ap)_R,,PAM13,Traced,964,211,314,121,346624547
1141337557,PAM08_d(y4)_R,,PAM08_d,Traced,1707,334,259,103,427493806
1141337605,PAM08_e(y4)_R,,PAM08_e,Traced,1013,193,3,1,410437147
1141337663,KCg-m_R,,KCg-m,Traced,721,233,6,1,331437676
1141342260,KCg-m_R,,KCg-m,Traced,769,263,3,1,375823592
1141350537,PAM08_b(y4)_R,,PAM08_b,Traced,1586,231,10,1,357280522
1141691881,KCg-m_R,,KCg-m,Traced,686,231,1,1,339175454
1141972202,KCg-m_R,,KCg-m,Traced,815,267,13,5,420915787
1142019878,KCg-s4_R,,KCg-s4,Traced,749,298,7,4,426294048
1142658717,KCg-m_R,,KCg-m,Traced,697,264,1,1,372743702
1169657925,KCa'b'-ap1_R,,KCa'b'-ap1,Traced,565,226,273,127,411320098
1169661785,KCa'b'-ap2_R,,KCa'b'-ap2,Traced,637,254,350,147,448903191
1169989698,PAM05(B'2p)_R,,PAM05,Traced,1698,402,737,254,482724528
1169989859,PAM05(B'2p)_R,,PAM05,Traced,624,255,203,131,326669074
1169993905,PAM05(B'2p)_R,,PAM05,Traced,1620,331,629,213,410286745
1169999059,KCa'b'-ap1_R,,KCa'b'-ap1,Traced,531,228,309,147,420909311
1170322501,PAM06_a(B'2m)_R,,PAM06_a,Traced,1190,304,304,183,419481355
1170326256,KCa'b'-ap1_R,,KCa'b'-ap1,Traced,609,283,337,175,433858148
1170326295,KCa'b'-ap1_R,,KCa'b'-ap1,Traced,726,297,386,168,498227413
1170335262,KCa'b'-ap1_R,,KCa'b'-ap1,Traced,565,222,309,134,393635014
1170344185,KCa'b'-ap1_R,,KCa'b'-ap1,Traced,715,259,382,161,452309484
1170348225,PAM06_a(B'2m)_L,,PAM06_a,Traced,1283,435,430,181,514047086
1170400248,APL fragment?,,,Traced,2026,235,481,47,293828523
1170404875,PAM05(B'2p)_R,,PAM05,Traced,682,237,177,126,319299901
1170412847,,,,Traced,2034,249,142,19,280315243
1170413425,PAM06_a(B'2m)_R,,PAM06_a,Traced,1384,411,490,235,476191448
1170667130,KCa'b'-ap1_R,,KCa'b'-ap1,Traced,704,315,374,179,514238091
1171436073,PAM13(B'1ap)_L,,PAM13,Traced,638,221,222,107,272074555
1171690432,PAM02(B'2a)_R,,PAM02,Traced,1506,171,653,119,324421746
1171690479,PAM05(B'2p)_R,,PAM05,Traced,1518,294,520,169,385559301
1171785552,PAM13(B'1ap)_L,,PAM13,Traced,662,221,193,99,282949058
1172031461,PAM08_c(y4)_R,,PAM08_c,Traced,1912,251,13,3,387429139
1172372655,PAM02(B'2a)_R,,PAM02,Traced,1472,209,644,145,330410034
1172665846,KCg-m_R,,KCg-m,Traced,895,281,18,3,308381801
1172713521,KCg-s1(super)_R,,KCg-s1,Traced,2551,826,25,13,1054848410
1172774470,PAM15_a(y5B'2a)_L,,PAM15_a,Traced,1480,187,164,35,311773637
1173007139,PAM14(B'1m)_R,,PAM14,Traced,569,207,308,153,260414997
1173011450,PAM13(B'1ap)_L,,PAM13,Traced,535,210,184,95,170468316
1173016042,KCg-m_R,,KCg-m,Traced,706,241,12,5,346336785
1173045815,PAM12(y3)_R,,PAM12,Traced,1080,172,2,1,396639821
1173347968,KCa'b'-ap2_R,,KCa'b'-ap2,Traced,585,225,315,139,420189546
1174008477,KCg-m_R,,KCg-m,Traced,805,254,5,1,371070877
1175070762,KCg-d_R,,KCg-d,Traced,646,251,10,3,369691167
1200351169,KCa'b'-ap2_R,,KCa'b'-ap2,Traced,664,250,339,127,445817696
1200351200,KCa'b'-ap2_R,,KCa'b'-ap2,Traced,595,234,309,140,350624191
1200670734,,,,Orphan,13,5,8,4,3352431
1200683283,KCa'b'-ap2_R,,KCa'b'-ap2,Traced,518,220,291,132,425677562
1200687716,PAM06_a(B'2m)_L,,PAM06_a,Traced,833,327,248,110,318516629
1200687913,KCa'b'-ap2_R,,KCa'b'-ap2,Traced,630,238,308,132,451995760
1200700424,KCa'b'-ap2_R,,KCa'b'-ap2,Traced,642,262,323,141,454737930
1200743811,KCa'B'_L?,,,Traced,313,124,41,19,107850485
1200752926,PAM06_a(B'2m)_L,,PAM06_a,Traced,696,254,194,96,275900597
1200753147,PAM06_b(B'2m)_L,,PAM06_b,Traced,876,119,308,50,203322497
1200753289,PAM06_a(B'2m)_L,,PAM06_a,Traced,847,264,274,115,318757506
1201028519,KCa'b'-ap1_R,,KCa'b'-ap1,Traced,623,236,392,162,434693605
1201032707,KCa'b'-ap1_R,,KCa'b'-ap1,Traced,604,239,314,139,404305308
1202060409,KCa'b'-ap1_R,,KCa'b'-ap1,Traced,651,262,357,153,450169171
1202462198,PAM02(B'2a)_L,,PAM02,Traced,1125,202,352,82,211284785
1202673723,KCa'b'-ap2_R,,KCa'b'-ap2,Traced,589,244,312,146,432305951
1202737975,KCg-m_R,,KCg-m,Traced,754,271,8,3,371682997
1203066201,PAM02(B'2a)_R,,PAM02,Traced,1315,198,528,134,330545885
1203066222,PAM04_a(B2)_R,,PAM04_a,Traced,2490,381,25,1,515766690
1203066401,PAM04_a(B2)_R,,PAM04_a,Traced,2309,357,9,1,444720536
1203355349,,,,Orphan,20,1,20,1,398407
1203696415,,,,Orphan,13,1,13,1,113895
1203709763,KCa'b'-m_R,,KCa'b'-m,Traced,512,234,245,123,411264180
1204037481,,,,Orphan,28,7,28,7,3948504
1204391417,PAM13(B'1ap)_R,,PAM13,Traced,1004,243,299,141,366409907
1204547624,PAM12(y3)_L,,PAM12,Traced,828,213,2,2,296229744
1205225146,PAM12(y3)_L,,PAM12,Traced,900,201,4,1,297353925
1224137495,KCg-s3_R,,KCg-s3,Traced,1161,409,25,12,637070643
1231299343,PAM11(a1)_R,,PAM11,Traced,1895,315,25,5,659070629
1231718414,KCa'b'-ap2_R,,KCa'b'-ap2,Traced,634,246,327,135,424896625
1231735257,KCa'b'-ap2_R,,KCa'b'-ap2,Traced,589,204,298,102,424144752
1231744096,,,,Traced,641,75,206,21,110174320
1231778487,KCa'B'_L?,,,Traced,336,142,103,41,126618559
1231778565,KCa'B'_L?,,,Traced,242,108,47,16,95739169
1232115209,KCa'B'_L?,,,Traced,275,98,80,34,93548765
1233428010,PAM01_a(y5)_R,,PAM01_a,Traced,1101,172,10,1,371802936
1233436396,PAM06_b(B'2m)_R,,PAM06_b,Traced,924,121,409,79,240450436
1233436426,PAM03(B2B'2a)_R,,PAM03,Traced,703,144,47,16,239327987
1233436479,PAM15_b(y5B'2a)_R,,PAM15_b,Traced,1278,153,157,19,294637816
1233501275,PAM13(B'1ap)_L,,PAM13,Traced,530,212,168,87,239615319
1233505806,PAM02(B'2a)_L,,PAM02,Traced,1339,202,447,87,294286432
1234481054,PAM01_a(y5)_R,,PAM01_a,Traced,1004,155,12,2,273212378
1234571727,,,,Traced,824,98,66,6,112323335
1234731487,PAM14(B'1m)_L,,PAM14,Traced,277,117,190,97,121961389
1235750394,,,,Orphan,80,17,80,17,11137333
1236436419,,,,Orphan,11,1,11,1,252789
1255297788,FB2B_a_R,LALCREFB2_1; Tdc2 (TA)-ASM candidates,FB2B_a,Traced,2256,831,12,2,1011197699
1262403573,,,,Orphan,31,15,31,15,8765624
1262412229,KCa'B'_L?,,,Traced,279,104,78,29,85909220
1262424913,KCa'B'_L?,,,Traced,246,103,94,36,86245460
1262494423,KCa'B'_L,,,Traced,268,113,35,13,93094745
1262744824,PAM06_b(B'2m)_L,,PAM06_b,Traced,820,97,330,43,187054242
1263098627,KCa'B'_L?,,,Traced,248,108,60,27,95574960
1263115934,KCa'B'_L?,,,Traced,310,137,73,38,109303094
1263150527,KCa'B'_L?,,,Traced,243,99,71,34,106535146
1263832477,PAM03(B2B'2a)_L,,PAM03,Traced,571,107,30,10,145351462
1264186300,PAM01_a(y5)_L,,PAM01_a,Traced,900,143,10,1,240889204
1264794805,,,,Orphan,6,2,6,2,714275
1265261328,KCa'B'_L?,,,Traced,238,107,59,27,94529484
1265265561,KCa'B'_L?,,,Traced,315,128,69,29,100552842
1266478519,PAM12(y3)_L,,PAM12,Traced,577,117,9,1,216360555
1267164975,KCg-m_R,,KCg-m,Traced,793,234,8,2,251292043
1286315478,FB2B_a_L,LALCREFB2_1; Tdc2 (TA)-ASM candidates,FB2B_a,Traced,2212,893,6,3,905540252
1293451424,KCa'B'_L?,,,Traced,211,97,66,22,88610144
1293507539,KCa'B'_L?,,,Traced,183,74,41,17,78579161
1293511727,KCa'B'_L?,,,Traced,257,84,57,18,90097396
1293516024,KCa'B'_L?,,,Traced,261,110,68,30,93745473
1293524890,KCa'B'_L?,,,Traced,248,95,112,41,101623491
1293848435,KCa'B'_L,,,Traced,278,37,58,11,47542183
1293848553,KCa'B'_L?,,,Traced,245,104,81,38,93240384
1294465669,KCa'b'-ap2_R,,KCa'b'-ap2,Traced,673,249,330,143,446959185
1294534661,,,,Traced,818,107,206,20,117489620
1295225451,PAM04_b(B2)(ADM02)_L,,PAM04_b,Traced,545,134,6,2,225739136
1295501882,PAM02(B'2a)_R,,PAM02,Traced,1283,199,588,131,317425488
1295566429,PAM02(B'2a)_L,,PAM02,Traced,1009,218,322,81,267245995
1295847315,,,,Orphan,70,13,60,13,9387919
1296291825,KCa'B'_L?,,,Traced,295,121,82,33,104421419
1297163564,,,,Orphan,5,2,5,2,119321
1297815807,PAM10(B1)_L,,PAM10,Traced,1604,427,14,4,472380184
1313496027,KCa'b'-ap2_R,,KCa'b'-ap2,Traced,632,273,262,135,428214535
1317712712,FB2B_a_L,LALCREFB2_1; Tdc2 (TA)-ASM candidates,FB2B_a,Traced,2131,874,6,1,917030170
1324222950,KCa'B'_L?,,,Traced,278,113,75,26,86541456
1324844582,,,,Orphan,6,2,6,2,3405900
1324904932,KCa'B'_L?,,,Traced,302,137,80,46,102727730
1325845966,,,,Orphan,9,3,9,3,582605
1326264840,LNO3(LAL-NO2bilateral)_R,LNO3,LNO3,Traced,2082,502,6,5,1389645128
1327831724,KCa'b'-m_R,,KCa'b'-m,Traced,630,233,299,113,429239588
1328505485,KCab-p_R,,KCab-p,Traced,723,261,6,1,394578410
1328513713,PAM10(B1)_L,,PAM10,Traced,1522,456,28,14,513933742
1328522741,PAM10(B1)_L,,PAM10,Traced,1027,321,15,7,355086914
1357999210,APL fragment_L,,,Traced,877,104,205,23,135266925
1387259612,,,,Orphan,9,2,9,2,1210653
1387575003,KCab-p_R,,KCab-p,Traced,706,261,6,1,398985389
1387583729,PAM03(B2B'2a)_L,,PAM03,Traced,338,90,10,3,119268985
1387583807,PAM03(B2B'2a)_R,,PAM03,Traced,538,121,32,10,193662875
1388585088,KCab-p_R,,KCab-p,Traced,635,220,2,1,352744706
1418273110,KCab-p_R,,KCab-p,Traced,608,250,4,2,278789370
1418351262,PAM04_a(B2)_R,,PAM04_a,Traced,555,137,4,2,239134628
1418618235,SIFa(PDM34),,SIFa,Traced,1592,935,17,7,6190229391
1418635441,,,,Orphan,10,3,10,3,1733207
1419019956,PAM04_a(B2)_R,,PAM04_a,Traced,1655,255,14,1,383407340
1450011431,KCab-c_R,,KCab-c,Traced,328,134,1,3,211232050
1515418525,KCa'b'-m_R,,KCa'b'-m,Traced,556,205,244,95,407157814
5812979156,PAM15_b(y5B'2a)_R,,PAM15_b,Traced,1339,152,566,66,321368178
5812979168,PAM06_b(B'2m)_L,,PAM06_b,Traced,1195,248,339,66,394753648
5812979271,PAM06_a(B'2m)_R,,PAM06_a,Traced,1215,314,508,194,434263984
5812979301,KCa'B'_L?,,,Traced,296,100,82,26,115296115
5812979502,PAM01_a(y5)_L,,PAM01_a,Traced,1315,139,3,1,291541065
5812979693,KCa'B'_L?,,,Traced,375,122,65,25,107809791
5812980425,KCab-s_R,,KCab-s,Traced,601,213,1,1,254520884
5812980567,PAM09(B1ped)_R,,PAM09,Traced,1252,241,15,5,431109241
5812980746,SIP087(PDM22)_L,,SIP087,Traced,7549,3221,10,6,3325948715
5812980792,KCab-p_R,,KCab-p,Traced,667,280,13,3,374117772
5812980938,KCab-p_R,,KCab-p,Traced,693,270,4,2,399456127
5812981068,KCa'b'-ap2_R,,KCa'b'-ap2,Traced,659,260,317,147,420573073
5812981071,KCa'b'-m_R,,KCa'b'-m,Traced,672,225,301,105,385557469
5812981072,KCa'b'-m_R,,KCa'b'-m,Traced,649,226,322,114,393185864
5812981164,KCa'b'-ap1_R,,KCa'b'-ap1,Traced,563,245,335,160,447193387
5812981270,KCa'b'-ap2_R,,KCa'b'-ap2,Traced,678,228,341,111,440624810
5812981274,KCa'b'-ap2_R,,KCa'b'-ap2,Traced,566,235,260,114,383887653
5812981275,KCa'b'-ap2_R,,KCa'b'-ap2,Traced,607,259,308,123,487373247
5812981277,KCa'b'-ap2_R,,KCa'b'-ap2,Traced,621,239,332,130,474294817
5812981279,KCa'b'-ap2_R,,KCa'b'-ap2,Traced,644,232,315,120,449082312
5812981290,KCa'b'-ap2_R,,KCa'b'-ap2,Traced,580,240,305,122,451840346
5812981308,KCa'b'-m_R,,KCa'b'-m,Traced,571,190,243,76,390005539
5812981318,KCa'b'-ap2_R,,KCa'b'-ap2,Traced,644,269,329,134,427512487
5812981320,KCa'b'-ap2_R,,KCa'b'-ap2,Traced,629,272,320,161,446321131
5812981322,KCa'b'-ap2_R,,KCa'b'-ap2,Traced,681,228,336,109,439255704
5812981327,KCa'b'-ap2_R,,KCa'b'-ap2,Traced,754,256,330,140,438108998
5812981332,KCa'b'-ap1_R,,KCa'b'-ap1,Traced,602,249,310,136,496581517
5812981333,KCa'b'-ap2_R,,KCa'b'-ap2,Traced,698,228,339,111,449909211
5812981339,KCa'b'-ap1_R,,KCa'b'-ap1,Traced,634,214,318,127,426256262
5812981340,KCa'b'-ap1_R,,KCa'b'-ap1,Traced,636,258,404,186,446538834
5812981341,KCa'b'-ap1_R,,KCa'b'-ap1,Traced,647,231,344,122,457579684
5812981348,KCa'b'-ap1_R,,KCa'b'-ap1,Traced,618,233,346,151,441656257
5812981361,KCa'b'-ap2_R,,KCa'b'-ap2,Traced,558,214,254,122,390359463
5812981363,KCa'B'_L,,,Traced,319,109,64,26,114946857
5812981373,KCa'b'-ap2_R,,KCa'b'-ap2,Traced,604,226,307,119,433377539
5812981379,KCab-s_R,,KCab-s,Traced,570,236,2,1,300101280
5812981381,PPL102(y1)(PDL05)_L,,PPL102,Traced,9198,2830,2,2,3349981626
5812981399,KCa'b'-m_R,,KCa'b'-m,Traced,720,216,316,108,416667601
5812981400,KCa'b'-m_R,,KCa'b'-m,Traced,705,247,339,121,455420889
5812981401,KCa'b'-m_R,,KCa'b'-m,Traced,671,203,303,104,418827569
5812981553,KCa'b'-m_R,,KCa'b'-m,Traced,647,237,310,125,409831606
5812981563,KCa'b'-ap2_R,,KCa'b'-ap2,Traced,661,224,356,130,453767469
5812981564,KCa'b'-m_R,,KCa'b'-m,Traced,642,232,329,122,391061782
5812981569,KCa'b'-m_R,,KCa'b'-m,Traced,617,240,322,120,412855226
5812981570,KCa'b'-m_R,,KCa'b'-m,Traced,642,249,312,128,449506766
5812981578,KCa'b'-m_R,,KCa'b'-m,Traced,620,237,281,98,399710677
5812981581,KCa'b'-ap2_R,,KCa'b'-ap2,Traced,645,213,313,101,458081929
5812981582,KCa'b'-ap2_R,,KCa'b'-ap2,Traced,688,233,329,117,413897094
5812981586,KCa'b'-ap2_R,,KCa'b'-ap2,Traced,598,237,322,136,424512481
5812981590,KCa'b'-m_R,,KCa'b'-m,Traced,622,196,313,82,404873540
5812981602,KCa'b'-ap2_R,,KCa'b'-ap2,Traced,621,231,303,122,417470359
5812981641,PAM08_d(y4)_L,,PAM08_d,Traced,1423,333,57,21,253723732
5812981643,KCab-p_R,,KCab-p,Traced,682,252,8,3,374726947
5812981680,KCab-p_R,,KCab-p,Traced,734,281,2,1,282267054
5812981689,KCa'b'-m_R,,KCa'b'-m,Traced,744,219,396,101,328939713
5812981796,KCa'b'-m_R,,KCa'b'-m,Traced,665,226,316,112,478708280
5812981797,KCa'b'-m_R,,KCa'b'-m,Traced,763,234,327,115,415406453
5812981800,KCa'b'-m_R,,KCa'b'-m,Traced,651,249,313,147,399866760
5812981816,KCa'b'-m_R,,KCa'b'-m,Traced,620,214,321,107,402147766
5812981858,KCa'b'-ap1_R,,KCa'b'-ap1,Traced,651,261,323,158,481499224
5812981924,KCg-m_R,,KCg-m,Traced,756,254,1,1,345875249
5812981960,KCa'b'-m_R,,KCa'b'-m,Traced,721,226,299,106,331043517
5812981961,KCa'b'-ap2_R,,KCa'b'-ap2,Traced,637,239,270,119,464186591
5812981978,KCa'b'-m_R,,KCa'b'-m,Traced,574,237,240,124,405213419
5812982086,KCa'b'-m_R,,KCa'b'-m,Traced,649,253,294,140,425938168
5812982087,KCa'b'-m_R,,KCa'b'-m,Traced,572,208,320,111,414845645
5812982088,KCa'b'-m_R,,KCa'b'-m,Traced,684,234,294,103,399100731
5812982091,PAM06_b(B'2m)_R,,PAM06_b,Traced,1127,140,623,88,266987071
5812982118,PAM06_a(B'2m)_R,,PAM06_a,Traced,1274,334,457,211,428564958
5812982120,PAM05(B'2p)_R,,PAM05,Traced,794,237,253,121,311663944
5812982145,KCa'b'-m_R,,KCa'b'-m,Traced,720,245,326,126,417445903
5812982149,KCa'b'-m_R,,KCa'b'-m,Traced,707,234,279,111,412946042
5812982329,KCa'b'-m_R,,KCa'b'-m,Traced,677,234,295,114,365482537
5812982350,KCa'b'-ap1_R,,KCa'b'-ap1,Traced,555,210,329,121,408201604
5812982397,KCa'b'-m_R,,KCa'b'-m,Traced,603,223,306,123,419710605
5812982429,KCa'b'-m_R,,KCa'b'-m,Traced,682,214,325,105,423231483
5812982436,KCg-m_R,,KCg-m,Traced,779,249,8,5,354659380
5812982442,KCg-m_R,,KCg-m,Traced,828,258,6,1,382934901
5812982514,KCab-s_R,,KCab-s,Traced,589,237,1,1,363758686
5812982579,KCa'b'-ap1_R,,KCa'b'-ap1,Traced,492,173,322,125,410959307
5812982692,KCa'b'-m_R,,KCa'b'-m,Traced,591,226,286,114,295847214
5812982694,KCa'b'-m_R,,KCa'b'-m,Traced,684,207,347,101,430418695
5812982706,KCa'b'-m_R,,KCa'b'-m,Traced,672,231,315,119,418473741
5812982725,KCa'b'-m_R,,KCa'b'-m,Traced,635,230,338,120,409899062
5812982727,PAM02(B'2a)_L,,PAM02,Traced,1214,193,405,90,214337914
5812982779,PAM01_b(y5)_R,,PAM01_b,Traced,1442,163,321,27,343660367
5812982780,KCab-p_R,,KCab-p,Traced,700,235,4,1,384605451
5812982782,KCab-p_R,,KCab-p,Traced,677,228,14,4,389662255
5812982823,KCa'b'-ap1_R,,KCa'b'-ap1,Traced,568,212,316,126,396676348
5812982832,KCg-m_R,,KCg-m,Traced,727,231,1,1,351930359
5812982925,KCa'b'-ap2_R,,KCa'b'-ap2,Traced,694,292,362,150,491654910
5812983009,KCg-m_R,,KCg-m,Traced,757,230,2,1,354509134
5812983112,KCa'b'-m_R,,KCa'b'-m,Traced,647,251,338,150,411342672
5812983174,KCa'b'-m_R,,KCa'b'-m,Traced,681,235,306,114,386511183
5812983399,PAM05(B'2p)_L,,PAM05,Traced,1338,327,268,105,358512014
5812983418,PAM04_a(B2)_L,,PAM04_a,Traced,712,153,6,1,200836501
5812983451,KCa'b'-ap2_R,,KCa'b'-ap2,Traced,634,262,300,124,436809854
5812983533,PAM11(a1)_R,,PAM11,Traced,1022,216,18,8,502377982
5812983544,KCa'b'-ap2_R,,KCa'b'-ap2,Traced,675,237,335,128,426100093
5812983569,KCa'b'-ap2_R,,KCa'b'-ap2,Traced,559,251,305,138,392759583
5812983571,KCa'b'-ap1_R,,KCa'b'-ap1,Traced,579,248,310,151,294590390
5812983645,KCa'b'-ap1_R,,KCa'b'-ap1,Traced,651,257,395,153,449532868
5812983646,KCa'b'-ap1_R,,KCa'b'-ap1,Traced,595,256,353,176,453811862
5812983866,KCa'b'-m_R,,KCa'b'-m,Traced,596,208,301,115,415440030
5812983869,KCa'b'-ap2_R,,KCa'b'-ap2,Traced,606,213,256,79,436690709
5812983871,KCa'b'-ap2_R,,KCa'b'-ap2,Traced,603,209,320,111,408605251
5812983898,KCa'b'-ap2_R,,KCa'b'-ap2,Traced,585,191,304,105,420362398
5812983899,KCa'b'-ap2_R,,KCa'b'-ap2,Traced,641,216,331,106,347569779
5812983903,KCa'b'-ap1_R,,KCa'b'-ap1,Traced,554,225,308,110,444087728
5812984045,KCa'b'-ap2_R,,KCa'b'-ap2,Traced,679,240,319,119,439989491
5812987762,KCg-m_R,,KCg-m,Traced,705,198,2,1,325691310
5812989588,PAM03(B2B'2a)_R,,PAM03,Traced,373,91,76,29,151824685
5812996052,,,,Traced,609,368,5,9,688274394
5813010617,KCab-p_R,,KCab-p,Traced,675,277,19,4,391055197
5813020041,KCa'b'-ap1_R,,KCa'b'-ap1,Traced,613,209,325,122,434014408
5813020046,KCa'b'-ap2_R,,KCa'b'-ap2,Traced,666,246,325,125,437866399
5813020047,KCa'b'-ap2_R,,KCa'b'-ap2,Traced,607,259,305,138,437076621
5813020052,KCa'b'-ap2_R,,KCa'b'-ap2,Traced,579,223,321,112,437468051
5813020057,KCa'b'-ap2_R,,KCa'b'-ap2,Traced,658,256,285,133,441233004
5813020061,KCa'b'-ap1_R,,KCa'b'-ap1,Traced,656,278,356,169,472995790
5813020132,KCg-m_R,,KCg-m,Traced,778,236,5,1,345391815
5813020271,KCa'b'-ap2_R,,KCa'b'-ap2,Traced,710,232,318,122,452528827
5813020988,LHMB1_R,,LHMB1,Traced,6859,1312,38,14,2286240275
5813020996,SMP384(PDM09)_L,,SMP384,Traced,4802,2862,3,2,2685199565
5813021033,KCab-p_R,,KCab-p,Traced,804,252,12,3,410859481
5813021046,CRE102_R,Sm-C,CRE102,Traced,4657,666,3,15,1476031794
5813021174,KCa'b'-m_R,,KCa'b'-m,Traced,605,262,277,136,441153613
5813021261,PAM11(a1)_L,,PAM11,Traced,395,160,20,6,248528210
5813021642,KCa'b'-m_R,,KCa'b'-m,Traced,665,211,288,93,373756130
5813021645,KCa'b'-m_R,,KCa'b'-m,Traced,672,235,308,127,394108433
5813021659,KCg-m_R,,KCg-m,Traced,772,220,2,1,353080116
5813021736,KCa'b'-ap2_R,,KCa'b'-ap2,Traced,605,219,290,112,454869357
5813021748,KCa'b'-ap2_R,,KCa'b'-ap2,Traced,644,195,326,99,447453187
5813021766,KCa'b'-ap2_R,,KCa'b'-ap2,Traced,649,240,323,127,394506432
5813021772,KCa'b'-m_R,,KCa'b'-m,Traced,712,230,346,120,411808930
5813021778,KCa'b'-m_R,,KCa'b'-m,Traced,597,227,305,104,437684352
5813021779,KCa'b'-ap2_R,,KCa'b'-ap2,Traced,700,263,367,145,457074069
5813021781,KCa'b'-ap2_R,,KCa'b'-ap2,Traced,662,259,318,131,419729763
5813021786,KCa'b'-m_R,,KCa'b'-m,Traced,718,225,332,108,428081193
5813021788,KCab-p_R,,KCab-p,Traced,713,247,12,3,417804388
5813021792,KCa'b'-m_R,,KCa'b'-m,Traced,577,226,251,117,402507757
5813021799,KCa'b'-ap2_R,,KCa'b'-ap2,Traced,703,254,353,137,454399393
5813021805,KCa'b'-ap1_R,,KCa'b'-ap1,Traced,704,267,386,160,478993126
5813021806,KCa'b'-ap2_R,,KCa'b'-ap2,Traced,627,237,343,143,475435410
5813021808,KCa'b'-ap1_R,,KCa'b'-ap1,Traced,591,274,331,167,455112693
5813021809,KCa'b'-ap1_R,,KCa'b'-ap1,Traced,663,276,327,161,467946092
5813021812,KCa'b'-ap1_R,,KCa'b'-ap1,Traced,594,252,307,154,464717750
5813021822,KCa'b'-ap1_R,,KCa'b'-ap1,Traced,663,265,372,153,482821942
5813021832,KCa'b'-m_R,,KCa'b'-m,Traced,655,255,300,112,405326877
5813021844,PAM08_c(y4)_L,,PAM08_c,Traced,1573,280,1,2,241663552
5813021848,KCa'b'-ap2_R,,KCa'b'-ap2,Traced,575,201,282,115,424646555
5813021856,KCa'b'-ap1_R,,KCa'b'-ap1,Traced,668,254,346,154,485815034
5813021865,KCg-m_R,,KCg-m,Traced,911,250,15,4,390695586
5813022037,KCa'b'-ap1_R,,KCa'b'-ap1,Traced,655,236,365,150,431474709
5813022117,KCa'b'-ap2_R,,KCa'b'-ap2,Traced,659,215,332,124,434303309
5813022201,PAM06_a(B'2m)_R,,PAM06_a,Traced,1403,306,528,202,397327304
5813022424,PPL103(y2a'1)_R,,PPL103,Traced,15227,3375,443,96,5444071374
5813022811,CRE080_R,pMP6b candidates,CRE080,Traced,1131,236,10,2,1038235689
5813022896,MBON21(y4y5)_R,,MBON21,Traced,12515,1168,44,2,3288021127
5813027518,PAM15_b(y5B'2a)_L,,PAM15_b,Traced,1273,158,18,2,240799955
5813032740,WEDPN4_R,,WEDPN4,Traced,2190,690,22,1,2115797592
5813032771,KCg-s2(super)_R,,KCg-s2,Traced,1845,589,54,44,975624467
5813032811,KCa'b'-m_R,,KCa'b'-m,Traced,616,210,311,94,388570181
5813032813,PAM13(B'1ap)_L,,PAM13,Traced,680,241,245,130,279564061
5813032868,KCa'b'-ap2_R,,KCa'b'-ap2,Traced,606,223,296,127,431022127
5813032874,KCa'b'-ap2_R,,KCa'b'-ap2,Traced,585,223,326,120,455255692
5813032876,KCa'b'-ap1_R,,KCa'b'-ap1,Traced,656,232,349,124,519684879
5813032887,KCa'b'-ap1_R,,KCa'b'-ap1,Traced,598,197,296,113,419825635
5813032896,KCa'b'-ap2_R,,KCa'b'-ap2,Traced,689,216,377,117,404784077
5813032900,KCa'b'-ap2_R,,KCa'b'-ap2,Traced,692,249,321,126,435011106
5813032943,KCab-p_R,,KCab-p,Traced,734,252,4,2,339903729
5813032997,PAM02(B'2a)_L,,PAM02,Traced,1282,155,369,70,281021176
5813033127,KCa'b'-ap2_R,,KCa'b'-ap2,Traced,616,243,341,135,486240013
5813033208,KCa'b'-ap2_R,,KCa'b'-ap2,Traced,704,219,380,107,435229410
5813033215,PAM01_a(y5)_L,,PAM01_a,Traced,1079,170,60,21,288587422
5813035267,KCa'b'-ap1_R,,KCa'b'-ap1,Traced,644,259,319,157,511057661
5813035613,KCa'b'-ap1_R,,KCa'b'-ap1,Traced,568,252,318,148,463866310
5813040941,PAM02(B'2a)_L,,PAM02,Traced,1132,136,180,27,231301005
5813042659,MBON22(calyx)_R,,MBON22,Traced,14118,810,9,6,3046434158
5813047220,KCa'b'-m_R,,KCa'b'-m,Traced,683,245,265,120,427955175
5813047221,KCa'b'-m_R,,KCa'b'-m,Traced,631,224,308,121,437993906
5813047676,KCa'b'-ap2_R,,KCa'b'-ap2,Traced,567,231,285,123,418921494
5813047784,PAM05(B'2p)_L,,PAM05,Traced,420,225,141,92,211723090
5813047790,KCa'b'-ap1_R,,KCa'b'-ap1,Traced,580,209,321,125,431318660
5813048214,PAM06_b(B'2m)_L,,PAM06_b,Traced,673,113,219,51,182935102
5813049834,KCa'b'-ap1_R,,KCa'b'-ap1,Traced,516,228,292,145,420504766
5813050765,KCa'b'-ap2_R,,KCa'b'-ap2,Traced,702,265,337,142,452964728
5813055914,KCab-s_R,,KCab-s,Traced,650,235,1,1,322349102
5813056183,KCg-d_R,,KCg-d,Traced,600,223,16,9,360853469
5813056299,KCa'b'-m_R,,KCa'b'-m,Traced,714,228,322,110,424133459
5813056300,KCa'b'-ap2_R,,KCa'b'-ap2,Traced,692,271,345,143,436927867
5813056305,KCa'b'-m_R,,KCa'b'-m,Traced,672,241,324,123,401460811
5813056307,KCa'b'-m_R,,KCa'b'-m,Traced,641,242,308,107,441207882
5813056309,KCg-m_R,,KCg-m,Traced,825,283,25,8,395923682
5813056313,KCa'b'-ap2_R,,KCa'b'-ap2,Traced,653,200,321,102,403944266
5813056327,KCa'b'-m_R,,KCa'b'-m,Traced,700,236,357,122,422840976
5813056372,KCa'b'-m_R,,KCa'b'-m,Traced,651,228,281,110,396399147
5813056390,KCa'b'-ap2_R,,KCa'b'-ap2,Traced,583,234,301,126,413226879
5813056414,KCg-m_R,,KCg-m,Traced,673,211,29,8,349509259
5813057227,KCa'b'-m_R,,KCa'b'-m,Traced,621,239,283,114,416212913
5813057239,KCa'b'-m_R,,KCa'b'-m,Traced,724,228,359,103,405376444
5813057867,KCa'b'-ap1_R,,KCa'b'-ap1,Traced,587,246,349,171,399817341
5813057942,KCa'b'-m_R,,KCa'b'-m,Traced,759,278,412,162,450117799
5813058048,MBON29(y4y5)_R,,MBON29,Traced,8512,761,14,1,2345461437
5813058163,KCa'b'-ap2_R,,KCa'b'-ap2,Traced,686,258,323,131,423518090
5813058215,KCa'b'-ap2_R,,KCa'b'-ap2,Traced,642,248,341,129,430406202
5813059951,KCa'b'-ap2_R,,KCa'b'-ap2,Traced,579,240,250,107,422392882
5813060643,KCab-p_R,,KCab-p,Traced,681,264,7,2,369871738
5813060663,KCg-m_R,,KCg-m,Traced,687,206,4,1,376076661
5813060774,KCa'b'-ap2_R,,KCa'b'-ap2,Traced,685,266,280,132,436369804
5813060776,KCa'b'-ap2_R,,KCa'b'-ap2,Traced,652,229,284,121,333533652
5813060787,FB2B_a_R,LALCREFB2_1; Tdc2 (TA)-ASM candidates,FB2B_a,Traced,2265,794,13,1,1042477121
5813061260,OA-VPM3(NO2/NO3)_L,,OA-VPM3,Traced,5122,4069,12,10,3486100136
5813061597,KCa'b'-ap1_R,,KCa'b'-ap1,Traced,640,250,342,148,475789178
5813061879,PAM14(B'1m)_R,,PAM14,Traced,636,225,262,150,338596004
5813062565,KCa'b'-ap1_R,,KCa'b'-ap1,Traced,590,257,333,167,425676562
5813062842,KCa'b'-m_R,,KCa'b'-m,Traced,707,248,359,123,425529161
5813063140,KCa'b'-m_R,,KCa'b'-m,Traced,581,199,294,101,391939830
5813063224,KCa'b'-ap2_R,,KCa'b'-ap2,Traced,611,232,314,127,445344768
5813063280,PAM06_a(B'2m)_R,,PAM06_a,Traced,1358,335,420,186,467187303
5813063527,KCa'b'-m_R,,KCa'b'-m,Traced,634,267,300,145,436486264
5813064427,KCa'b'-ap1_R,,KCa'b'-ap1,Traced,652,297,356,187,430438345
5813067826,KCg-d_R,,KCg-d,Traced,869,324,5,3,380946615
5813067858,KCa'b'-ap2_R,,KCa'b'-ap2,Traced,593,225,311,124,440340877
5813068687,KCa'b'-m_R,,KCa'b'-m,Traced,653,228,323,107,400089032
5813068690,KCa'b'-m_R,,KCa'b'-m,Traced,698,233,315,116,402291796
5813068692,KCa'b'-ap2_R,,KCa'b'-ap2,Traced,682,233,328,113,431484345
5813068752,KCa'b'-m_R,,KCa'b'-m,Traced,692,252,318,142,429764535
5813068984,KCa'b'-ap1_R,,KCa'b'-ap1,Traced,583,252,293,140,437165853
5813069379,KCa'b'-ap2_R,,KCa'b'-ap2,Traced,616,253,303,138,422706616
5813069385,KCa'b'-m_R,,KCa'b'-m,Traced,605,229,331,116,364741205
5813069965,PAM05(B'2p)_L,,PAM05,Traced,1498,325,320,97,378509855
5813069977,PAM08_c(y4)_L,,PAM08_c,Traced,1536,294,2,3,332652814
5813070581,KCg-m_R,,KCg-m,Traced,763,244,4,1,352307064
5813070672,KCg-m_R,,KCg-m,Traced,719,237,21,3,398858277
5813077575,KCg-d_R,,KCg-d,Traced,625,242,3,2,361698810
5813077579,KCa'b'-ap2_R,,KCa'b'-ap2,Traced,619,235,308,127,446715176
5813077582,KCa'b'-ap2_R,,KCa'b'-ap2,Traced,707,254,349,138,431316160
5813077583,KCa'b'-ap2_R,,KCa'b'-ap2,Traced,661,230,337,124,453604666
5813078064,KCa'b'-m_R,,KCa'b'-m,Traced,764,264,333,126,442358082
5813078179,KCa'b'-ap2_R,,KCa'b'-ap2,Traced,628,267,331,129,438465584
5813078323,KCa'b'-ap1_R,,KCa'b'-ap1,Traced,509,224,276,117,472655195
5813078499,KCa'b'-m_R,,KCa'b'-m,Traced,634,218,287,94,373028028
5813078679,KCa'b'-ap1_R,,KCa'b'-ap1,Traced,697,252,364,150,446899629
5813079050,KCg-m_R,,KCg-m,Traced,688,239,5,2,334513328
5813080766,KCg-m_R,,KCg-m,Traced,853,271,3,1,275053843
5813084505,KCa'b'-ap1_R,,KCa'b'-ap1,Traced,463,222,241,140,360084803
5813085240,KCa'b'-ap2_R,,KCa'b'-ap2,Traced,630,232,298,119,444478363
5813087625,,,,Traced,951,208,1,3,126240451
5813090947,PAM06_a(B'2m)_L,,PAM06_a,Traced,841,352,302,140,376448291
5813091021,KCa'b'-ap1_R,,KCa'b'-ap1,Traced,574,258,330,158,416182724
5813091420,PAM05(B'2p)_L,,PAM05,Traced,776,320,256,138,260282398
5813091744,KCab-p_R,,KCab-p,Traced,635,285,12,6,392247819
5813091758,PAM06_a(B'2m)_L,,PAM06_a,Traced,1097,361,340,143,369489017
5813092931,KCab-p_R,,KCab-p,Traced,767,244,24,6,375350336
5813093111,KCa'b'-ap2_R,,KCa'b'-ap2,Traced,607,266,298,140,432015379
5813093171,PAM04_a(B2)_L,,PAM04_a,Traced,1960,329,2,1,324522133
5813095018,KCa'b'-ap2_R,,KCa'b'-ap2,Traced,672,243,323,133,432250715
5813095472,KCa'b'-m_R,,KCa'b'-m,Traced,658,235,291,123,412868274
5813096260,KCa'b'-ap2_R,,KCa'b'-ap2,Traced,561,238,300,135,434717676
5813096699,PAM15_a(y5B'2a)_R,,PAM15_a,Traced,1305,188,194,51,309670626
5813098776,PAM02(B'2a)_R,,PAM02,Traced,1545,215,703,155,340231907
5813104096,KCg-m_R,,KCg-m,Traced,793,251,6,5,248289962
5813105172,DPM_R,,DPM,Traced,77269,17628,13555,3386,15191654896
5813110459,KCa'b'-ap1_R,,KCa'b'-ap1,Traced,606,264,284,149,432471519
5813111042,KCa'b'-ap1_R,,KCa'b'-ap1,Traced,501,225,287,131,388725384
5813112511,KCa'b'-ap1_R,,KCa'b'-ap1,Traced,592,268,349,186,434542432
5813114700,KCab-p_R,,KCab-p,Traced,746,234,16,1,347875742
5813127030,PAM06_a(B'2m)_R,,PAM06_a,Traced,1411,387,578,264,487007634
5901193671,CRE080_R,pMP6b candidates,CRE080,Traced,1561,277,16,1,1200274635
5901200337,,,,Traced,228,89,41,19,90022580
5901205545,PAM05(B'2p)_L,,PAM05,Traced,649,278,187,112,260118145
5901209306,,,,Assign,1,3,1,3,1276499
5901216241,,,,Assign,1,2,1,2,29022
7112625242,,,,Assign,14,11,14,11,4018486
7112625248,,,,Assign,37,9,37,9,5606155