id,instance,notes,type,status,inputs (#post),outputs (#pre),aL(L) #post,aL(L) #pre,#voxels
239395239,,,,Traced,116,42,116,42,25517441
239395292,,,,Traced,332,39,332,39,43056726
239395305,,,,Traced,95,48,95,48,23001468
239395319,,,,Traced,169,9,169,9,9511050
239395350,,,,Traced,115,45,115,45,20090819
239395358,,,,Traced,118,46,118,46,22563778
239399511,,,,Traced,85,29,85,29,16272723
239399518,,,,Traced,41,23,41,23,11386000
239399526,,,,Traced,282,33,278,33,48837076
239399581,,,,Traced,14,10,14,10,9893666
239399602,,,,Traced,91,33,91,33,17013982
239399645,,,,Traced,103,47,103,47,24473734
239399660,,,,Traced,105,37,105,37,21241548
239399691,,,,Traced,65,21,65,21,13109932
239399693,,,,Traced,75,27,75,27,14089802
239399712,,,,Traced,51,30,49,30,18611082
239399716,,,,Traced,51,17,51,17,14797369
239404017,,,,Traced,105,38,105,38,18262715
239731801,,,,Traced,81,32,81,32,18389745
239736057,,,,Traced,110,45,109,44,25090064
239736092,,,,Traced,94,42,94,42,21614573
239736097,,,,Traced,76,23,76,23,17399144
239736118,,,,Traced,119,45,118,44,26547135
239736135,,,,Traced,96,30,96,30,17184699
239736149,,,,Traced,114,38,114,38,17910435
239736157,,,,Traced,88,37,88,37,18540660
239736205,,,,Traced,101,32,101,32,20144159
239736232,,,,Traced,88,28,88,28,12882209
239736319,,,,Traced,87,45,87,45,20522863
239736335,,,,Traced,76,32,76,32,16017629
239736345,,,,Traced,86,27,86,27,17553158
239736356,,,,Traced,103,47,103,47,25231070
239736369,,,,Traced,75,29,75,29,17330572
239736380,,,,Traced,116,49,116,49,26212997
239736384,,,,Traced,56,20,56,20,12963535
239736395,,,,Traced,71,31,71,31,15111247
239736396,,,,Traced,74,31,74,31,18707287
239736409,,,,Traced,68,20,68,20,15215097
239736422,,,,Traced,94,36,94,36,19864944
239736436,,,,Traced,84,27,83,26,19028092
239736458,,,,Traced,86,29,86,29,15144532
239736464,,,,Traced,52,20,52,20,11688587
239736472,,,,Traced,54,27,54,27,12165126
239736480,,,,Traced,222,24,214,24,30900436
239736497,,,,Traced,63,22,63,22,13676603
239740341,,,,Traced,98,36,98,36,18258929
239740349,,,,Traced,88,30,88,30,17652982
239740353,,,,Traced,92,33,92,33,14776765
239740449,,,,Traced,124,44,124,44,34210396
239740454,,,,Traced,123,44,123,44,25227094
239740471,,,,Traced,78,26,78,26,15995006
239740528,,,,Traced,90,28,90,28,12886105
239740544,,,,Traced,104,37,104,37,19359925
239740572,,,,Traced,75,29,75,29,12347123
239740580,,,,Traced,83,36,83,36,14282065
239740586,,,,Traced,86,33,86,33,22810385
239740598,,,,Traced,80,29,80,29,21321077
239740612,,,,Traced,133,41,133,41,31629154
239740625,,,,Traced,100,38,100,38,22789353
239740647,,,,Traced,106,33,106,33,17575000
239740662,,,,Traced,84,29,84,29,12204368
239740694,,,,Traced,2080,395,2076,394,260529914
239740710,,,,Traced,104,40,104,40,21913473
239740741,,,,Traced,84,35,84,35,16953294
239740767,,,,Traced,91,28,91,28,16076567
239740832,,,,Traced,125,48,125,48,21742483
239740848,,,,Traced,86,31,86,31,19240934
239744816,,,,Traced,26,11,26,11,8366602
239744912,,,,Traced,72,30,72,30,21759076
239744948,,,,Traced,70,31,70,31,19677691
239744950,,,,Traced,144,46,142,46,28650838
239744969,,,,Traced,138,53,138,53,33512991
240077104,,,,Traced,103,27,103,27,17361069
240077172,,,,Traced,104,39,104,39,17895155
240081461,,,,Traced,67,23,67,23,14256696
240081473,,,,Traced,89,36,89,36,15306398
240081558,,,,Traced,120,39,120,39,22397654
240081575,,,,Traced,106,51,106,49,26307395
240081613,,,,Traced,135,40,135,40,17494180
240081631,,,,Traced,117,49,117,49,23342621
240081637,,,,Traced,69,25,69,25,14098084
240081652,,,,Traced,86,36,86,36,16352798
240085842,,,,Traced,99,54,99,54,31768534
270089247,,,,Traced,121,57,118,55,30955670
270089295,,,,Traced,20,11,20,11,8193396
270089341,,,,Traced,101,52,96,48,28348240
270093396,,,,Traced,111,48,109,48,26813424
270093398,,,,Traced,100,41,99,41,24064768
270093399,,,,Traced,68,31,68,31,18361183
270093428,,,,Traced,85,28,85,28,14021461
270093467,,,,Traced,104,35,104,35,18897606
270093476,,,,Traced,41,15,41,15,14681052
270093503,,,,Traced,94,26,94,26,13206947
270093514,,,,Traced,110,51,110,51,24180018
270093542,,,,Traced,92,39,92,39,19569551
270093552,,,,Traced,129,45,123,45,26059791
270097686,,,,Traced,1400,35,1390,35,129580473
270097733,,,,Traced,77,29,77,29,15835893
270425687,,,,Traced,99,31,99,31,17431323
270425716,,,,Traced,134,9,134,9,13472172
270425765,,,,Traced,91,28,91,28,16297680
270425785,,,,Traced,110,30,110,30,17124923
270425792,,,,Traced,104,32,104,32,18412939
270425796,,,,Traced,57,27,57,27,12647471
270425818,,,,Traced,104,28,104,28,19906261
270425841,,,,Traced,50,19,50,19,13035600
270429968,,,,Traced,90,37,90,37,16511409
270429982,,,,Traced,89,28,89,28,17624363
270429988,,,,Traced,93,27,93,27,18769867
270430027,,,,Traced,102,35,102,35,16814302
270430039,,,,Traced,78,32,78,32,16885212
270430062,,,,Traced,64,30,64,30,15911690
270430085,,,,Traced,97,37,97,37,19201989
270430134,,,,Traced,69,31,69,31,14273427
270430164,,,,Traced,70,24,70,24,12523683
270430198,,,,Traced,80,28,80,28,16213670
270430240,,,,Traced,95,32,95,32,16590447
270430263,,,,Traced,55,21,55,21,10505097
270430275,,,,Traced,36,17,36,17,9225816
270430276,,,,Traced,101,32,101,32,17577367
270430340,,,,Traced,94,39,94,39,17187961
270430424,,,,Traced,68,23,68,23,15484559
270430448,,,,Traced,78,32,77,32,24355981
270430461,,,,Traced,120,41,120,41,21840614
270430491,,,,Traced,61,31,61,30,15807075
270430529,,,,Traced,64,30,64,30,14031229
270434333,,,,Traced,329,74,329,74,40204323
270434339,,,,Traced,89,36,89,36,18164124
270434364,,,,Traced,92,39,92,39,15704444
270434391,,,,Traced,88,41,88,41,20750480
270434402,,,,Traced,91,33,91,33,17764714
270434420,,,,Traced,35,15,35,15,7232510
270434421,,,,Traced,13,5,13,5,4612335
270434468,,,,Traced,21,8,21,8,7160301
270434473,,,,Traced,121,42,121,42,20476468
270434515,,,,Traced,66,33,66,33,17584821
270434529,,,,Traced,81,31,81,31,15359592
270434532,,,,Traced,95,32,95,32,15425285
270434559,,,,Traced,105,39,100,38,24016310
270434571,,,,Traced,59,27,59,27,14819631
270434573,,,,Traced,128,43,128,43,30733747
270434595,,,,Assign,2,2,2,2,31390
270434621,,,,Traced,79,29,79,29,15824362
270434676,,,,Traced,133,52,133,52,23902791
270434750,,,,Traced,80,31,80,31,13670203
270434850,,,,Traced,80,36,80,36,17399896
270434861,,,,Traced,86,34,86,34,15409299
270434885,,,,Traced,56,24,56,24,11140949
270438687,,,,Traced,102,45,101,45,24710518
270438843,,,,Traced,132,55,132,55,33123199
270438872,,,,Traced,23,11,23,11,4983473
270438881,,,,Traced,108,36,108,36,18824302
270438893,,,,Traced,115,41,113,40,22570997
270438894,,,,Traced,126,47,120,44,30549960
270438900,,,,Traced,138,43,138,43,29476121
270438941,,,,Traced,99,38,99,38,20224622
270438943,,,,Traced,88,36,88,36,26597478
270438954,,,,Traced,105,38,105,38,19721715
270438997,,,,Traced,22,11,22,11,7840947
270438998,,,,Traced,34,21,31,19,13289574
270439003,,,,Traced,33,13,33,13,9775002
270439057,,,,Traced,90,32,90,32,16919796
270439065,,,,Traced,35,14,35,14,9673822
270443227,,,,Traced,106,36,100,33,25899471
270766669,,,,Traced,104,43,104,43,26084706
270766724,,,,Traced,82,35,82,35,13595633
270766751,,,,Traced,66,25,66,25,12965320
270766755,,,,Traced,124,37,124,37,21352582
270766806,,,,Traced,97,30,97,30,13470671
270766845,,,,Traced,92,37,92,37,18410093
270766868,,,,Traced,72,36,72,36,16001753
270766879,,,,Traced,75,32,75,32,14767248
270766900,,,,Traced,98,42,98,42,17214081
270766951,,,,Traced,97,34,97,34,17498157
270766981,,,,Traced,99,33,99,33,17749615
270766996,,,,Traced,78,30,78,30,13637165
270767015,,,,Traced,92,34,92,34,14210668
270767049,,,,Traced,108,40,108,40,20516768
270767062,,,,Traced,86,35,86,35,21827076
270767074,,,,Traced,95,36,95,36,16660250
270771033,,,,Traced,57,26,57,26,14691829
270771046,,,,Traced,68,26,68,26,14827489
270771053,,,,Traced,81,35,81,35,17314746
270771117,,,,Traced,97,37,97,37,19408588
270771124,,,,Traced,81,32,81,32,15631191
270771132,,,,Traced,62,30,62,30,14950069
270771216,,,,Traced,79,30,79,30,14027626
270771225,,,,Traced,84,33,84,33,18023520
270771371,,,,Traced,119,47,119,47,27237793
270771414,,,,Traced,110,35,110,35,16857299
270771429,,,,Traced,99,36,99,36,17816167
270771445,,,,Traced,95,34,95,34,16550233
270771450,,,,Traced,116,46,116,46,22786870
270771478,,,,Traced,250,58,250,58,32412121
270771484,,,,Traced,95,40,95,40,21261444
270771516,,,,Traced,109,29,109,29,18429780
270771558,,,,Traced,87,39,87,39,17685619
270771575,,,,Traced,82,33,82,33,15110820
270771587,,,,Traced,115,34,115,34,14724251
270771612,,,,Traced,76,35,76,35,13937868
270775449,,,,Traced,96,24,96,24,16664707
270775451,,,,Traced,120,46,120,46,29481627
270775475,,,,Traced,112,35,112,35,18557199
270775554,,,,Traced,124,44,124,44,20704000
270775559,,,,Traced,103,34,103,34,19152223
270775603,,,,Traced,97,35,97,35,22416607
270775629,,,,Traced,97,42,97,42,17681863
270775665,,,,Traced,111,36,111,36,20694149
270775735,,,,Traced,90,27,90,27,14077685
270775739,,,,Traced,395,42,390,42,53870256
270775768,,,,Traced,106,40,106,40,20776416
270775775,,,,Assign,1,2,1,2,35395
270775812,,,,Assign,2,2,2,2,76651
270775818,,,,Traced,112,38,112,38,21187444
270775841,,,,Traced,112,40,112,40,24239452
270775868,,,,Traced,96,33,96,33,15230248
270775932,,,,Traced,104,31,104,31,16935318
270779663,,,,Traced,32,12,32,12,7222850
270779684,,,,Traced,38,17,38,17,9483161
270779765,,,,Traced,156,55,156,55,32991810
270779769,,,,Traced,142,45,140,45,25812400
270779779,,,,Traced,93,41,90,40,23061441
270779781,,,,Traced,100,48,92,46,23682372
270779852,,,,Traced,103,44,103,44,25867741
270779898,,,,Traced,155,54,154,52,29785767
270779899,,,,Traced,90,38,90,38,16714121
270779942,,,,Traced,122,40,120,39,28768375
270780066,,,,Traced,97,35,97,35,17738784
270780085,,,,Traced,84,30,84,30,14938726
270780098,,,,Traced,88,39,88,39,16268779
270780149,,,,Traced,104,40,104,40,20103506
270780214,,,,Traced,111,43,111,42,23826153
270780244,,,,Traced,60,25,60,25,18118411
270784208,,,,Traced,79,37,79,37,17698354
270784257,,,,Traced,92,34,92,34,21512215
270784309,,,,Traced,36,7,36,7,8477920
270784334,,,,Traced,121,41,121,41,23554098
270784336,,,,Traced,34,13,34,13,11331529
271107653,,,,Traced,104,35,104,35,18748165
271107672,,,,Traced,77,24,77,24,13494751
271107692,,,,Traced,131,51,131,51,28396391
271107735,,,,Traced,123,46,123,46,26262457
271107747,,,,Traced,154,49,154,49,32377609
271107776,,,,Traced,149,52,149,52,27476854
271107837,,,,Traced,118,53,118,53,32969330
271107855,,,,Traced,133,54,133,54,29202755
271107865,,,,Traced,3,4,3,4,2186376
271107886,,,,Traced,100,46,99,46,23770115
271112043,,,,Traced,126,48,126,48,20354452
271112051,,,,Traced,98,42,98,42,17524596
271112089,,,,Traced,35,15,35,15,8799536
271112094,,,,Traced,81,28,81,28,12341976
271112151,,,,Traced,66,31,66,31,14699302
271112189,,,,Traced,116,39,116,39,23184780
271112232,,,,Traced,78,28,78,28,13549572
271112265,,,,Traced,102,42,102,42,19233618
271112325,,,,Traced,80,26,80,26,13310446
271112369,,,,Traced,73,29,73,29,13051710
271112374,,,,Traced,104,35,104,35,18014810
271112435,,,,Traced,112,45,112,45,18732360
271112500,,,,Traced,83,26,83,26,13200750
271112501,,,,Traced,118,33,118,33,18027814
271112524,,,,Traced,67,26,67,26,10927774
271112542,,,,Traced,72,25,72,25,14974469
271112560,,,,Traced,898,78,898,78,90685972
271112586,,,,Traced,124,50,124,50,22412424
271112600,,,,Traced,111,43,111,43,23885616
271112606,,,,Traced,90,34,90,34,16442167
271116360,,,,Traced,69,25,69,25,14662284
271116386,,,,Traced,92,42,92,42,17569990
271116396,,,,Assign,5,2,5,2,1474675
271116402,,,,Traced,59,32,59,32,13469658
271116512,,,,Traced,92,34,92,34,17309521
271116706,,,,Traced,101,35,101,35,18762965
271116729,,,,Traced,124,42,124,42,27438882
271116733,,,,Traced,89,32,89,32,20701821
271116797,,,,Assign,1,2,1,2,33888
271116863,,,,Traced,98,39,98,39,16226780
271116902,,,,Traced,139,49,139,49,25298837
271116908,,,,Traced,128,42,128,42,22071363
271116909,,,,Traced,111,39,111,39,21337108
271116913,,,,Traced,73,26,73,26,12729072
271120662,,,,Traced,9,3,9,3,2865362
271120686,,,,Traced,359,86,359,86,49955343
271120786,,,,Traced,88,26,88,26,16326551
271120805,,,,Traced,129,44,129,44,25114811
271120830,,,,Traced,17,8,17,8,6287736
271120831,,,,Traced,94,32,94,32,16399473
271120996,,,,Traced,70,33,70,33,17437369
271120997,,,,Traced,115,48,115,48,24498195
271120998,,,,Assign,3,2,3,2,17422
271121045,,,,Traced,99,30,99,30,18727094
271121072,,,,Traced,22,9,22,9,3881609
271121100,,,,Traced,107,34,107,34,19052071
271121113,,,,Traced,78,26,78,26,16673625
271125209,,,,Traced,88,38,88,38,25464947
271452988,,,,Traced,116,39,114,39,23182533
271453070,,,,Traced,95,38,95,38,19959243
271457393,,,,Traced,109,44,108,42,28447754
271457449,,,,Traced,100,45,100,45,25408392
271457509,,,,Traced,108,31,108,31,19318835
271461793,,,,Traced,29,14,29,14,7700398
271461799,,,,Traced,110,42,110,42,21895941
271461873,,,,Assign,6,2,6,2,1253141
298405402,FB6T_L,SIPSMPFB6_7,FB6T,Traced,480,184,48,4,363877608
301119668,,,,Traced,38,15,34,13,12076415
301119698,,,,Traced,21,11,20,10,9582875
301119708,,,,Traced,56,18,55,18,17203558
301119757,,,,Traced,29,12,27,12,7742874
301123783,,,,Traced,84,25,84,25,16290010
301123869,,,,Traced,79,36,79,36,21653795
301123871,,,,Traced,28,11,28,11,7000467
301123883,,,,Traced,71,29,68,29,16829829
301123893,,,,Traced,129,46,122,44,32165042
301123910,,,,Traced,114,53,111,50,32896138
301123996,,,,Traced,66,18,66,18,13808124
301124032,,,,Traced,133,44,133,44,28076092
301124048,,,,Traced,86,49,85,46,24831006
301124054,,,,Traced,13,4,13,4,3094838
301124062,,,,Traced,109,47,101,44,29358986
301124076,,,,Traced,123,44,123,44,28032298
301124096,,,,Traced,73,40,71,40,24547361
301124114,,,,Traced,131,47,131,47,23741564
301124144,,,,Traced,132,50,132,50,24948453
301124156,,,,Traced,113,37,113,37,23915026
301124184,,,,Traced,24,13,24,13,6197972
301124215,,,,Assign,1,2,1,2,19435
301124233,,,,Traced,69,27,69,27,15957888
301124284,,,,Traced,80,30,80,30,19350080
301128233,,,,Traced,94,35,93,35,21497757
301128261,,,,Traced,143,58,142,57,33298389
301128268,,,,Traced,113,33,113,33,18585023
301128283,,,,Traced,120,47,120,47,24626990
301128321,,,,Traced,109,39,109,39,19407856
301128335,,,,Traced,18,9,18,9,5740740
301128353,,,,Traced,105,39,99,38,28237965
301128366,,,,Traced,152,56,147,54,36041113
301128376,,,,Traced,99,36,99,36,21530355
301128436,,,,Traced,20,8,20,8,3987994
301128462,,,,Traced,48,24,47,24,14849465
301128468,,,,Traced,30,7,30,7,5070295
301128476,,,,Traced,74,36,74,36,17858828
301128494,,,,Traced,110,40,110,40,25060817
301128548,,,,Traced,53,27,53,27,15257857
301128613,,,,Traced,47,15,45,15,11732476
301132466,,,,Traced,102,32,102,31,28311591
301132499,,,,Traced,59,17,59,17,10096416
301132559,,,,Traced,39,9,39,9,5767948
301132658,,,,Traced,23,14,23,14,6146892
301132797,,,,Traced,113,41,110,39,30384418
301132821,,,,Traced,28,18,28,18,7599291
301132839,,,,Traced,18,9,18,9,4545788
301132889,,,,Traced,110,51,108,50,28966497
301132894,,,,Traced,20,9,20,9,6447123
301132901,,,,Traced,112,35,107,34,25005691
301460548,,,,Traced,114,47,107,42,26826251
301460627,,,,Traced,14,14,14,14,10713720
301460639,,,,Traced,104,34,101,34,25124927
301460685,,,,Traced,10,5,10,5,3143475
301460732,,,,Traced,115,42,115,42,22678851
301460841,,,,Traced,34,14,34,14,6652852
301460855,,,,Traced,133,52,127,50,35654156
301460871,,,,Traced,66,32,66,32,16012088
301460882,,,,Traced,73,23,73,23,17679537
301460916,,,,Traced,15,3,15,3,2830163
301460925,,,,Traced,94,38,93,38,20144908
301460964,,,,Traced,134,66,134,66,45169425
301464859,,,,Traced,113,39,113,39,16905392
301464941,,,,Traced,91,34,91,34,14616857
301464960,,,,Traced,73,29,73,29,13412291
301465023,,,,Traced,102,34,102,34,16129858
301465132,,,,Traced,111,50,111,50,22782917
301465191,,,,Orphan,5,3,5,3,1223665
301465293,,,,Traced,135,54,135,54,34142863
301465337,,,,Traced,120,40,120,40,18896769
301465353,,,,Traced,106,42,106,42,28440020
301465388,,,,Traced,112,41,112,41,25607375
301465428,,,,Traced,89,27,86,25,17920943
301465450,,,,Traced,147,46,147,46,33593777
301465476,,,,Traced,27,15,27,15,6493002
301465532,,,,Traced,129,42,129,42,28136844
301469210,,,,Traced,95,32,95,32,19781086
301469218,,,,Traced,75,27,75,27,14988528
301469240,,,,Traced,89,37,89,37,14348214
301469303,,,,Traced,108,40,108,40,18587676
301469316,,,,Traced,117,41,117,41,26652678
301469553,,,,Traced,112,38,110,38,25348774
301469556,,,,Traced,99,39,99,39,17498015
301469666,,,,Traced,136,42,136,40,28259033
301473561,,,,Traced,98,31,98,31,17623188
301473589,,,,Traced,255,32,254,32,42813972
301473599,,,,Orphan,14,1,14,1,268525
301473684,,,,Traced,96,47,95,47,22622869
301473691,,,,Traced,87,34,87,34,16706214
301473741,,,,Assign,5,2,5,2,1446331
301473846,,,,Traced,13,6,13,6,4269514
301473890,,,,Traced,111,33,111,33,20380662
301473922,,,,Traced,88,33,87,33,20147955
301473948,,,,Traced,134,16,131,16,27709506
301474033,,,,Traced,89,36,89,36,19609339
301474074,,,,Traced,107,41,107,41,21281564
301474105,,,,Traced,6,4,6,4,1777969
301474144,,,,Traced,138,56,137,56,33266008
301474157,,,,Traced,86,39,86,39,20381634
301477825,,,,Traced,7,3,7,3,3447901
301477846,,,,Traced,29,18,29,18,9602551
301477895,,,,Traced,17,5,17,5,2822816
301477931,,,,Traced,4,4,4,4,3522927
301478005,,,,Traced,79,36,72,33,22357419
301478078,,,,Traced,44,14,44,14,6765347
301478095,,,,Traced,87,44,87,44,23203401
301478121,,,,Traced,5,2,5,2,1730044
301478167,,,,Traced,135,16,106,15,20777597
301801715,,,,Traced,78,34,78,34,18454208
301801855,,,,Traced,81,28,81,28,15552844
301801912,,,,Traced,101,43,101,43,27571043
301801937,,,,Traced,132,32,132,32,24882611
301801949,,,,Traced,126,55,126,54,31685217
301801975,,,,Traced,79,26,79,26,12585666
301801984,,,,Traced,133,56,133,56,36050929
301801989,,,,Traced,91,44,91,44,19857237
301802024,,,,Traced,108,40,108,40,23115154
301802035,,,,Traced,100,41,100,41,20404539
301802039,,,,Traced,107,35,107,35,14417950
301802041,,,,Traced,114,35,114,35,21159615
301802106,,,,Traced,121,48,121,48,21929253
301802125,,,,Traced,96,41,96,40,22986297
301802144,,,,Traced,98,42,98,42,18873760
301806039,,,,Traced,121,47,121,47,27502861
301806060,,,,Traced,57,28,57,28,13706534
301806063,,,,Traced,90,31,90,31,17221513
301806071,,,,Traced,84,32,84,32,19030835
301806073,,,,Traced,130,41,130,41,18678632
301806134,,,,Traced,95,29,95,29,16705232
301806150,,,,Traced,85,40,85,40,16387949
301806199,,,,Traced,128,51,126,49,31256942
301806205,,,,Traced,118,45,118,45,25590904
301806241,,,,Traced,97,36,97,36,19775738
301806253,,,,Traced,124,49,124,48,23719580
301806284,,,,Traced,107,44,107,44,22744819
301810243,,,,Traced,112,41,112,41,17832921
301810304,,,,Traced,73,30,73,30,14647742
301810341,,,,Traced,117,43,117,43,21452712
301810397,,,,Traced,102,31,102,31,16053297
301810444,,,,Traced,112,39,112,39,20917883
301810463,,,,Traced,60,25,60,25,11887914
301810494,,,,Traced,95,41,95,41,16401948
301810524,,,,Traced,88,33,88,33,12287786
301810536,,,,Traced,115,44,115,44,22070641
301810547,,,,Traced,58,26,58,26,12414896
301810548,,,,Traced,158,50,158,50,28753271
301810590,,,,Traced,96,35,96,35,20075992
301810598,,,,Traced,83,30,83,30,13319809
301810617,,,,Traced,132,45,132,45,29595482
301810635,,,,Traced,80,32,80,32,17113782
301810656,,,,Traced,93,33,93,33,15334719
301810666,,,,Traced,92,35,92,35,16647017
301810687,,,,Traced,91,37,91,37,18107976
301810707,,,,Traced,122,34,122,34,19840416
301810708,,,,Traced,118,45,118,45,22069070
301814717,,,,Traced,91,30,91,30,15246760
301814757,,,,Traced,84,28,84,28,16957355
301814842,,,,Traced,126,46,126,46,28936672
301814867,,,,Traced,141,51,140,51,26126046
301814923,,,,Traced,113,49,113,49,26262299
301814933,,,,Traced,113,42,113,42,18562970
301814985,,,,Traced,107,39,107,39,20929607
301815015,,,,Traced,82,34,82,34,15465069
301815162,,,,Traced,93,34,93,34,16058652
301818911,,,,Traced,101,37,101,37,20456976
301818978,,,,Traced,91,42,90,41,22019118
301819035,,,,Traced,118,55,117,54,30512025
301819113,,,,Traced,127,42,127,42,29727213
301819141,,,,Traced,85,34,81,32,20211367
301819191,,,,Traced,76,32,76,32,16014437
301819219,,,,Traced,136,54,136,54,28937676
302142649,,,,Traced,11,10,11,10,4444108
302142684,,,,Traced,11,4,11,4,3521093
302142756,,,,Traced,81,31,81,31,13262249
302142821,,,,Traced,86,35,86,35,18266821
302142880,,,,Traced,56,24,56,24,11768186
302142894,,,,Traced,29,14,29,14,7326161
302142908,,,,Traced,106,37,106,37,22360935
302142914,,,,Assign,2,2,2,2,31518
302142920,,,,Traced,123,51,123,51,22793362
302142986,,,,Traced,92,43,92,43,22930326
302143018,,,,Traced,82,31,82,31,15019926
302143035,,,,Traced,103,45,103,45,20748681
302143061,,,,Traced,118,45,118,45,25730523
302143100,,,,Traced,80,32,80,32,15944351
302143180,,,,Traced,85,38,85,38,17920800
302143182,,,,Traced,103,42,103,42,19340642
302146976,,,,Traced,61,30,61,30,13044301
302147007,,,,Traced,87,32,87,32,15803520
302147202,,,,Traced,93,36,93,36,15863013
302147218,,,,Traced,126,43,126,43,24469729
302147235,,,,Traced,88,36,88,36,16527183
302147248,,,,Traced,76,22,76,22,11210286
302147280,,,,Traced,70,33,70,33,12608856
302147306,,,,Traced,27,11,27,11,4368926
302147373,,,,Traced,101,40,101,40,21556219
302147402,,,,Traced,95,36,95,36,18126944
302147421,,,,Traced,86,31,86,31,16499068
302147424,,,,Traced,123,42,123,42,20858674
302147449,,,,Traced,489,39,489,39,50978105
302151263,,,,Traced,103,33,103,33,15676538
302151343,,,,Traced,94,34,94,34,15051254
302151403,,,,Traced,76,31,76,31,15373111
302151412,,,,Traced,113,38,113,38,20502929
302151418,,,,Traced,86,28,86,28,14561646
302151468,,,,Traced,109,42,109,42,22387344
302151474,,,,Traced,99,40,99,40,18118601
302151510,,,,Traced,86,29,86,29,16021256
302151540,,,,Traced,122,37,122,37,18908697
302151604,,,,Traced,141,41,141,41,24038180
302151653,,,,Traced,121,51,121,50,21583467
302151662,,,,Traced,99,36,99,36,17390521
302151692,,,,Traced,87,34,87,34,20331735
302151745,,,,Traced,103,40,103,40,21413430
302155803,,,,Traced,75,35,75,35,17464647
302155804,,,,Traced,87,34,87,34,20105025
302155884,,,,Traced,96,36,96,36,29709959
302155901,,,,Traced,68,33,62,31,21717327
302155919,,,,Traced,94,37,94,37,21417943
302155948,,,,Traced,87,41,87,41,17915893
302155955,,,,Traced,112,44,112,44,19601239
302156046,,,,Traced,125,39,125,39,23171812
302156095,,,,Traced,121,46,121,46,20524995
302156101,,,,Traced,66,28,66,28,13129212
302156105,,,,Traced,102,44,102,44,20310056
302160066,,,,Traced,5,2,5,2,1790078
302160103,,,,Traced,116,55,107,53,27928281
302160144,,,,Traced,107,45,104,45,29186368
302160206,,,,Traced,9,7,9,7,6366544
302160213,,,,Traced,66,24,66,24,17714072
302160233,,,,Traced,90,45,88,45,21379810
302160249,,,,Traced,100,36,100,36,22454655
302160252,,,,Traced,70,3,70,3,2328911
302483642,,,,Traced,84,38,82,36,28648607
302483706,,,,Traced,71,24,71,24,12688314
302483735,,,,Traced,103,38,103,38,21733481
302483748,,,,Orphan,10,6,10,6,1631519
302483851,,,,Traced,82,30,82,30,16959044
302483853,,,,Traced,87,41,87,41,14276000
302483885,,,,Traced,117,45,115,44,26141619
302483905,,,,Traced,69,27,69,27,12688533
302483956,,,,Traced,72,26,72,26,15513606
302488218,,,,Traced,100,47,100,47,23522225
302488290,,,,Traced,123,45,123,45,22190143
302488387,,,,Traced,91,35,91,35,20172418
302488425,,,,Traced,90,29,90,29,15433263
302488550,,,,Traced,108,46,108,46,20480605
302488557,,,,Traced,72,31,72,31,14017604
302492422,,,,Traced,99,35,99,35,15721010
302492506,,,,Traced,86,31,86,31,16778742
302492618,,,,Traced,87,36,86,36,18880574
302492655,,,,Traced,82,37,82,37,20399885
302492754,,,,Traced,816,27,816,27,46806562
302492795,,,,Traced,72,28,72,28,12803124
302492799,,,,Traced,94,33,94,33,16034400
302492805,,,,Traced,112,7,112,7,9569078
302492833,,,,Traced,133,49,133,49,23658378
302492864,,,,Traced,78,24,78,24,13545145
302492902,,,,Traced,104,44,104,44,23565534
302496748,,,,Traced,128,60,124,56,33682996
302496857,,,,Traced,108,44,108,44,22517173
302496859,,,,Traced,102,39,102,39,21055164
302496895,,,,Traced,132,52,132,52,24455440
302496922,,,,Traced,50,19,50,19,9892433
302496970,,,,Traced,96,34,96,34,18577976
302497002,,,,Traced,115,45,115,45,21618123
302497015,,,,Traced,94,29,94,29,16350636
302828994,,,,Traced,85,28,85,28,17814389
302828996,,,,Traced,416,101,416,101,50306198
302829024,,,,Traced,83,42,81,41,22743796
302833374,,,,Traced,104,48,104,48,21426908
331662710,PPL106(a3)_R,,PPL106,Traced,9962,1814,2375,468,2855596370
331817886,,,,Traced,17,8,17,8,5661856
331822495,,,,Traced,34,14,34,14,10661336
331822827,,,,Traced,16,12,16,12,7125263
331827708,,,,Traced,83,38,71,33,27312126
332154477,,,,Traced,77,8,77,8,12957949
332154528,,,,Traced,178,37,178,37,20203120
332154578,,,,Traced,27,14,27,14,8953635
332154579,,,,Traced,41,16,41,16,13683881
332154613,,,,Traced,7,5,7,5,2544913
332154624,,,,Traced,39,16,38,16,8947238
332154668,,,,Traced,68,30,65,29,26512199
332154671,,,,Traced,55,23,55,23,9978559
332154712,,,,Traced,109,52,108,52,24832843
332154727,,,,Traced,26,9,26,9,5754810
332154781,,,,Traced,14,5,14,5,3231616
332158948,,,,Traced,21,10,21,10,4751696
332158971,,,,Traced,37,10,37,10,7730719
332158978,,,,Traced,18,7,18,7,5079998
332158996,,,,Traced,67,26,62,25,13538997
332159070,,,,Traced,104,29,104,29,22557677
332159082,,,,Traced,50,18,50,18,10217659
332159271,,,,Traced,87,36,82,32,29295747
332159279,,,,Traced,49,24,45,23,11044077
332159315,,,,Traced,25,11,20,10,6582187
332159385,,,,Traced,57,18,56,18,10417825
332159392,,,,Traced,14,5,14,5,2507741
332163048,,,,Traced,30,8,30,8,4417799
332163066,,,,Traced,14,7,14,7,4064148
332163203,,,,Traced,17,8,17,8,4759129
332163378,,,,Traced,63,18,63,18,13959726
332163457,,,,Traced,70,35,70,35,22981819
332163494,,,,Traced,112,47,108,46,26748916
332163505,,,,Traced,15,7,15,7,5491464
332163509,,,,Traced,22,10,22,10,5087498
332163640,,,,Traced,23,11,23,11,4939299
332163649,,,,Traced,288,46,270,42,31936349
332163675,,,,Traced,50,18,40,16,15771248
332163734,,,,Traced,22,10,22,10,6373239
332163781,,,,Traced,39,15,39,15,11387790
332167408,,,,Traced,18,5,18,5,3195344
332167528,,,,Traced,38,11,38,11,7507752
332167717,,,,Traced,109,40,109,40,24729093
332167759,,,,Traced,7,5,7,5,3575462
332167766,,,,Traced,108,38,108,38,21950189
332167874,,,,Traced,10,5,10,5,3658545
332167895,,,,Traced,15,4,15,4,3347117
332167921,,,,Traced,25,15,19,11,9255339
332167978,,,,Traced,74,25,68,23,16630810
332168042,,,,Traced,51,21,44,18,15751241
332495466,,,,Traced,92,42,90,40,23508391
332495467,,,,Traced,56,2,56,2,1845574
332495581,,,,Traced,82,38,82,38,23624725
332495601,,,,Traced,111,49,111,49,29683436
332495643,,,,Traced,60,26,60,26,13408648
332495759,,,,Traced,117,36,117,36,19899841
332495786,,,,Traced,111,46,111,46,23839766
332495811,,,,Traced,121,46,119,45,25057570
332495889,,,,Traced,133,50,133,50,30266698
332495967,,,,Traced,109,37,109,37,19154308
332496001,,,,Traced,72,32,72,32,17947160
332496023,,,,Traced,87,37,87,37,17445604
332499981,,,,Traced,109,37,109,37,23917976
332500016,,,,Traced,76,31,76,31,13746871
332500052,,,,Traced,111,45,111,45,21446143
332500073,,,,Traced,73,41,73,41,17230684
332500075,,,,Traced,86,35,86,35,19544746
332500099,,,,Traced,113,34,113,34,19569814
332500102,,,,Traced,19,7,19,7,3374227
332500163,,,,Traced,113,43,113,43,24149092
332500232,,,,Traced,94,44,94,44,20835811
332500236,,,,Traced,81,37,81,37,19630183
332500250,,,,Traced,94,32,46,17,29813356
332500259,,,,Traced,117,44,117,44,29323447
332500331,,,,Traced,84,35,84,35,17558505
332504201,,,,Traced,113,41,113,41,25148670
332504373,,,,Traced,118,47,118,47,24229613
332504405,,,,Traced,59,21,59,21,15226930
332504415,,,,Traced,136,59,136,59,31390126
332504483,,,,Traced,50,24,50,24,14673657
332504511,,,,Traced,130,47,126,46,25898578
332504691,,,,Traced,79,36,79,36,27039639
332504694,,,,Traced,118,44,118,44,22827004
332504706,,,,Traced,111,43,110,42,23129912
332508536,,,,Traced,118,52,118,52,24273128
332508628,,,,Traced,122,40,122,40,25886515
332508860,,,,Traced,15,8,15,8,2916062
332508862,,,,Traced,93,35,92,35,23749562
332508903,,,,Traced,108,46,108,46,24949992
332512846,,,,Traced,24,5,24,5,3716125
332512904,,,,Traced,12,6,12,6,3396630
332512918,,,,Traced,8,5,8,5,2811386
332512955,,,,Traced,10,2,10,2,747032
332513084,,,,Traced,12,4,12,4,1777681
332513109,,,,Traced,24,10,24,10,5186131
332513116,,,,Traced,8,3,8,3,1408474
332513120,,,,Traced,3,2,3,2,1515345
332513140,,,,Traced,73,28,68,25,18475608
332513142,,,,Traced,113,45,111,45,22038134
332513197,,,,Traced,14,2,14,2,1949275
332836566,,,,Traced,85,34,85,34,16603979
332836599,,,,Traced,78,27,78,27,19894952
332836678,,,,Traced,85,31,85,31,20539947
332836695,,,,Traced,88,37,88,37,15383704
332836823,,,,Traced,104,42,104,42,20507019
332836851,,,,Traced,108,43,108,43,20025104
332836866,,,,Traced,88,30,88,30,19428209
332836868,,,,Traced,47,15,47,15,9926983
332836964,,,,Traced,102,35,102,35,20511651
332837083,,,,Traced,20,7,20,7,4536730
332837085,,,,Traced,58,22,58,22,13024531
332840835,,,,Assign,10,1,10,1,68037
332840913,,,,Traced,95,38,95,38,19495949
332841001,,,,Traced,138,51,138,51,25722537
332841031,,,,Traced,93,43,93,43,20112807
332841253,,,,Traced,116,43,116,43,21594786
332841262,,,,Traced,86,29,86,29,16886356
332841280,,,,Traced,109,30,109,30,16736760
332841281,,,,Traced,97,42,97,42,20467338
332845236,,,,Traced,73,27,73,27,17822661
332845389,,,,Traced,75,26,75,26,14207619
332845400,,,,Traced,110,34,110,34,20330973
332845415,,,,Traced,128,42,128,42,19599538
332845427,,,,Traced,126,55,126,55,24694244
332845433,,,,Traced,145,8,145,8,11811793
332845456,,,,Traced,108,38,108,38,18080492
332845522,,,,Traced,62,33,62,33,15365266
332845555,,,,Traced,96,38,96,38,19838435
332845611,,,,Traced,136,50,136,50,25522974
332845613,,,,Traced,108,53,108,53,24891191
332845641,,,,Traced,110,52,110,52,22303411
332845644,,,,Traced,117,37,117,37,22403875
332849611,,,,Traced,115,38,115,38,23716949
332849764,,,,Traced,150,46,150,46,29911465
332849911,,,,Traced,88,32,88,32,22028191
332849987,,,,Traced,115,47,113,46,23142329
332850028,,,,Traced,67,21,67,21,12206139
332850047,,,,Traced,130,55,130,55,34542348
332853759,,,,Traced,110,43,110,43,23194032
332853889,,,,Traced,75,32,75,32,19915919
332853941,,,,Traced,82,26,77,25,18320411
332853961,,,,Traced,40,9,40,9,6168879
332854119,,,,Traced,19,7,19,7,3227613
332854145,,,,Traced,9,5,9,5,3295860
333177533,,,,Traced,101,38,101,38,20232581
333177618,,,,Traced,101,41,101,41,17336473
333177692,,,,Traced,36,10,36,10,5445913
333177714,,,,Traced,108,53,108,53,25258300
333177762,,,,Traced,93,36,93,36,16002027
333177764,,,,Traced,110,37,110,37,21963045
333177781,,,,Traced,24,7,24,7,2880279
333177814,,,,Traced,58,26,58,26,12898659
333177876,,,,Traced,88,30,88,30,22239695
333177877,,,,Traced,107,40,107,40,19948741
333177898,,,,Traced,73,22,73,21,14498738
333177941,,,,Traced,94,40,94,40,15556097
333177949,,,,Traced,81,36,81,36,18646695
333177968,,,,Traced,109,38,99,34,26484864
333178000,,,,Traced,107,43,107,43,23476510
333181958,,,,Traced,64,20,64,20,14120292
333181987,,,,Traced,55,21,55,21,9585403
333182085,,,,Traced,91,33,91,33,14422852
333182147,,,,Traced,165,11,165,11,14423638
333182169,,,,Traced,60,20,60,20,12355131
333182215,,,,Traced,100,33,100,33,19013980
333182267,,,,Traced,109,35,109,35,21416552
333182333,,,,Traced,89,35,89,35,14605576
333182362,,,,Traced,121,46,121,46,21088382
333186474,,,,Traced,122,45,122,45,24210006
333186498,,,,Traced,78,24,78,24,12807192
333186536,,,,Assign,11,1,11,1,69074
333186545,,,,Traced,107,41,107,41,19794014
333186576,,,,Traced,122,35,122,35,21136306
333186617,,,,Traced,117,41,117,41,16326923
333186641,,,,Traced,91,39,91,39,18531794
333186679,,,,Traced,74,33,74,33,12479938
333186696,,,,Traced,88,44,88,44,17529970
333186721,,,,Traced,96,29,96,29,15304636
333190582,,,,Traced,89,40,89,40,21038779
333190625,,,,Traced,133,53,133,53,29482287
333190665,,,,Traced,98,36,98,36,20126318
333190780,,,,Traced,104,28,104,28,15971515
333190793,,,,Traced,80,30,80,30,12710284
333190820,,,,Traced,109,50,109,50,21646258
333190823,,,,Traced,125,29,125,29,12852430
333190877,,,,Traced,117,37,117,37,18167036
333190915,,,,Traced,119,48,119,48,24629664
333190916,,,,Traced,85,37,85,37,23396475
333190927,,,,Traced,63,26,63,26,12697324
333190974,,,,Traced,95,36,95,36,16998474
333190978,,,,Traced,157,37,157,37,15822230
333190988,,,,Traced,125,57,125,57,26575233
333191042,,,,Traced,77,29,77,29,13175593
333191049,,,,Traced,125,46,125,46,35772281
333191053,,,,Traced,100,34,100,34,18977240
333194957,,,,Traced,101,38,101,38,23720801
333195051,,,,Traced,118,36,117,36,31148599
333195094,,,,Traced,4,2,4,2,1879274
333195190,,,,Traced,123,40,123,40,23453530
333518707,,,,Traced,7,2,7,2,2198523
333518718,,,,Assign,1,2,1,2,25259
333518767,,,,Traced,7,3,7,3,1343711
333518787,,,,Traced,104,36,104,36,18006206
333518855,,,,Traced,106,35,106,35,20915389
333518876,,,,Traced,85,32,85,32,14447353
333518883,,,,Traced,48,20,48,20,16936086
333518911,,,,Traced,591,14,591,14,33867316
333518967,,,,Traced,21,8,21,8,6072383
333519033,,,,Assign,11,1,11,1,65713
333519054,,,,Traced,107,44,107,44,23792576
333522918,,,,Traced,110,37,110,37,17970187
333523066,,,,Traced,90,35,90,35,16486760
333523109,,,,Traced,67,20,67,20,11631877
333523144,,,,Traced,121,40,121,40,20728499
333523194,,,,Assign,1,2,1,2,14675
333523256,,,,Traced,85,29,85,29,14857883
333523322,,,,Traced,99,39,99,39,19676578
333523431,,,,Traced,78,26,78,26,11775793
333523535,,,,Traced,699,111,697,110,84325708
333527428,,,,Traced,78,35,78,35,14656506
333527686,,,,Traced,78,36,78,36,11674646
333527699,,,,Traced,87,39,87,39,21288234
333527717,,,,Traced,233,19,233,19,20962866
333527755,,,,Traced,81,37,81,37,15625124
333527774,,,,Traced,92,27,92,27,16135100
333531569,,,,Traced,20,7,20,7,2777036
333531668,,,,Traced,123,41,123,41,20605785
333535913,,,,Traced,108,38,107,38,30412722
333535997,,,,Traced,94,30,92,30,17553459
333536007,,,,Traced,104,43,102,43,23961273
333536095,,,,Traced,9,6,9,6,3290771
333536096,,,,Traced,13,7,13,7,3442641
333536118,,,,Traced,14,6,14,6,6787780
333536146,,,,Traced,11,6,11,6,3945004
333536218,,,,Traced,28,15,28,15,10075458
333536308,,,,Traced,12,7,12,7,3872958
333536377,,,,Traced,51,22,47,21,14454944
333536385,,,,Traced,20,8,20,8,5256745
333859828,,,,Traced,94,28,94,28,20256343
333864117,,,,Traced,80,36,80,36,15124515
333864224,,,,Traced,100,40,100,40,22864099
333864230,,,,Traced,156,61,155,60,34624011
333864249,,,,Traced,54,22,54,22,10179754
333868337,,,,Traced,69,25,67,24,18185247
333868412,,,,Assign,2,2,2,2,1165974
333868569,,,,Traced,98,32,98,32,13074036
333868607,,,,Traced,95,38,95,38,20120286
333868652,,,,Traced,116,28,116,28,18703518
333872730,,,,Traced,9,5,9,5,2727061
333872906,,,,Traced,19,9,19,9,4199392
333876945,,,,Traced,15,8,15,8,6489412
333876978,,,,Traced,19,12,19,12,6342908
362853300,,,,Traced,58,27,50,24,15756649
362857131,,,,Traced,41,18,34,15,13846294
362857171,,,,Traced,41,22,41,22,11084794
362857197,,,,Traced,35,16,31,15,9523134
362857302,,,,Traced,49,21,45,20,18307258
362857347,,,,Traced,22,11,18,8,7433688
362857375,,,,Traced,18,8,17,8,7822237
362857380,,,,Traced,73,33,65,29,20196932
362857487,,,,Traced,28,17,25,15,12034702
362857508,,,,Traced,26,10,24,9,10798508
362857567,,,,Traced,47,16,43,14,12127692
362857733,,,,Traced,32,10,28,9,9282469
362857766,,,,Traced,40,16,36,16,9075895
362857827,,,,Traced,76,19,64,19,18234554
362862133,,,,Traced,18,10,15,6,6759508
362862355,,,,Traced,44,17,37,16,15027595
362862579,,,,Traced,50,18,46,14,12085113
362862588,,,,Traced,27,13,26,13,8922751
362862596,,,,Traced,33,17,26,10,9922854
362862693,,,,Traced,69,27,65,27,27453924
363189350,,,,Traced,25,9,25,9,4628515
363189382,,,,Traced,116,42,114,42,25106040
363189430,,,,Traced,37,13,37,13,6093144
363189523,,,,Traced,26,10,26,10,4452390
363189563,,,,Traced,34,15,32,15,8347426
363189602,,,,Traced,22,12,22,11,7333234
363189637,,,,Traced,13,3,13,3,4231245
363189684,,,,Traced,59,27,59,26,18737335
363189773,,,,Traced,68,31,65,31,15026739
363193712,,,,Traced,77,32,66,30,17803398
363193741,,,,Traced,10,6,10,6,4019391
363193989,,,,Traced,35,17,35,17,7023705
363194115,,,,Traced,15,5,15,5,2931980
363198172,,,,Traced,61,30,52,28,19194183
363198175,,,,Traced,51,17,47,16,13118350
363198363,,,,Traced,29,11,29,11,7078384
363198369,,,,Traced,39,21,31,18,13563677
363198396,,,,Traced,37,16,36,15,9772567
363198400,,,,Traced,32,15,32,15,8773661
363198403,,,,Traced,46,19,43,17,13141064
363198414,,,,Traced,18,3,18,3,3031648
363198448,,,,Traced,92,36,89,33,29029272
363202440,,,,Traced,43,22,42,19,15262246
363202527,,,,Traced,64,28,62,26,26712885
363202723,,,,Traced,50,21,46,21,16427985
363202743,,,,Traced,44,16,44,16,10779929
363202751,,,,Traced,95,42,90,38,26658839
363202803,,,,Traced,23,9,23,9,6488627
363202808,,,,Traced,38,19,37,17,9532069
363202919,,,,Traced,30,13,29,13,10127265
363202938,,,,Traced,68,31,66,31,23701177
363530422,,,,Traced,81,30,81,30,16121743
363530502,,,,Traced,6,3,6,3,1553397
363530575,,,,Traced,13,1,13,1,198771
363530584,,,,Traced,8,3,8,3,2089597
363530628,,,,Assign,3,2,3,2,86187
363530635,,,,Traced,7,4,7,4,1521536
363530639,,,,Traced,27,2,27,2,1275663
363530655,,,,Traced,21,6,21,6,2492857
363530685,,,,Traced,122,43,122,43,22809588
363530727,,,,Traced,56,15,51,15,9526907
363530757,,,,Traced,46,17,46,17,8912517
363530765,,,,Traced,103,30,101,29,22113748
363530809,,,,Traced,14,5,14,5,2390829
363530865,,,,Traced,101,40,100,36,19149181
363534849,,,,Traced,21,9,21,9,4267084
363534909,,,,Traced,39,16,39,16,11458820
363535027,,,,Traced,104,38,104,38,20197742
363535123,,,,Traced,82,25,76,25,19617618
363535187,,,,Traced,78,30,78,30,17252844
363535189,,,,Traced,18,7,18,7,4122382
363539163,,,,Traced,88,35,88,35,19035088
363539244,,,,Traced,103,34,103,34,20415610
363539302,,,,Traced,113,40,113,40,19119446
363539339,,,,Traced,83,29,83,29,14990925
363539354,,,,Traced,118,45,118,45,28817537
363539366,,,,Traced,83,36,83,36,18623193
363539453,,,,Traced,94,47,94,47,21659661
363539461,,,,Assign,1,2,1,2,19890
363539516,,,,Traced,99,34,96,32,24154490
363539577,,,,Traced,118,42,114,42,25590348
363543570,,,,Traced,14,5,14,5,2299238
363543625,,,,Traced,17,6,17,6,2417487
363543816,,,,Assign,4,2,4,2,447111
363543907,,,,Traced,49,16,43,14,12559180
363547685,,,,Traced,5,6,5,6,2725582
363547743,,,,Traced,12,3,12,3,2362979
363548141,,,,Traced,8,3,8,3,1796623
363871405,,,,Traced,22,7,22,7,3910542
363871534,,,,Traced,56,22,56,22,14499114
363871619,,,,Traced,130,44,130,44,24481037
363871673,,,,Traced,97,30,97,30,20143495
363871702,,,,Traced,13,2,13,2,2983496
363871825,,,,Traced,76,30,76,30,20935813
363875825,,,,Traced,91,33,91,33,17039182
363875871,,,,Traced,87,30,87,30,14259009
363876105,,,,Traced,128,51,128,51,26009503
363876200,,,,Traced,149,48,148,48,24074532
363876227,,,,Traced,107,41,107,41,18748032
363880261,,,,Traced,68,23,68,23,13488293
363880361,,,,Traced,122,41,122,41,20521385
363880419,,,,Traced,127,41,124,40,24465914
363880513,,,,Traced,122,58,122,58,25036410
363884576,,,,Traced,14,3,14,3,2229008
363884704,,,,Traced,65,32,65,32,16225065
363888717,,,,Traced,7,2,7,2,689519
363888790,,,,Traced,11,3,11,3,1367562
363888892,,,,Traced,71,27,71,26,17959485
363888958,,,,Traced,18,8,18,8,4122650
363889032,,,,Traced,11,2,11,2,793347
364212496,,,,Traced,10,1,10,1,168346
364212574,,,,Traced,86,28,86,28,17407279
364212664,,,,Traced,109,43,109,43,22459677
364212675,,,,Traced,32,2,32,2,663507
364212681,,,,Traced,79,35,79,35,14218278
364212751,,,,Traced,8,2,8,2,517850
364212806,,,,Traced,80,38,80,38,17147954
364212826,,,,Traced,85,33,85,33,17559703
364212839,,,,Traced,182,6,182,6,7252198
364212898,,,,Traced,38,17,38,17,8598657
364216918,,,,Traced,75,40,75,40,16968023
364217030,,,,Traced,79,34,79,34,14760178
364217037,,,,Traced,2305,83,2298,83,111324878
364217157,,,,Traced,126,46,126,46,20362604
364217236,,,,Traced,88,33,88,33,18051852
364217261,,,,Traced,94,37,94,37,18004245
364217274,,,,Traced,90,34,90,34,17617809
364217283,,,,Traced,150,65,149,62,26987379
364221476,,,,Traced,89,32,89,32,15173641
364221528,,,,Traced,77,29,77,29,11712818
364221565,,,,Traced,95,37,95,37,16782362
364221578,,,,Traced,107,40,107,40,16899217
364225824,,,,Traced,89,34,89,34,14817009
364230072,,,,Traced,5,3,5,3,1113390
364230124,,,,Traced,70,1,70,1,1572860
364230152,,,,Traced,93,30,86,29,18221127
364553544,,,,Traced,5,2,5,2,832409
364553585,,,,Traced,77,24,77,24,14401432
364553722,,,,Traced,34,14,34,14,7245011
364553723,,,,Traced,32,11,32,11,7278856
364553727,,,,Traced,15,6,15,6,3136500
364553740,,,,Traced,75,31,75,31,19121341
364557993,,,,Traced,63,23,63,23,9888982
364558101,,,,Traced,92,40,92,40,17284466
364558134,,,,Traced,88,30,88,30,13451534
364558251,,,,Traced,104,40,104,40,18841256
364562454,,,,Assign,10,1,10,1,78570
364562502,,,,Traced,95,31,95,31,15230294
364562606,,,,Traced,69,26,69,26,11057780
364566799,,,,Traced,87,34,87,34,16296135
364566832,,,,Traced,88,38,88,38,18314020
364570874,,,,Traced,8,5,8,5,3217390
364570887,,,,Traced,3,3,3,3,926494
364571144,,,,Traced,13,6,13,6,4517807
364571148,,,,Traced,8,2,8,2,1749340
364894576,,,,Traced,55,6,55,6,10682978
364894886,,,,Traced,77,33,77,33,21783577
364894887,,,,Traced,17,7,17,7,5124338
364894970,,,,Traced,209,25,200,23,27005998
364899266,,,,Traced,78,38,78,38,14822858
364899305,,,,Traced,45,13,45,13,13149900
364899392,,,,Traced,110,27,110,27,22727825
364903765,,,,Traced,87,37,87,37,19310060
364907885,,,,Traced,23,14,23,14,7572264
364908087,,,,Traced,13,6,13,6,2848339
364908098,,,,Traced,3,3,3,3,1745109
364911823,,,,Traced,28,15,28,15,8759371
364911957,,,,Traced,87,33,84,31,20946966
364911973,,,,Traced,11,3,11,3,2078878
364912017,,,,Traced,18,4,18,4,2305184
364912019,,,,Traced,81,35,75,33,20502877
364912060,,,,Traced,38,20,38,20,10455564
364912073,,,,Traced,16,10,16,10,8426296
364912074,,,,Traced,13,9,13,9,5322931
364912081,,,,Traced,19,9,19,9,4405841
364912130,,,,Traced,31,4,31,4,6996165
364912144,,,,Traced,13,9,13,9,4928587
365240050,,,,Traced,17,12,17,12,5317485
365244278,,,,Assign,10,1,10,1,84555
365244433,,,,Traced,7,5,7,5,2699157
365248580,,,,Traced,39,4,39,4,5566394
393887728,,,,Traced,79,27,63,22,23250068
393887940,,,,Traced,27,12,20,10,9260224
393887977,,,,Traced,34,12,23,9,8811204
393891936,,,,Traced,34,14,30,11,11022486
393892096,,,,Traced,30,16,25,13,10847212
393892199,,,,Traced,28,15,23,14,9690729
393892408,,,,Traced,17,13,15,9,7654862
393892668,,,,Traced,59,22,52,19,17154913
393896284,,,,Traced,34,15,30,13,8797280
394224301,,,,Traced,13,6,13,6,2622054
394224649,,,,Traced,48,17,43,14,11061277
394224837,,,,Traced,38,15,37,15,11177536
394224846,,,,Traced,78,29,70,26,18708493
394224933,,,,Traced,17,9,17,8,4275705
394225044,MBON14(a3)_L,,MBON14,Traced,5172,187,5143,185,359288547
394225136,,,,Traced,11,7,8,4,3549172
394228687,,,,Traced,90,45,89,43,22218036
394228960,,,,Traced,36,12,36,11,8481756
394229065,,,,Traced,66,43,59,41,27237099
394229089,,,,Traced,40,17,31,14,12429187
394229120,,,,Traced,247,36,244,36,43627974
394229208,,,,Orphan,72,2,70,2,1552076
394233055,,,,Traced,57,18,52,17,14475813
394237543,,,,Traced,7,2,7,2,1580163
394237668,,,,Assign,7,2,7,2,1609064
394565292,,,,Traced,11,7,11,7,3049184
394565411,,,,Traced,74,33,65,32,20265999
394565519,,,,Traced,6,2,6,2,268398
394565553,,,,Traced,71,22,59,20,17812686
394565622,,,,Traced,113,53,113,53,31273299
394565660,,,,Traced,8,5,8,5,2072391
394565682,,,,Orphan,16,1,15,1,212864
394565689,,,,Traced,42,21,38,17,16286491
394569793,,,,Traced,113,40,108,38,30083684
394569886,,,,Traced,134,54,130,53,33877208
394569917,,,,Traced,97,42,93,39,21524037
394569950,,,,Traced,10,6,10,6,2928498
394569965,,,,Traced,68,27,68,27,17496399
394569979,,,,Traced,57,23,55,23,11174201
394574530,,,,Traced,141,50,141,50,35903156
394574544,,,,Traced,72,28,66,25,15651209
394578352,,,,Traced,30,15,30,15,7556050
394578730,,,,Traced,8,3,8,3,2611765
394582572,,,,Traced,44,20,35,17,18275400
394582726,,,,Traced,3,2,3,2,514547
394582846,,,,Traced,54,20,52,19,13433621
394582867,,,,Traced,6,4,6,4,2117372
394582896,,,,Traced,41,14,36,11,14210117
394582919,,,,Traced,8,3,8,3,2027585
394582974,,,,Traced,13,4,13,4,2589000
394582981,,,,Traced,7,3,7,3,2914106
394582988,,,,Traced,77,30,66,28,20640037
394906410,,,,Traced,87,41,85,39,19937248
394906442,,,,Traced,42,3,42,3,1203324
394906444,,,,Traced,106,4,106,4,2639749
394906452,,,,Traced,8,3,8,3,2391990
394906472,,,,Traced,8,2,8,2,1656556
394906512,,,,Traced,45,17,38,16,11676588
394906586,,,,Traced,6,3,6,3,1615046
394906600,,,,Traced,97,29,97,29,23252631
394906673,,,,Traced,18,6,18,6,4093788
394906729,,,,Traced,55,33,55,33,16514710
394906737,,,,Traced,69,34,67,34,25462082
394915293,,,,Traced,110,41,110,41,16386302
394915412,,,,Traced,109,52,109,51,25659346
394919586,,,,Traced,4,6,4,6,2071770
394919729,,,,Traced,127,55,117,51,30998286
394923602,,,,Traced,171,69,171,68,49959380
394923804,,,,Traced,16,5,16,5,3357724
394923955,,,,Traced,17,8,14,8,5067268
394924083,,,,Traced,12,3,12,3,2764409
395247403,,,,Traced,87,28,82,26,17430029
395247442,,,,Traced,86,41,86,41,17530236
395247451,,,,Traced,103,32,102,32,22665514
395247616,,,,Traced,5,3,5,3,592304
395247617,,,,Traced,20,7,20,7,3179850
395247701,,,,Traced,124,53,124,52,32983079
395247731,,,,Traced,24,9,24,9,5344789
395247750,,,,Traced,54,18,52,17,13638442
395247798,,,,Traced,7,2,7,2,1320732
395247862,,,,Traced,16,5,16,5,2285504
395256435,,,,Traced,104,37,104,37,15204133
395256467,,,,Traced,72,27,72,27,13773314
395260510,,,,Assign,2,2,2,2,5720
395264643,,,,Traced,59,26,59,25,16818959
395264721,,,,Traced,5,3,5,3,1176533
395264725,,,,Traced,78,18,78,18,19113771
395264883,,,,Traced,12,4,12,4,1945322
395588463,,,,Traced,19,3,19,3,309258
395588587,,,,Traced,20,9,20,9,4386128
395588690,,,,Traced,41,18,41,18,13300226
395588709,,,,Orphan,7,2,7,2,40982
395588718,,,,Traced,4,2,4,2,269407
395588752,,,,Traced,22,1,22,1,4023518
395588834,,,,Traced,11,3,11,3,2407775
395588869,,,,Traced,86,33,80,32,21014388
395588901,,,,Traced,132,39,132,38,24497908
395592856,,,,Traced,87,28,87,28,14871733
395592938,,,,Traced,129,49,127,49,26807737
395593032,,,,Traced,57,24,57,24,10266014
395593086,,,,Traced,83,36,83,36,19079768
395593103,,,,Traced,106,38,106,38,24865456
395597495,,,,Traced,72,25,72,25,11652071
395601647,,,,Assign,1,2,1,2,36304
395601763,,,,Traced,112,42,109,40,26675469
395601879,,,,Orphan,18,1,18,1,220782
395601886,,,,Traced,92,17,92,17,9549679
395605873,,,,Traced,143,17,143,17,21745898
395605946,,,,Traced,19,10,19,10,4922457
395929522,,,,Traced,19,8,19,8,5550537
395929660,,,,Assign,12,1,12,1,125183
395929913,,,,Traced,17,3,17,3,2807157
395930073,,,,Assign,8,2,8,2,124698
395934237,,,,Traced,197,6,197,6,7045093
395938413,,,,Assign,10,1,10,1,37494
395942759,,,,Traced,39,23,39,23,14234756
395942880,,,,Traced,51,24,51,24,14241275
395942936,,,,Traced,48,28,48,28,17591009
395942961,,,,Traced,154,51,154,51,37708369
395946756,,,,Traced,41,19,41,19,13441959
395946790,,,,Traced,62,27,62,27,14181825
395946798,,,,Traced,13,6,13,6,5220926
395946825,,,,Traced,9,3,9,3,884668
395946861,,,,Traced,48,21,48,21,17896113
395946937,,,,Traced,7,7,7,7,2908922
395946958,,,,Traced,10,5,10,5,10836435
395946959,,,,Traced,6,3,6,3,1759301
395946974,,,,Traced,26,12,26,12,8943335
395947061,,,,Traced,12,4,12,4,1933120
395947148,,,,Traced,2,3,2,3,1600070
395947252,,,,Traced,9,5,9,5,4276798
396275473,,,,Traced,14,6,14,6,4550198
396279549,,,,Traced,12,8,12,8,3821964
396279611,,,,Traced,27,3,27,3,4889735
396279754,,,,Traced,26,11,26,11,5763977
396279799,,,,Traced,16,6,16,6,4164158
396283938,,,,Traced,61,39,51,30,25828566
396287955,,,,Traced,95,34,92,34,28788435
424767514,MBON11(y1pedc>a/B)_R,,MBON11,Traced,27642,1646,27,8,5265462913
424918786,PPL107(PDL05)_L,,PPL107,Traced,7622,3353,1,6,2320900064
424926789,,,,Traced,38,17,33,15,12237660
424927018,,,,Traced,41,15,24,11,10336193
424927146,,,,Traced,52,14,36,9,10254849
425263529,,,,Traced,72,31,10,4,31973230
425263865,,,,Traced,52,24,44,20,17484145
425268123,,,,Traced,87,32,76,31,23698638
425600246,,,,Traced,21,2,21,2,954711
425600928,,,,Traced,10,2,10,2,1581132
425605155,,,,Traced,51,19,49,19,11655179
425613378,,,,Traced,46,23,11,1,28810472
425617523,,,,Traced,41,14,40,14,9855283
425617734,,,,Traced,16,5,15,4,6325040
425617798,,,,Traced,8,6,4,2,3819195
425617805,,,,Traced,9,6,4,4,4069558
425941282,,,,Traced,78,29,75,29,20029031
425941322,,,,Traced,11,5,11,5,3987099
425941385,,,,Traced,10,4,10,4,1843767
425941387,,,,Traced,6,2,6,2,849330
425941482,,,,Traced,59,24,52,19,15801138
425941528,,,,Traced,46,25,38,22,12579917
425941529,,,,Traced,40,18,37,16,11696035
425941532,,,,Traced,82,23,82,23,22731919
425958816,,,,Orphan,37,9,37,9,5754533
425958879,,,,Traced,5,4,5,4,2672340
426282416,,,,Traced,18,2,18,2,670186
426282447,,,,Traced,16,12,16,12,5411835
426282670,,,,Traced,3,2,3,2,737226
426282736,,,,Traced,47,15,46,14,11216416
426286759,,,,Traced,52,17,52,17,7164371
426287162,,,,Traced,72,34,72,34,13536965
426291334,,,,Traced,83,31,83,31,16579150
426295316,,,,Assign,1,2,1,2,33739
426295685,,,,Traced,106,49,106,49,23980690
426299919,,,,Traced,98,43,98,43,19879320
426623357,,,,Traced,12,3,12,3,3012319
426623453,,,,Traced,54,27,54,27,17558316
426623525,,,,Traced,7,4,7,4,2261147
426623583,,,,Traced,7,3,7,3,1230745
426623595,,,,Traced,9,3,9,3,1479529
426623651,,,,Traced,44,23,43,22,14294499
426623736,,,,Traced,41,18,40,18,14160294
426627730,,,,Traced,205,11,205,11,16980356
426632044,,,,Traced,74,25,74,25,14497341
426632360,,,,Traced,115,46,115,46,19006720
426632417,,,,Traced,298,52,298,52,27658549
426640770,,,,Traced,148,4,148,4,6154468
426964813,,,,Traced,14,2,14,2,5169615
426964819,,,,Traced,29,11,29,11,10621499
426964887,,,,Traced,15,8,15,8,4731293
426964902,,,,Traced,6,6,6,6,5365913
426977825,,,,Orphan,14,2,14,2,1541006
426981815,,,,Traced,22,7,22,7,4444829
426982151,,,,Traced,10,5,10,5,3657394
427309796,,,,Assign,1,2,1,2,16803
455961961,,,,Traced,676,139,231,40,111338720
455962621,,,,Traced,181,75,7,1,58481452
455967474,,,,Traced,93,53,6,5,41126312
456302927,,,,Traced,43,20,7,1,25208234
456303359,,,,Traced,47,21,46,20,17135414
456311730,,,,Traced,93,54,8,2,36591698
456644298,,,,Traced,141,53,136,51,29302758
456648216,,,,Traced,371,33,344,31,35142557
456648237,,,,Traced,131,26,131,26,12581368
456648380,,,,Traced,30,15,1,1,19333097
456648435,,,,Traced,13,4,9,2,4657183
456652970,,,,Traced,15,5,13,5,5345001
456653004,,,,Traced,74,31,9,3,25765310
456985148,,,,Assign,1,2,1,2,36208
457196444,MBON18(a2sc)(PDL05)_L,,MBON18,Traced,2723,522,2274,53,848699136
457317240,,,,Assign,2,2,2,2,66703
457317330,,,,Traced,52,24,52,24,15336723
457322090,,,,Traced,63,24,63,24,9203414
457326172,,,,Traced,135,45,135,45,20448364
457334621,,,,Traced,5,2,5,2,482836
457334726,,,,Traced,196,31,196,31,16326117
457334787,,,,Traced,18,7,18,7,3294873
457334848,,,,Traced,7,4,7,4,3275893
457658277,,,,Traced,40,25,37,24,20530601
457658357,,,,Traced,41,22,40,22,13772773
457667382,,,,Traced,129,45,129,45,20325375
457671590,,,,Traced,115,41,115,41,21266734
457675630,,,,Traced,15,9,15,9,4229919
457675846,,,,Traced,41,17,41,17,8029745
457675943,,,,Traced,25,6,25,6,8763002
458012641,,,,Traced,19,9,19,9,6973526
458016625,,,,Traced,24,10,24,10,6360221
458016785,,,,Traced,35,11,35,11,10669881
458016841,,,,Traced,39,25,38,25,14709939
458016859,,,,Traced,27,10,27,10,6340791
458016904,,,,Traced,30,18,2,2,15253611
458016957,,,,Traced,97,37,9,2,45770694
458016988,,,,Traced,20,12,20,11,9772436
458017012,,,,Traced,22,10,19,10,6551811
458017024,,,,Traced,37,12,37,12,11815724
458017030,,,,Traced,17,9,17,9,9878246
486997200,,,,Traced,129,16,12,3,19402594
487006268,,,,Traced,89,10,10,2,13833013
487006336,,,,Traced,9,4,3,1,5572031
487334232,,,,Traced,44,27,4,4,28125352
487334519,,,,Traced,99,46,6,1,38143710
487342501,,,,Traced,77,35,5,3,26566442
487346341,,,,Traced,112,51,4,2,37068907
487674743,,,,Traced,40,19,6,3,25399972
487683624,,,,Assign,2,2,2,2,85831
487683639,,,,Traced,42,20,37,18,17301759
488019960,,,,Assign,1,2,1,2,19476
488361045,,,,Assign,1,2,1,2,8811
488365439,,,,Traced,73,26,73,26,13943448
488369398,,,,Traced,6,3,6,3,1912317
488369410,,,,Traced,11,1,11,1,3155177
488369500,,,,Traced,4,2,4,2,2503983
488369718,,,,Traced,11,4,11,4,2550469
488697698,,,,Assign,2,2,2,2,48985
488706519,,,,Traced,99,34,99,34,16322078
488710500,,,,Traced,20,6,20,6,5470213
488710526,,,,Traced,20,12,20,12,8076340
488710531,,,,Traced,22,2,22,2,3981563
488710557,,,,Traced,13,10,11,10,6146934
488710565,,,,Traced,42,26,42,26,14257440
488710625,,,,Traced,34,10,34,10,7121068
488710636,,,,Traced,42,14,41,12,9692976
488710642,,,,Traced,10,4,4,4,6387720
488710656,,,,Traced,30,12,30,12,8510542
488710776,,,,Traced,17,6,17,6,7211007
488710778,,,,Traced,12,6,12,4,6027010
488710790,,,,Traced,17,7,16,7,8168590
488710802,,,,Traced,16,3,14,3,4250711
489043331,,,,Traced,12,6,10,5,8601368
489051483,,,,Traced,21,9,18,9,9335866
489051530,,,,Traced,21,10,21,10,8466621
489051591,,,,Traced,8,7,3,2,5245764
489051654,,,,Traced,31,15,31,15,10146147
489051750,,,,Traced,58,25,7,5,21140412
489051772,,,,Traced,52,32,3,1,25148698
489051866,,,,Traced,71,40,6,2,32974410
489051920,,,,Assign,9,2,9,2,61041
517518166,MBON11(y1pedc>a/B)(ADM05)_L,,MBON11,Traced,1160,1378,131,51,1964048244
518035986,,,,Traced,116,52,5,2,34409566
518372762,,,,Traced,62,45,2,4,29851988
518372893,,,,Traced,78,31,11,4,30823571
518377314,,,,Traced,79,45,13,4,36149502
518381399,,,,Traced,76,43,6,4,33100048
518381401,,,,Traced,92,37,5,1,29460905
518381569,,,,Traced,67,41,1,1,34482868
518713833,,,,Assign,8,2,8,2,77562
518718352,,,,Traced,75,26,8,1,37084305
518722309,,,,Traced,34,15,3,1,8462296
519063474,,,,Traced,4,3,2,2,5376411
519063704,,,,Traced,15,6,15,6,3970755
519400316,,,,Traced,94,34,94,34,15474685
519404348,,,,Traced,10,1,10,1,2257195
519404349,,,,Traced,12,4,12,4,2540534
519404351,,,,Traced,15,3,15,3,2996246
519404357,,,,Traced,4,3,4,3,2369114
519404731,,,,Assign,12,1,12,1,115580
519737017,,,,Assign,1,3,1,3,17616
519745319,,,,Assign,1,2,1,2,42469
519745378,,,,Traced,9,8,9,8,5034044
519745379,,,,Traced,39,17,39,17,9020911
519745414,,,,Traced,8,4,8,4,4214846
519745468,,,,Traced,7,3,7,3,2179229
519745511,,,,Traced,4,5,4,5,1991757
519745542,,,,Traced,40,23,5,4,17163439
519745549,,,,Traced,6,2,6,2,1786798
519745563,,,,Traced,11,3,11,3,1963833
519745630,,,,Traced,38,27,5,3,22739680
520082378,,,,Traced,58,28,55,27,18392967
520086403,,,,Traced,124,17,24,1,16079050
520086475,,,,Traced,8,3,8,3,1008297
520086631,,,,Traced,6,5,5,1,4806147
549071475,,,,Traced,83,39,5,4,40001247
549071893,,,,Traced,50,23,2,3,20342722
549407664,,,,Traced,65,45,5,2,29922554
549416456,,,,Traced,87,47,2,1,40462014
549416536,,,,Traced,79,32,4,3,28440633
549748710,,,,Traced,74,38,10,4,31955064
549757545,,,,Traced,105,15,5,1,19576855
550089756,,,,Assign,10,1,10,1,60090
550098698,,,,Traced,93,50,11,7,37141134
550439233,,,,Traced,7,3,4,2,6212270
550439293,,,,Traced,4,2,4,2,1919724
550439598,,,,Traced,1,2,1,2,1297749
550439609,,,,Traced,1,2,1,2,1413730
550780387,,,,Traced,43,18,1,3,20401054
550780613,,,,Traced,28,20,1,2,19993844
550780642,,,,Traced,35,28,5,2,20922223
551121526,,,,Traced,35,16,10,4,17918551
580106818,,,,Traced,74,44,2,1,35518793
580106851,,,,Traced,88,42,8,3,31320840
580110259,,,,Traced,89,49,3,2,36381522
580446796,,,,Traced,85,42,2,1,32839240
580787798,,,,Traced,90,37,10,1,28165167
580787866,,,,Traced,77,36,5,1,28795212
580787883,,,,Traced,319,69,33,10,54087378
580788391,,,,Traced,107,48,8,2,34035470
580788416,,,,Traced,55,30,2,4,24034168
581124560,,,,Assign,2,2,2,2,55074
581133142,,,,Traced,15,3,15,3,3403777
581133204,,,,Traced,66,25,11,6,26288782
581133446,,,,Traced,47,28,9,6,16082411
581470217,,,,Traced,17,4,17,4,3683748
581474376,,,,Traced,53,25,5,3,23586615
581815284,,,,Traced,40,22,1,1,20637660
581815413,,,,Traced,12,6,10,4,2927321
581815473,,,,Traced,54,28,7,1,27094384
581815589,,,,Traced,75,28,3,2,24112346
611477412,,,,Traced,59,38,3,3,32231482
611827043,,,,Traced,271,42,6,1,42011879
612163819,,,,Assign,1,2,1,2,17000
612168068,,,,Traced,85,49,1,6,32254462
612505038,,,,Orphan,35,1,35,1,240006
612509328,,,,Traced,10,2,5,1,3928703
612850115,,,,Traced,47,25,3,2,18885995
612850256,,,,Traced,46,23,1,1,15921901
613191147,,,,Traced,4,4,1,2,3267501
613191236,,,,Traced,9,2,8,1,4875823
613191410,,,,Traced,34,15,1,1,18129553
642516892,PPL105(a'2a2)(PDL05)_L,,PPL105,Traced,4363,1434,438,96,1095641228
642862339,,,,Traced,61,32,3,1,25272568
643199007,,,,Traced,27,1,18,1,804460
643203302,,,,Assign,12,1,12,1,85780
643880965,,,,Traced,156,11,150,11,14060724
643885386,,,,Traced,73,38,5,4,27976972
643885450,,,,Traced,34,22,1,1,13658265
644226182,,,,Traced,48,26,3,4,21048631
644226338,,,,Traced,35,11,4,1,7409921
644226341,,,,Traced,47,19,4,1,18832030
673892838,,,,Traced,78,39,13,9,31069427
673892990,,,,Traced,93,46,3,2,33655280
673893063,,,,Traced,29,16,7,3,11042181
674229949,,,,Traced,66,40,8,8,30174102
674233706,,,,Traced,49,13,49,13,6912877
674233962,,,,Traced,88,10,88,10,6195922
674238061,,,,Traced,67,15,67,15,7922539
674238138,,,,Traced,81,6,81,6,4949713
674570468,,,,Assign,13,1,13,1,988359
674570925,,,,Traced,77,35,2,1,31633814
674574945,,,,Traced,62,4,62,4,4899900
674574953,,,,Assign,11,1,11,1,63315
674579084,,,,Traced,44,1,44,1,1492026
674579090,,,,Orphan,19,3,19,3,1641752
674579113,,,,Assign,1,2,1,2,18693
674579115,,,,Orphan,22,7,22,7,3293569
674915860,,,,Traced,42,7,42,7,3484950
674920005,,,,Traced,52,32,2,1,16899825
674920019,,,,Traced,33,18,3,3,14475357
674920118,,,,Traced,25,1,25,1,1181020
674920180,,,,Traced,41,25,2,1,16686849
675261072,,,,Traced,34,17,2,1,15154240
675261180,,,,Traced,51,7,7,1,7099439
675261386,,,,Traced,25,9,25,9,3525370
704927430,,,,Traced,95,40,10,3,33832031
704931757,,,,Traced,27,3,22,3,8251902
704932037,,,,Traced,601,161,520,129,84296659
705264340,,,,Traced,63,38,2,1,32128978
705268718,,,,Assign,11,1,11,1,103051
705273015,,,,Traced,10,3,10,3,1062399
705273086,,,,Traced,8,2,8,2,329523
705605536,,,,Traced,84,42,3,1,27957218
705613989,,,,Traced,48,10,48,10,4453710
705614034,,,,Traced,94,4,94,4,4404651
705955021,,,,Traced,30,9,30,9,3342767
706287739,,,,Traced,45,35,1,2,32124162
706288050,,,,Traced,45,29,5,5,23382946
706295942,,,,Traced,56,28,1,1,19955025
706296108,,,,Traced,18,7,11,4,6315684
706296367,,,,Traced,42,15,8,3,10747465
706633128,,,,Traced,52,36,6,5,27955134
735967048,,,,Traced,28,8,28,8,3868908
735967122,,,,Traced,13,1,12,1,865337
735967131,,,,Traced,18,5,17,4,5045766
735967312,,,,Traced,5,2,4,2,1317919
736303469,,,,Traced,68,1,53,1,11071706
736308078,,,,Traced,20,1,20,1,645737
736640236,,,,Traced,61,32,3,3,28971564
736640659,,,,Traced,92,43,4,2,32056972
736644687,,,,Traced,28,5,28,5,1791291
736644936,,,,Traced,38,7,38,7,3598806
736981590,,,,Traced,350,103,9,3,60829341
736985676,,,,Traced,122,49,40,14,18274959
736985994,,,,Traced,32,11,32,11,5960011
737326591,,,,Traced,21,9,21,9,3940021
737327001,,,,Traced,19,9,19,9,4690390
737327018,,,,Traced,11,2,11,2,2526006
737330912,,,,Traced,48,29,5,1,18025330
737330976,,,,Traced,14,5,9,3,4895547
737331009,,,,Traced,23,16,3,3,9634468
737331042,,,,Traced,36,16,6,3,11713200
737331074,,,,Traced,27,18,1,1,13980592
737331175,,,,Traced,30,21,2,4,10967599
737331189,,,,Traced,18,7,18,7,3921215
737331339,,,,Traced,14,5,14,5,3122574
767001511,,,,Traced,13,1,6,1,282456
767001601,,,,Traced,9,3,9,3,4097786
767001706,,,,Traced,37,7,37,7,4461299
767001754,,,,Traced,17,7,17,7,3163774
767001826,,,,Traced,5,4,5,4,2412787
767001828,,,,Traced,22,5,22,5,5538456
767001895,,,,Traced,28,7,28,7,5162740
767342741,,,,Traced,18,8,18,8,3837945
767342795,,,,Traced,62,14,62,14,4656749
767342885,,,,Traced,18,12,18,12,6929235
767342898,,,,Traced,16,9,16,9,3163324
767675337,,,,Traced,78,34,7,3,26700330
767679570,,,,Orphan,14,1,14,1,67389
767679802,,,,Traced,150,4,147,4,11590501
767683965,,,,Assign,10,1,10,1,50710
767684002,,,,Traced,40,2,40,2,2741519
768020608,,,,Traced,15,4,15,4,1630247
768024827,,,,Traced,13,2,13,2,1681732
768024998,,,,Traced,23,5,23,5,4727839
768025023,,,,Traced,27,8,27,8,5821898
768361910,,,,Assign,6,2,6,2,1707061
768365745,,,,Traced,36,22,1,1,14328979
768365752,,,,Traced,17,13,6,4,9821663
768366147,,,,Traced,13,9,3,1,5387518
768366154,,,,Traced,20,13,1,2,7031018
768706857,,,,Traced,45,18,2,2,9795365
798036796,,,,Traced,49,14,49,14,11041523
798036914,,,,Traced,27,1,27,1,334499
798373324,,,,Traced,78,13,78,13,7401996
798373342,,,,Traced,12,5,12,5,4115051
798373411,,,,Orphan,54,11,54,11,6477599
798377586,,,,Assign,11,1,11,1,59354
798377700,,,,Traced,18,4,18,4,2218998
798377819,,,,Traced,24,12,24,12,5410935
799059636,,,,Traced,23,12,23,12,4921024
799059785,,,,Traced,25,11,25,11,4092186
799059830,,,,Traced,18,8,18,8,5010696
799059873,,,,Traced,19,8,16,8,6518491
799059909,,,,Traced,4,2,4,2,979090
799392124,,,,Traced,67,31,2,2,28411401
799392280,,,,Traced,26,11,2,1,7717244
799392300,,,,Traced,60,32,6,2,21340204
799396725,,,,Assign,1,2,1,2,18916
799400613,,,,Traced,5,3,5,3,1062932
799401045,,,,Traced,15,6,15,6,4074409
799741691,,,,Traced,16,2,3,1,1736497
829071757,,,,Traced,233,7,232,7,12642464
829071770,,,,Traced,32,9,32,9,5119019
829412420,,,,Traced,8,2,8,2,2471491
829412483,,,,Traced,48,1,48,1,1781129
829412547,,,,Traced,14,6,14,6,3411595
829412586,,,,Traced,10,7,10,7,3413950
829412621,,,,Traced,10,6,10,6,4821562
829412704,,,,Traced,17,8,17,8,3821310
829749304,,,,Traced,85,26,9,2,29725251
829753710,,,,Assign,1,2,1,2,11977
829753751,,,,Traced,8,3,8,3,657315
830090600,,,,Traced,16,1,16,1,711191
830094546,,,,Traced,39,11,36,11,9331245
830094667,,,,Traced,13,7,13,7,4047102
830094695,,,,Traced,17,7,17,7,3145306
830094702,,,,Traced,16,7,16,7,4857780
830094708,,,,Traced,17,8,17,8,5440655
830094719,,,,Traced,19,8,19,8,4117299
830094745,,,,Traced,14,7,14,7,4012413
830094778,,,,Traced,20,8,20,7,5117660
830431337,,,,Assign,2,2,2,2,9824
830435561,,,,Traced,18,12,18,12,5072539
830435786,,,,Traced,8,5,2,1,2885023
830435874,,,,Traced,21,13,19,13,8198121
830435894,,,,Traced,11,3,6,1,2016759
830768222,,,,Traced,58,28,7,1,23404979
831113316,,,,Traced,51,28,2,1,25931501
859765425,,,,Traced,95,3,83,3,16398449
860106375,,,,Traced,9,6,9,6,3929115
860106615,,,,Traced,3,2,2,2,894404
860106669,,,,Traced,21,9,21,9,4547541
860106704,,,,Traced,12,5,12,5,3575242
860106708,,,,Traced,10,3,10,3,2275504
860106849,,,,Traced,3,2,3,2,1438413
860106903,,,,Traced,30,2,30,2,4522591
860443415,,,,Traced,10,7,10,5,7758010
860443598,,,,Traced,31,9,31,9,4971599
860447380,,,,Traced,28,10,28,10,4733932
860447648,,,,Traced,14,5,14,5,2307390
860447764,,,,Traced,4,2,4,2,188946
860784293,,,,Traced,73,6,57,5,9770547
860784540,,,,Traced,21,11,21,11,4942918
860788414,,,,Traced,15,4,14,4,4581226
860788500,,,,Traced,20,10,20,10,3240403
860788565,,,,Traced,13,1,13,1,675541
861121201,,,,Traced,87,22,20,3,11591899
861125727,,,,Traced,31,12,27,9,9201564
861129463,,,,Traced,146,7,141,6,11245222
861129471,,,,Traced,13,6,13,6,2665957
861129548,,,,Traced,12,4,12,4,2394520
861129558,,,,Traced,11,6,11,6,2364843
861129602,,,,Traced,6,4,6,4,2606620
861129618,,,,Traced,15,6,15,6,3201264
861129641,,,,Traced,12,5,12,5,2431575
861129646,,,,Traced,16,5,16,5,3365145
861129746,,,,Traced,10,5,10,5,2308134
861466691,,,,Traced,11,4,11,4,3084121
861470454,,,,Traced,6,2,6,2,1181830
861470760,,,,Traced,13,6,13,6,3500114
861470767,,,,Traced,3,3,3,3,1584736
861470821,,,,Traced,15,6,15,6,3228332
861470873,,,,Traced,23,6,23,6,2836014
861807543,,,,Traced,51,28,4,1,23419685
891141608,,,,Traced,26,12,25,12,11143638
891141757,,,,Traced,7,4,7,4,2384161
891142098,,,,Traced,24,6,22,6,6932220
891477937,,,,Traced,14,5,14,5,3646285
891478876,,,,Traced,8,4,8,4,2289504
891478882,,,,Traced,120,24,119,24,15798818
891482239,,,,Traced,8,2,8,2,1877839
891482240,,,,Traced,15,4,15,4,3228697
891482242,,,,Traced,4,4,4,4,2208548
891482262,,,,Traced,22,1,22,1,1608647
891482447,,,,Traced,19,9,19,9,4635607
891482590,,,,Traced,29,11,29,11,5432326
891823436,,,,Traced,2,2,2,2,349772
891823520,,,,Traced,7,2,7,2,1182024
891823541,,,,Traced,110,7,110,7,8138665
891823560,,,,Traced,3,2,3,2,1764257
891823592,,,,Orphan,13,1,13,1,87413
891823600,,,,Traced,5,2,5,2,313950
891823670,,,,Traced,3,3,3,3,2077877
892164398,,,,Traced,11,3,11,3,2055911
892164408,,,,Traced,9,5,9,5,3306453
892164713,,,,Traced,8,4,8,4,1431771
892501503,,,,Traced,14,2,14,2,1910634
892505539,,,,Traced,24,9,24,8,5378831
893524292,,,,Traced,42,24,3,2,27299355
922176159,,,,Traced,15,9,12,9,4679294
922176267,,,,Traced,18,8,12,7,7262657
922176331,,,,Traced,14,6,13,5,4235851
922176782,,,,Traced,5,4,5,4,3578067
922512822,,,,Traced,23,7,23,7,4429686
922517129,,,,Traced,15,7,15,7,2341272
922517150,,,,Traced,8,6,8,6,2561307
922517165,,,,Traced,6,3,6,3,1975306
922517291,,,,Traced,25,8,22,6,5096116
922517317,,,,Traced,6,4,6,4,2631869
922517344,,,,Traced,11,5,10,3,4802988
922517348,,,,Traced,18,7,15,6,5091903
922854519,,,,Traced,17,2,17,2,2861369
922858220,,,,Traced,8,6,8,6,2802250
922858302,,,,Traced,9,3,9,3,1804266
922858315,,,,Traced,27,2,27,2,3503449
922858338,,,,Traced,3,2,3,2,771012
922858498,,,,Traced,1,3,1,3,1026137
923195601,,,,Traced,11,3,11,3,2315382
923199261,,,,Traced,13,4,13,4,3491401
923199266,,,,Traced,10,4,10,4,1473779
923199292,,,,Traced,8,3,8,3,1958030
923199310,,,,Traced,5,3,5,3,2428433
923199333,,,,Traced,9,5,9,5,2466038
923199423,,,,Traced,9,3,9,3,2149984
923199539,,,,Traced,11,4,11,4,3001473
923199623,,,,Traced,15,4,15,4,2601637
923540478,,,,Traced,19,1,19,1,237800
923540547,,,,Traced,13,4,12,4,3142197
923540650,,,,Traced,8,7,8,7,2394531
953552016,,,,Traced,13,6,13,6,3320943
953552106,,,,Traced,21,6,15,4,4371242
953552152,,,,Traced,51,1,51,1,1913901
953552157,,,,Traced,13,10,10,5,4231589
953552173,,,,Traced,2,4,2,4,2060827
953552181,,,,Traced,12,6,10,6,3958468
953552191,,,,Traced,5,4,5,4,1537151
953552220,,,,Traced,4,2,4,2,1344263
953552250,,,,Traced,11,3,11,3,1419383
953893162,,,,Traced,8,4,8,4,2634798
953893315,,,,Traced,1,4,1,4,1661220
953893469,,,,Traced,3,3,3,3,2565022
954234193,,,,Traced,2,3,2,3,2085350
954234214,,,,Traced,5,2,5,2,22798
954234226,,,,Traced,7,4,7,4,1388914
954234374,,,,Traced,10,6,9,5,3668325
954234394,,,,Traced,14,4,14,4,2295927
954234475,,,,Traced,4,2,4,2,440289
984586953,,,,Traced,24,8,20,8,5476284
984587100,,,,Traced,6,6,3,5,4101907
984587221,,,,Traced,7,2,6,2,2048209
984587307,,,,Traced,9,3,2,1,3248092
984587330,,,,Traced,12,6,6,3,4165810
984928177,,,,Traced,6,2,6,2,1684347
984928274,,,,Traced,4,4,4,4,2073874
984928351,,,,Traced,32,4,32,4,3810762
984928378,,,,Traced,9,3,9,2,2302117
984928439,,,,Traced,8,3,7,3,2231723
985269334,,,,Traced,39,4,32,3,5446129
985269543,,,,Traced,29,2,29,2,3089830
985610195,,,,Traced,8,2,4,2,3598914
985610218,,,,Traced,12,5,8,3,3141974
1015622008,,,,Traced,10,3,6,2,2217226
1015622018,,,,Traced,7,5,3,1,2956165
1015622126,,,,Traced,5,2,5,2,2479339
1015622307,,,,Traced,4,2,4,2,2037536
1015622397,,,,Traced,15,4,7,2,2710614
1015622418,,,,Traced,809,407,3,2,235779801
1015622632,,,,Traced,3,6,3,6,2483269
1015622736,,,,Traced,6,6,3,3,2280986
1015622750,,,,Traced,10,7,5,4,3386206
1015963426,,,,Traced,23,3,22,2,3033217
1015963562,,,,Traced,8,5,6,5,3170011
1016304403,,,,Traced,11,3,11,3,2861791
1016644983,,,,Traced,2,2,2,2,605886
1016645217,,,,Traced,5,4,2,2,2249790
1016645275,,,,Traced,6,3,4,1,2175189
1016645301,,,,Assign,11,1,7,1,2143868
1016645321,,,,Traced,4,2,4,2,1505084
1046657021,,,,Traced,15,4,6,2,3432664
1046657030,,,,Traced,15,8,9,5,4727346
1046657344,,,,Traced,7,2,3,1,1654234
1046657629,,,,Traced,5,3,3,1,1408718
1046997993,,,,Traced,3,2,3,2,650981
1046998486,,,,Traced,12,4,3,2,1582799
1047679965,,,,Traced,4,2,4,2,1017615
1047680490,,,,Traced,4,2,1,1,1500211
1173866149,,,,Traced,400,200,5,3,142748783
5812979928,,,,Traced,125,36,125,36,22416834
5812979930,,,,Traced,107,41,107,41,18910890
5812979932,,,,Traced,456,88,456,88,61746692
5812979963,,,,Traced,376,23,351,20,35420944
5812979964,,,,Traced,105,26,105,26,19197126
5812979965,,,,Traced,136,44,136,44,32423103
5812979966,,,,Traced,15,5,15,5,4550489
5812979967,,,,Traced,142,36,141,36,31075149
5812979968,,,,Traced,108,27,108,27,21509220
5812979969,,,,Traced,81,24,81,24,17866605
5812980205,,,,Traced,41,16,41,15,14853845
5812980235,,,,Traced,150,28,150,28,15119668
5812980240,,,,Traced,103,32,103,32,16370447
5812980405,,,,Traced,20,7,19,7,6478569
5812980429,,,,Traced,67,27,66,25,21761923
5812980451,,,,Traced,85,30,85,30,17483186
5812980452,,,,Traced,701,109,701,109,75821309
5812981081,,,,Traced,544,84,24,5,93139223
5812981576,,,,Traced,68,45,3,1,36891464
5812981584,,,,Traced,111,53,6,4,39883237
5812981585,,,,Traced,75,38,6,1,39740742
5812981810,,,,Traced,245,47,1,1,106451023
5812981832,,,,Traced,66,36,5,2,28774162
5812981833,,,,Traced,65,38,4,4,30416057
5813010622,,,,Traced,133,38,133,38,27961852
5813019513,PPL105(a'2a2)_R,,PPL105,Traced,7639,1726,565,115,2064191600
5813019607,PPL106(a3)(PDL05)_L,,PPL106,Traced,6476,1564,2070,464,1814973075
5813019976,PPL104(a'3)(PDL05)_L,,PPL104,Traced,2138,770,3,1,869209965
5813032815,,,,Traced,107,39,3,3,34518245
5813046995,,,,Traced,79,27,75,26,17456637
5813055717,,,,Traced,105,26,105,26,13916324
5813055795,,,,Traced,18,8,18,8,3531176
5813056349,,,,Traced,36,17,4,1,16227147
5813060526,,,,Traced,92,34,92,34,15723664
5813061512,MBON06(B1>a)_R,,MBON06,Traced,12107,496,289,106,2038784377
5813063417,,,,Traced,56,21,53,19,13122943
5813067721,MBON14(a3)_L,,MBON14,Traced,2180,21,2174,21,122772402
5813075803,,,,Traced,161,41,161,41,24145843
5813077234,,,,Assign,4,2,4,2,116689
5813077360,,,,Assign,1,2,1,2,28889
5813077372,,,,Assign,1,2,1,2,71104
5813077591,,,,Traced,64,35,12,4,31865849
5813082984,,,,Traced,63,22,57,20,12087355
5901197860,,,,Traced,44,20,44,20,10191077
5901199769,,,,Traced,56,18,47,15,15795518