id,instance,notes,type,status,inputs (#post),outputs (#pre),LAL(R) #post,LAL(R) #pre,FB #post,FB #pre,#voxels
295116205,SA1_a_R,SlpA,SA1_a,Traced,644,107,1,1,9,2,267661950
295474441,SA3_bilateral_R,SlpA,SA3,Traced,436,106,1,,35,20,261798729
295474876,SA1_b_R,SlpA,SA1_b,Traced,442,94,1,,10,6,181687369
296497316,SAF(FB9)_R,SlpAF,SAF,Traced,657,131,2,,371,107,378275835
296851261,FB8G_R,SMPSIPFB8_2,FB8G,Traced,1243,330,1,,813,284,667890226
298944444,FB6U_R,SMPCREFB6_2,FB6U,Traced,2676,537,1,1,1789,438,1019062305
329566174,OA-VPM3(NO2/NO3)_R,,OA-VPM3,Traced,10075,8632,59,47,3576,2111,6917059458
387364605,EPG(PB08)_L3,EPG,EPG,Traced,4350,645,157,85,26,1,1469716322
388246273,SAF(FB9)_R,SlpAF,SAF,Traced,319,64,2,,90,32,255147243
419060083,PFGs(PB10)_L2_C2,PFGs; Tdc2-PB1/2 candidates,PFGs,Traced,2395,556,67,10,2128,512,1107227318
452401246,FB2G_b_R,SIPLALFB2,FB2G_b,Traced,1107,417,131,1,549,413,1079654628
478427368,PFNv(PB05)_L5_C4,PFNv,PFNv,Traced,985,297,8,4,81,110,549640572
481112669,PFL2(PB12b)_R1_C4,PB1-4FB1245LAL,PFL2,Traced,2852,418,45,175,2348,14,1542373100
481121605,PFL1(PB12a)_L2_C3,PFLC,PFL1,Traced,1916,329,77,283,1092,9,1365074914
513784136,FB1G_R,SMPSIPFB1d3,FB1G,Traced,4306,1843,404,1,1581,1726,2928723833
541127846,ExR5(ring)_L,,ExR5,Traced,2793,1056,70,47,498,466,1838016114
541870397,EPG(PB08)_L6,EPG,EPG,Traced,3916,498,144,75,20,2,1262283600
548907426,FB4X_R,CRESIPFB45,FB4X,Traced,4862,1240,14,,2850,1235,2158696775
578936675,FB5G_R,SMPSIPFB56,FB5G,Traced,1866,460,3,,672,394,829209941
579268807,FB1C(NO1/NO3)_R,LALNOmFB1,FB1C,Traced,3282,1356,512,54,1101,873,1823088730
601557317,PFNv(PB05)_L6_C5,PFNv,PFNv,Traced,560,216,3,2,53,80,358469624
604242162,PFNv(PB05)_L2_C1,PFNv,PFNv,Traced,1137,327,10,1,122,131,602925629
607933758,FB5Q_R,SMPCREFB5d,FB5Q,Traced,2289,499,11,1,689,420,972638780
614081151,FB5A_R,LALCREFB5,FB5A,Traced,5503,1054,1290,1,3168,1020,2383963952
634608015,PFR_a(PB11a)_L2_C2,PFR_a,PFR_a,Traced,1817,502,6,7,1705,453,533161528
634962055,EPG(PB08)_L4,EPG,EPG,Traced,3515,530,124,72,34,2,1313237477
635234035,PFL2(PB12b)_R3_C3,PB1-4FB1245LAL,PFL2,Traced,2968,326,56,145,2229,13,1102000302
640665331,FB5Q_R,SMPCREFB5d,FB5Q,Traced,1749,471,21,,557,394,808231401
642715622,FB2C_R,SMPCREFB2_1,FB2C,Traced,1675,305,39,1,652,295,756531675
664943511,PFGs(PB10)_R1_C1_irreg,PFGs; Tdc2-PB1/2 candidates,PFGs,Traced,2414,444,50,9,2152,410,1060006550
665314820,EPG(PB08)_L4,EPG,EPG,Traced,3576,546,132,66,11,2,1249529709
666308023,PFL3(PB12c)_R1_C2_irreg,PB1-7FB1245LAL,PFL3,Traced,2985,423,104,413,2569,10,1206186971
666312288,PFR_b(PB11b)_L1_C2,PFR_b,PFR_b,Traced,2657,345,2,1,2275,126,873271854
666994301,PFL3(PB12c)_R2_C1_irreg,PB1-7FB1245LAL,PFL3,Traced,2935,482,96,452,2511,4,1314789530
673746277,FB4N_R,SMPCREFB4,FB4N,Traced,6909,727,78,2,3841,715,1954346392
677182018,FB2B_b_R,LALCREFB2_1; Tdc2 (TA)-ASM candidates,FB2B_b,Traced,1760,554,301,2,1377,551,1202233671
696362840,EPG(PB08)_L5,EPG,EPG,Traced,3491,536,145,75,21,2,1290354899
696682163,EL(EQ5)_L,EBGAs,EL,Traced,4835,1100,179,39,25,4,1281064545
697001770,EPG(PB08)_L2,EPG,EPG,Traced,4160,494,138,61,31,2,1220895242
699031185,SIFa(PDM34),,SIFa,Traced,1080,777,4,,39,38,5702733325
705118017,FB5X_R,SMPCREFB5_8,FB5X,Traced,1847,437,76,,810,429,824616750
705463539,FB5F_R,SMPCREFB5_2,FB5F,Traced,1966,494,25,1,582,430,893326621
707539688,FB5A_R,LALCREFB5,FB5A,Traced,5980,1099,1472,3,3420,1085,2445429216
726352774,PFGs(PB10)_L4_C4,PFGs; Tdc2-PB1/2 candidates,PFGs,Traced,2343,553,52,9,2161,534,1097656982
727350004,EL(EQ5)_L,EBGAs,EL,Traced,4545,943,175,34,39,10,1178553443
727376283,PFR_a(PB11a)_L4_C4,PFR_a,PFR_a,Traced,1578,447,5,13,1422,378,550647258
734801540,FB2D_R,LALCREFB2_2,FB2D,Traced,3505,606,267,4,3027,588,1132954060
760094565,PFL2(PB12b)_L1_C5,PB1-4FB1245LAL,PFL2,Traced,2507,428,74,224,2012,6,1535167929
766864238,FB2C_R,SMPCREFB2_1,FB2C,Traced,1895,218,314,3,657,212,507464057
767473384,OA-VPM4,,OA-VPM4,Traced,2705,2681,19,27,1,3,2704741582
768932330,FB5X_R,SMPCREFB5_8,FB5X,Traced,1679,431,90,,842,428,769827872
787762461,ExR2(PPM3-EB-DAN/ring)_L,,ExR2,Traced,1972,1113,180,123,,2,1165397767
788427061,FR1(FQ4)_C4_L,,FR1,Traced,1788,260,2,1,1268,4,549366898
788461444,PFGs(PB10)_L6_C6,PFGs; Tdc2-PB1/2 candidates,PFGs,Traced,2567,391,22,5,2382,374,992956241
789121913,PFR_a(PB11a)_L4_C4,PFR_a,PFR_a,Traced,1476,438,3,7,1326,389,500493356
789126240,EPG(PB08)_L5,,EPG,Traced,3024,479,140,67,8,1,1177122514
789130596,PFL3(PB12c)_L4_C6,PB1-7FB1245LAL,PFL3,Traced,2851,454,122,419,2124,5,1194392560
819828986,EPG(PB08)_L5,EPG,EPG,Traced,3264,513,156,89,2,2,1242575632
820144012,EL(EQ5)_L,EBGAs,EL,Traced,4718,975,184,54,34,3,1326450645
828934059,FB5T_R,CRESMPFB5_6,FB5T,Traced,1116,166,80,,242,159,526185946
832016427,FB4F_a_R,CRELALFB4_2,FB4F_a,Traced,1757,377,24,1,895,372,805737583
850194651,PFL2(PB12b)_L4_C8,PB1-4FB1245LAL,PFL2,Traced,2910,381,51,176,1711,4,1049700272
850855138,PFL3(PB12c)_L3_C5,PB1-7FB1245LAL,PFL3,Traced,2495,440,93,433,1758,6,1238365051
851493896,PFL3(PB12c)_L1_C3,PB1-7FB1245LAL,PFL3,Traced,3272,336,99,331,2887,3,981759380
858604252,FB2C_R,SMPCREFB2_1,FB2C,Traced,1526,268,46,,671,261,537542259
858937324,FB4D_R,CRESMPFB4_2,FB4D,Traced,1784,335,1,1,1069,299,650269006
859174595,AVLP444_R,,AVLP444,Traced,1210,681,1,,1,1,1377146385
859618655,FB4D_R,CRESMPFB4_2,FB4D,Traced,1648,336,1,,1102,308,692407236
859977121,FB4Q_a_R,CRESMPFB4_5,FB4Q_a,Traced,1811,619,18,,1060,617,985860348
860305498,FB6N_R,CRESMPFB6_1,FB6N,Traced,2372,599,39,2,1804,583,1360706288
862036858,FB4P_b_R,CRESMPFB4_4,FB4P_b,Traced,2133,770,67,3,857,711,1334560758
864073833,FB5V_R,CRELALFB5,FB5V,Traced,1389,217,803,11,127,197,679341918
880538997,PFNd(PB04)_L6_C5,,PFNd,Traced,963,203,1,,199,128,387127398
880875840,PFL2(PB12b)_L5_C9,PB1-4FB1245LAL,PFL2,Traced,2712,398,81,186,1748,10,1069803729
880875861,PEG(PB07)_L5,PEG,PEG,Traced,1246,237,149,101,3,1,708615708
880875927,PFL3(PB12c)_L5_C7,PB1-7FB1245LAL,PFL3,Traced,2110,307,71,304,1609,1,707899812
881889906,FC3(FQ8)_C4_L,FB2356CRE; Tdc2-PB1/2 candidates,FC3,Traced,522,155,1,,514,155,304910800
881898734,PEG(PB07)_L6,PEG,PEG,Traced,1094,236,179,108,16,1,720534350
882200934,PFR_a(PB11a)_R1_C1_irreg,,PFR_a,Traced,1797,550,1,2,1667,491,575096041
882239837,PFL2(PB12b)_L3_C7,PB1-4FB1245LAL,PFL2,Traced,3466,366,62,155,2694,14,1151779323
882533209,PFL1(PB12a)_R1_C2_irreg,PFLC,PFL1,Traced,1547,341,56,296,970,7,1432354774
885253534,FC2C(FQ7)_C4_L,FB1d367CRE,FC2C,Traced,1209,131,8,6,1165,87,346770605
885262118,FC2C(FQ7)_C6_L,FB1d367CRE,FC2C,Traced,1065,147,1,,1025,101,228163513
890671753,FB5D_R,CRESMPFB5_1,FB5D,Traced,3018,613,40,3,1802,461,1019105034
893741163,FB4P_a_R,CRESMPFB4_4,FB4P_a,Traced,2736,597,71,4,1775,522,1011252039
911565319,PFL1(PB12a)_L5_C6,PFLC,PFL1,Traced,1636,297,55,259,946,6,1118569527
911569552,PFL3(PB12c)_L5_C7,PB1-7FB1245LAL,PFL3,Traced,2113,338,81,328,1722,8,860588162
911578483,PFL1(PB12a)_L6_C7,PFLC,PFL1,Traced,1306,282,50,254,824,2,1241067076
911897964,PFNv(PB05)_L4_C3,PFNv,PFNv,Traced,824,190,2,1,92,62,382389771
912596952,EL(EQ5)_L,EBGAs,EL,Traced,4195,919,190,48,36,9,1264795351
912894991,PFNv(PB05)_L3_C2,PFNv,PFNv,Traced,1524,325,14,5,115,146,631785776
912925080,PFL3(PB12c)_L3_C5,PB1-7FB1245LAL,PFL3,Traced,2624,442,112,435,1871,6,1310859231
915605802,FC2C(FQ7)_C4_L,FB1d367CRE,FC2C,Traced,1153,137,4,,1108,97,325199908
915605943,FB6P_R,SMPCREFB6_1,FB6P,Traced,1994,241,8,,1432,227,593506244
915623395,FC2B(FQ7)_C5_L,FB1d356CRE,FC2B,Traced,1419,154,7,7,1375,109,255657566
915946994,FC2C(FQ7)_C3_L,FB1d367CRE,FC2C,Traced,1413,145,1,,1375,108,318754979
915960293,FB6V_R,SMPCREFB6_3,FB6V,Traced,2761,558,1,,1767,431,1066156982
916284630,PFL2(PB12b)_R2_C4,PB1-4FB1245LAL,PFL2,Traced,2791,419,50,207,2118,10,1366489368
916628962,FB1I_R,SMPSIPFB1d7,FB1I,Traced,1812,394,1,1,1732,391,1060563413
917647959,ExR1(ring)_L,,ExR1,Traced,10018,1583,535,40,695,90,3151242119
918334668,ExR1(ring)_L,,ExR1,Traced,9714,1379,403,31,649,90,2637843316
919763043,ExR3(ring)_L,5-HTPMPD candidates,ExR3,Traced,7694,4294,13,7,3695,1698,4148353890
922069357,FB5W_R,SMPCREFB5_7,FB5W,Traced,966,256,6,,502,238,741165063
923787513,FB4K_L,CRESMPFB4_3,FB4K,Traced,1756,470,16,,1096,463,1395825196
923809011,FB4K_R,CRESMPFB4_3,FB4K,Traced,1752,403,2,,1023,402,1255531817
926490072,FB5V_R,CRELALFB5,FB5V,Traced,1779,303,387,17,455,226,726427285
941939879,PFL3(PB12c)_L6_C8,PB1-7FB1245LAL,PFL3,Traced,2359,485,106,477,1872,6,1137135613
942587380,PEG(PB07)_L4,PEG,PEG,Traced,1528,253,163,108,6,1,737594409
943955813,PFR_b(PB11b)_L3_C3,PFR_b,PFR_b,Traced,1910,324,17,4,1382,167,666717755
944262351,PFL3(PB12c)_L1_C3,PB1-7FB1245LAL,PFL3,Traced,2736,332,110,329,2389,3,948535579
948333783,PFL2(PB12b)_R3_C3,PB1-4FB1245LAL,PFL2,Traced,3219,320,60,155,2584,16,1090467478
948709216,ExR1(ring)_R,,ExR1,Traced,10008,1519,795,40,612,82,3591373150
949710555,ExR1(ring)_R,,ExR1,Traced,10306,1447,707,42,841,83,3339909507
953414780,FB4H_R,CRELALFB4_4,FB4H,Traced,4189,875,397,28,1926,759,2648335537
973954598,PFR_a(PB11a)_L3_C3,PFR_a,PFR_a,Traced,1987,576,8,7,1857,530,608509959
974300015,PEG(PB07)_L3,PEG,PEG,Traced,1396,268,158,116,7,1,785035775
974645472,PFR_a(PB11a)_L3_C3,PFR_a,PFR_a,Traced,1829,589,11,3,1675,541,523810983
977339122,FB5L_R,CRESMPFB5_4,FB5L,Traced,2779,749,43,4,1930,692,1724906752
977339225,FC2B(FQ7)_C4_L,FB1d356CRE,FC2B,Traced,2397,231,8,2,2347,170,487044433
977352235,FC2B(FQ7)_C6_L,FB1d356CRE,FC2B,Traced,1555,168,5,3,1511,123,371012802
977710985,AOTU046(PDM21)_L,,AOTU046,Traced,1349,602,4,8,105,29,1622607507
978051730,AOTU046(PDM21)_L,,AOTU046,Traced,1404,620,7,3,2,2,1632341703
978336888,AOTU046_R,,AOTU046,Traced,1958,713,9,8,115,27,1774175847
978673646,FB6M_R,WEDLALFB6,FB6M,Traced,1171,353,147,67,355,116,1224788672
978681977,FC2C(FQ7)_C3_L,FB1d367CRE,FC2C,Traced,1463,145,9,1,1363,108,342530480
978733459,ExR5(ring)_L,,ExR5,Traced,2994,1148,52,41,654,551,1935836510
979752365,PFL2(PB12b)_L3_C7,PB1-4FB1245LAL,PFL2,Traced,2750,307,45,145,2071,8,1104413493
982684196,CL341_R,pIP9 candidates,CL341,Traced,1769,34,3,,14,1,1775606795
987877232,FB4K_L,CRESMPFB4_3,FB4K,Traced,2078,415,19,,1052,414,1341902381
988567837,FB4G_R,CRELALFB4_3,FB4G,Traced,3861,785,363,33,2161,592,1567841591
988909130,FB5V_R,CRELALFB5,FB5V,Traced,1745,269,514,11,360,226,714290599
989228019,FB5V_R,CRELALFB5,FB5V,Traced,2006,322,522,17,505,260,747593114
1003672766,PFL1(PB12a)_L7_C9,PFLC,PFL1,Traced,1149,312,61,275,746,4,964632002
1004014587,PEG(PB07)_L7,PEG,PEG,Traced,935,211,202,90,5,2,413950685
1004017998,EPG(PB08)_L7,EPG,EPG,Traced,3073,414,132,74,12,2,965411401
1004700437,PFL3(PB12c)_L7_C9,PB1-7FB1245LAL,PFL3,Traced,2588,513,107,504,2170,6,1092150568
1005308608,EL(EQ5)_L,EBGAs,EL,Traced,4381,729,171,47,25,3,1157310567
1005710800,ExR7(ring)_L,,ExR7,Traced,2301,841,86,171,9,13,1439854944
1008024276,FB5N_R,SMPCREFB5_4,FB5N,Traced,2011,499,18,,1028,470,1211500058
1008041969,PFR_a(PB11a)_L5_C5,PFR_a,PFR_a,Traced,1345,416,2,8,1222,369,513227795
1008378448,FB4Y(EB/NO1)_R,EBCREFB45,FB4Y,Traced,6301,1791,579,3,2988,1406,2716937442
1008391068,FC2B(FQ7)_C6_L,FB1d356CRE,FC2B,Traced,2174,219,2,4,2135,167,459251728
1009371535,FC2B(FQ7)_C3_L,FB1d356CRE,FC2B,Traced,2082,169,2,,2051,130,396807579
1009375310,FB7H_R,SMPFB7,FB7H,Traced,2114,431,1,,1973,429,842366522
1010437434,FC2C(FQ7)_C7_L,FB1d367CRE,FC2C,Traced,1015,118,2,3,980,83,245307806
1019607245,FB4E_R,CRELALFB4_1,FB4E,Traced,1071,193,220,1,585,191,416373122
1020280792,FB5V_R,CRELALFB5,FB5V,Traced,1086,180,357,3,135,166,574733412
1035045015,EPG(PB08)_L7,EPG,EPG,Traced,4196,549,121,80,23,2,1027118663
1035393986,FC2C(FQ7)_C7_L,FB1d367CRE,FC2C,Traced,947,107,7,4,905,80,255205366
1036637638,ExR3(ring)_R,5-HTPMPD candidates,ExR3,Traced,10576,4817,1440,157,3598,1723,5331729469
1036753721,EL(EQ5)_L,EBGAs,EL,Traced,4431,918,183,58,72,10,1219998811
1039400642,FB5O_R,SMPCREFB5_5,FB5O,Traced,2381,579,14,,1383,537,1013416074
1040393594,PFGs(PB10)_L3_C3,PFGs; Tdc2-PB1/2 candidates,PFGs,Traced,3123,690,21,2,2933,681,1117514933
1041071176,FC2B(FQ7)_C2_L,FB1d356CRE,FC2B,Traced,2141,185,7,1,2093,141,468252374
1043825714,ExR5(ring)_R,,ExR5,Traced,3240,1086,68,50,695,463,2079662476
1050266721,FB5V_R,CRELALFB5,FB5V,Traced,1134,170,339,2,172,159,548801057
1050935614,FB5V_R,CRELALFB5,FB5V,Traced,1460,268,185,14,421,185,670369042
1051280385,FB4E_R,CRELALFB4_1,FB4E,Traced,947,159,186,,475,158,413942451
1051980223,FB4F_a_R,CRELALFB4_2,FB4F_a,Traced,1815,401,484,8,833,384,724270517
1065409934,PEG(PB07)_L8,PEG,PEG,Traced,923,220,129,85,9,2,434380151
1066088381,EL(EQ5)_L,EBGAs,EL,Traced,4269,850,203,48,106,17,1067970589
1070422316,FC2B(FQ7)_C3_L,FB1d356CRE,FC2B,Traced,2754,237,1,,2696,186,484992823
1070426862,FB5M_R,CRESMPFB5_5,FB5M,Traced,1834,422,12,,1045,420,1114656242
1071760480,FC2C(FQ7)_C2_L,FB1d367CRE,FC2C,Traced,2074,173,8,5,2012,133,444453797
1072503172,PFR_a(PB11a)_L6_C6,PFR_a,PFR_a,Traced,1566,422,4,6,1430,364,523432208
1072507501,FC2A(FQ7)_C6_L,FB1-5CRE,FC2A,Traced,1975,240,1,2,1918,197,424866741
1072844208,PFR_a(PB11a)_L6_C7,PFR_a,PFR_a,Traced,1497,389,9,5,1374,347,490071744
1075499064,FB3C_R,LALSMPFB3,FB3C,Traced,715,242,87,,584,242,502952890
1075827302,FB2D_R,LALCREFB2_2,FB2D,Traced,3206,575,267,8,2714,552,1027285919
1076185604,FC2C(FQ7)_C9_L,FB1d367CRE,FC2C,Traced,959,138,3,3,912,96,284621817
1100801188,FB4D_R,CRESMPFB4_2,FB4D,Traced,1610,379,11,,1009,340,678707599
1101133698,FB4B(NO2)_L,NO2LALFB4,FB4B,Traced,3594,915,1,,2816,836,1317034611
1101474458,FB4P_a_R,CRESMPFB4_4,FB4P_a,Traced,2805,519,105,4,1831,458,1040180176
1104155212,FC2C(FQ7)_C1_L,FB1d367CRE,FC2C,Traced,1549,146,2,2,1502,99,373204911
1106857669,FB4B(NO2)_R,NO2LALFB4,FB4B,Traced,4239,862,507,8,2599,777,2142474039
1109599486,FB4J_R,CRELALFB4_5,FB4J,Traced,1881,314,148,2,1017,299,736167505
1113371822,FB5V_R,CRELALFB5,FB5V,Traced,1158,174,566,6,87,161,584193382
1128088594,PEG(PB07)_L1,PEG,PEG,Traced,1029,191,156,86,6,1,586585085
1128434325,PFR_a(PB11a)_L2_C2,PFR_a,PFR_a,Traced,1828,556,11,4,1701,511,579257577
1131822592,FB4I_R,LALCREFB4,FB4I,Traced,1868,335,713,16,748,312,1015553194
1131827390,FB4M(PPM3-FB3/4-NO-DAN)_R,CRENO2FB4_2,FB4M,Traced,4431,2614,452,16,2054,2395,2860197903
1131831822,FB3A_R,,FB3A,Traced,2774,451,782,2,1217,352,1522866333
1131831990,FB4E_R,CRELALFB4_1,FB4E,Traced,1067,205,251,1,616,203,422723904
1131840673,FB4R_R,CREFB4,FB4R,Traced,1345,426,33,2,369,332,853725137
1132168616,FB4Q_b_R,CRESMPFB4_5,FB4Q_b,Traced,1871,547,34,,1130,539,859433322
1132168736,FC2A(FQ7)_C4_L,FB1-5CRE,FC2A,Traced,2212,244,1,2,2170,216,461477159
1132526832,FB4F_b_R,CRELALFB4_2,FB4F_b,Traced,1715,297,318,8,833,284,697617700
1133890586,PFGs(PB10)_L5_C5,PFGs; Tdc2-PB1/2 candidates,PFGs,Traced,2149,393,16,2,1903,364,1020071695
1134849078,FC2B(FQ7)_C1_L,FB1d356CRE,FC2B,Traced,2299,170,14,2,2241,124,438632336
1136273393,PFGs(PB10)_L7_C7,PFGs; Tdc2-PB1/2 candidates,PFGs,Traced,2394,381,17,2,2163,359,592330392
1136865339,ExR2(PPM3-EB-DAN/ring)_L,,ExR2,Traced,1873,1129,168,120,1,1,1198248632
1162529693,FB3A_R,,FB3A,Traced,2547,449,643,3,1223,354,1488371650
1162862710,FB4F_a_R,CRELALFB4_2,FB4F_a,Traced,1641,352,322,4,859,338,701323334
1162866390,FB3A_L,,FB3A,Traced,1682,474,1,,1192,375,748100151
1162871168,FB4A_R,CRESMPFB4_1,FB4A,Traced,901,102,5,,660,102,270952785
1163898298,FB5V_R,CRELALFB5,FB5V,Traced,1695,274,300,13,525,199,661211274
1164545788,FC2B(FQ7)_C2_L,FB1d356CRE,FC2B,Traced,2870,246,4,2,2808,184,505184719
1164882751,FC2A(FQ7)_C3_L,FB1-5CRE,FC2A,Traced,2339,259,2,2,2290,225,446648494
1166674437,FC2C(FQ7)_C9_L,FB1d367CRE,FC2C,Traced,847,134,7,2,796,100,175162270
1167282562,PFL2(PB12b)_R4_C2,PB1-4FB1245LAL,PFL2,Traced,3100,376,44,203,2093,6,1481422725
1168283924,FB2G_b_R,SIPLALFB2,FB2G_b,Traced,1412,460,176,1,592,457,1191477333
1168340507,EL(EQ5)_L,EBGAs,EL,Traced,4541,813,164,52,45,3,1175399808
1168603800,FB4Q_b_R,CRESMPFB4_5,FB4Q_b,Traced,1694,468,69,,1082,466,702668915
1168664447,EPGt(PB09)_L9,EPGt,EPGt,Traced,610,167,49,8,28,5,390899085
1168664495,EPG(PB08)_L8,EPG,EPG,Traced,3858,468,131,81,20,2,1000269781
1189891402,PFGs(PB10)_L8_C8,PFGs; Tdc2-PB1/2 candidates,PFGs,Traced,1643,285,22,4,1418,241,588763195
1193560469,FB3C_R,LALSMPFB3,FB3C,Traced,761,249,82,1,563,247,546908679
1194246820,FB2D_R,LALCREFB2_2,FB2D,Traced,3232,590,179,9,2863,568,1089666921
1195606601,PFR_a(PB11a)_L5_C5,PFR_a,PFR_a,Traced,1159,385,4,9,991,332,454288161
1195999722,FC2B(FQ7)_C8_L,FB1d356CRE,FC2B,Traced,1827,190,5,1,1784,143,253119785
1198330286,ExR2(PPM3-EB-DAN/ring)_R,,ExR2,Traced,2590,1152,804,144,1,1,1472264855
1200027441,PFGs(PB10)_L9_C9,PFGs; Tdc2-PB1/2 candidates,PFGs,Traced,1455,259,14,5,1335,244,495589091
1200053009,PFL2(PB12b)_R5_C1,PB1-4FB1245LAL,PFL2,Traced,3032,399,73,209,2113,5,1532312771
1220800405,FB6M_R,WEDLALFB6,FB6M,Traced,1347,402,91,52,761,259,1362256529
1223640877,PFNv(PB05)_L6_C5,PFNv,PFNv,Traced,480,166,5,2,23,59,323395635
1224590555,FB3C_R,LALSMPFB3,FB3C,Traced,720,182,90,1,475,179,588548829
1224591253,FB3E_R,SMPLALFB3,FB3E,Traced,1034,262,53,,594,238,669798009
1224591262,FB2K_R,LALSMPFB2,FB2K,Traced,1169,137,512,,568,137,341742024
1224595273,FB2A(PPM3-FB2-NO-DAN)_R,NOaLALFB2,FB2A,Traced,2359,1059,248,,1328,964,1211327177
1224595673,FB2B_b_R,LALCREFB2_1; Tdc2 (TA)-ASM candidates,FB2B_b,Traced,1766,573,219,,1439,571,1072620872
1224941044,FB2A(PPM3-FB2-NO-DAN)_R,NOaLALFB2,FB2A,Traced,2613,1170,202,4,1508,1105,1272001412
1225290240,FB4A_R,CRESMPFB4_1,FB4A,Traced,810,107,2,,579,107,285458779
1225290633,FB4C(NO2)_R,CRENO2FB4_1,FB4C,Traced,6802,976,117,12,2532,605,2367341468
1225640135,FB4L(PPM3-FB3/4-DAN)_R,LALSIPFB4,FB4L,Traced,1738,612,247,15,916,552,1746881001
1225946873,FC1E(FQ6)_C4_L,FB2CRE,FC1E,Traced,447,113,1,,424,84,289699257
1226296238,FB4E_R,CRELALFB4_1,FB4E,Traced,1065,143,68,,538,141,417030117
1255297788,FB2B_a_R,LALCREFB2_1; Tdc2 (TA)-ASM candidates,FB2B_a,Traced,2256,831,126,,1850,822,1011197699
1257629175,FC2B(FQ7)_C1_L,FB1d356CRE,FC2B,Traced,2516,217,8,5,2452,162,468639703
1258686925,PFL3(PB12c)_L2_C4,PB1-7FB1245LAL,PFL3,Traced,2916,481,126,468,2285,12,1251526591
1259097611,PFR_a(PB11a)_L8_C8,PFR_a,PFR_a,Traced,1283,446,2,7,1155,378,342984622
1259386264,ExR7(ring)_R,,ExR7,Traced,2526,785,92,177,7,3,1412316280
1259718093,ExR8(ring)_R,,ExR8,Traced,1863,475,41,90,2,1,1170924542
1287360108,FB2K_R,LALSMPFB2,FB2K,Traced,1166,173,523,2,563,171,381361054
1289359184,FB4M(PPM3-FB3/4-NO-DAN)_R,CRENO2FB4_2,FB4M,Traced,4578,2519,565,14,2100,2315,2446970593
1291142212,FC2B(FQ7)_C8_L,FB1d356CRE,FC2B,Traced,1195,159,8,4,1146,112,193070600
1292423935,PFL1(PB12a)_L3_C4,PFLC,PFL1,Traced,1166,283,60,254,478,2,1202334420
1381484065,PFL2(PB12b)_L2_C6,PB1-4FB1245LAL,PFL2,Traced,2912,435,78,234,2226,8,1437029317
1382195959,FC1B(FQ6)_C7_L,FB2CRE,FC1B,Traced,716,148,2,,705,143,224759500
1414366899,PVLP093(PDL09)_L,,PVLP093,Traced,892,1279,4,,,1,1479212211
1417573898,FB3D_R,LALCREFB3,FB3D,Traced,1085,173,258,,679,171,394371140
1418618235,SIFa(PDM34),,SIFa,Traced,1592,935,3,2,131,64,6190229391
1570111396,FC2B(FQ7)_C9_L,FB1d356CRE,FC2B,Traced,1118,147,4,4,1070,103,291314908
1600079770,PFNv(PB05)_L9_C9,PFNv,PFNv,Traced,864,336,3,3,106,150,532651939
5812980666,FB5K_R,CREFB5,FB5K,Traced,4136,627,12,3,2308,450,1601760267
5812983538,FB4E_R,CRELALFB4_1,FB4E,Traced,1010,149,138,,456,149,393742441
5812983846,FB4P_b_R,CRESMPFB4_4,FB4P_b,Traced,1494,734,16,2,790,633,1050718993
5812983883,FB4F_a_R,CRELALFB4_2,FB4F_a,Traced,1949,422,214,2,1110,416,933273354
5813011125,FB2L_R,SMPCREFB2_2,FB2L,Traced,1696,355,1,,654,292,930434949
5813012006,EPG(PB08)_L7,EPG,EPG,Traced,3883,539,142,82,11,2,1075949177
5813014505,PFNv(PB05)_L7_C7,PFNv,PFNv,Traced,1009,326,10,4,89,128,508396228
5813021247,FB5E_R,CRESMPFB5_2,FB5E,Traced,2692,621,51,1,1592,560,990333243
5813027016,FB4Y(EB/NO1)_R,EBCREFB45,FB4Y,Traced,6508,1720,421,1,3007,1327,2846693400
5813041180,FB4L(PPM3-FB3/4-DAN)_R,LALSIPFB4,FB4L,Traced,1595,546,426,31,772,482,1501021625
5813041365,PFL1(PB12a)_L4_C5,PFLC,PFL1,Traced,1254,313,47,275,416,5,1163111797
5813044670,PFNv(PB05)_L8_C7,PFNv,PFNv,Traced,853,335,8,3,88,129,481368357
5813045216,FB3C_R,LALSMPFB3,FB3C,Traced,795,235,108,2,566,230,515092302
5813047763,FB5AB_R,SIPCREFB5d,FB5AB,Traced,6973,1035,24,,2118,987,2699423831
5813055913,FB1C(NO1/NO3)_R,LALNOmFB1,FB1C,Traced,2965,1290,537,22,1051,891,1798572771
5813055999,FC2A(FQ7)_C2_L,FB1-5CRE,FC2A,Traced,2801,271,2,1,2756,236,513982696
5813057464,FC2B(FQ7)_C7_L,FB1d356CRE,FC2B,Traced,1934,189,7,4,1884,144,362028533
5813057579,AVLP538_R,,AVLP538,Traced,19336,7502,75,33,,1,8806682576
5813057963,FB3B(EB)_R,EBCREFB3,FB3B,Traced,838,222,111,5,198,122,521205033
5813058333,FB2K_R,LALSMPFB2,FB2K,Traced,1322,158,394,,681,158,358424567
5813060726,ExR5(ring)_R,,ExR5,Traced,2822,985,11,7,622,485,1931391198
5813060787,FB2B_a_R,LALCREFB2_1; Tdc2 (TA)-ASM candidates,FB2B_a,Traced,2265,794,147,1,1798,783,1042477121
5813061260,OA-VPM3(NO2/NO3)_L,,OA-VPM3,Traced,5122,4069,1,7,3071,1745,3486100136
5813062805,PFR_a(PB11a)_L7_C7,PFR_a,PFR_a,Traced,1191,380,5,5,1040,310,333743157
5813062858,FB1H(NO2/3)_R,CRENO23FB1-4,FB1H,Traced,9598,3733,165,21,3717,2821,3621432113
5813065004,FB4F_a_R,CRELALFB4_2,FB4F_a,Traced,1740,390,275,2,898,382,952024963
5813071320,AOTU046_R,,AOTU046,Traced,2410,743,11,3,191,40,1770276774
5813075748,FB4P_b_R,CRESMPFB4_4,FB4P_b,Traced,1946,665,61,,1002,651,1194734460
5813079193,FB4P_b_R,CRESMPFB4_4,FB4P_b,Traced,2052,712,27,,887,632,1072415389
5813081864,FC2B(FQ7)_C9_L,FB1d356CRE,FC2B,Traced,1632,181,3,2,1579,127,238566314
5813087837,FB4A_R,CRESMPFB4_1,FB4A,Traced,1033,129,4,,649,129,364187718
5813088420,VES038_R,,VES038,Traced,361,256,2,2,,2,496057603
5813103626,FC2C(FQ7)_C8_L,FB1d367CRE,FC2C,Traced,1096,144,4,4,1054,102,217353516
5813129271,FC2C(FQ7)_C8_L,FB1d367CRE,FC2C,Traced,738,148,1,1,693,102,184248820